ISO-10303-21;
HEADER;
FILE_DESCRIPTION (( 'STEP AP203' ),
    '1' );
FILE_NAME ('Bottom.STEP',
    '2026-01-04T21:31:27',
    ( '' ),
    ( '' ),
    'SwSTEP 2.0',
    'SolidWorks 2024',
    '' );
FILE_SCHEMA (( 'CONFIG_CONTROL_DESIGN' ));
ENDSEC;

DATA;
#1 = AXIS2_PLACEMENT_3D ( 'NONE', #370, #1785, #820 ) ;
#2 = EDGE_CURVE ( 'NONE', #1391, #383, #127, .T. ) ;
#3 = FACE_OUTER_BOUND ( 'NONE', #979, .T. ) ;
#4 = DIRECTION ( 'NONE',  ( 1.000000000000000000, 0.000000000000000000, 0.000000000000000000 ) ) ;
#5 = AXIS2_PLACEMENT_3D ( 'NONE', #1003, #862, #583 ) ;
#6 = ORIENTED_EDGE ( 'NONE', *, *, #660, .T. ) ;
#7 = CARTESIAN_POINT ( 'NONE',  ( -52.92893218813451739, 6.500000000000000888, -44.92893218813451739 ) ) ;
#8 = ORIENTED_EDGE ( 'NONE', *, *, #276, .T. ) ;
#9 = DIRECTION ( 'NONE',  ( 0.000000000000000000, 1.000000000000000000, 0.000000000000000000 ) ) ;
#10 = AXIS2_PLACEMENT_3D ( 'NONE', #881, #1016, #1131 ) ;
#11 = DIRECTION ( 'NONE',  ( 0.000000000000000000, 0.000000000000000000, 1.000000000000000000 ) ) ;
#12 = DIRECTION ( 'NONE',  ( 0.000000000000000000, 0.000000000000000000, 1.000000000000000000 ) ) ;
#13 = EDGE_LOOP ( 'NONE', ( #1161, #1320, #87, #591, #151, #1010, #1585, #532 ) ) ;
#14 = DIRECTION ( 'NONE',  ( 0.000000000000000000, 0.000000000000000000, -1.000000000000000000 ) ) ;
#15 = VERTEX_POINT ( 'NONE', #1727 ) ;
#16 = LINE ( 'NONE', #260, #1506 ) ;
#17 = VECTOR ( 'NONE', #1000, 1000.000000000000000 ) ;
#18 = MECHANICAL_CONTEXT ( 'NONE', #1287, 'mechanical' ) ;
#19 = CARTESIAN_POINT ( 'NONE',  ( 45.00000000000000000, 0.000000000000000000, -45.00000000000000711 ) ) ;
#20 = CARTESIAN_POINT ( 'NONE',  ( -45.00000000000000000, 3.200000000000000178, -47.85000000000000142 ) ) ;
#21 = ORIENTED_EDGE ( 'NONE', *, *, #411, .T. ) ;
#22 = ADVANCED_FACE ( 'NONE', ( #882 ), #1712, .F. ) ;
#23 = DIRECTION ( 'NONE',  ( -1.544415494864521354E-16, 0.000000000000000000, -1.000000000000000000 ) ) ;
#24 = EDGE_CURVE ( 'NONE', #1048, #813, #682, .T. ) ;
#25 = ORIENTED_EDGE ( 'NONE', *, *, #1102, .T. ) ;
#26 = LINE ( 'NONE', #573, #681 ) ;
#27 = DIRECTION ( 'NONE',  ( -0.000000000000000000, -1.000000000000000000, -0.000000000000000000 ) ) ;
#28 = DIRECTION ( 'NONE',  ( 0.000000000000000000, -1.000000000000000000, 0.000000000000000000 ) ) ;
#29 = CYLINDRICAL_SURFACE ( 'NONE', #97, 3.750000000000010214 ) ;
#30 = ORIENTED_EDGE ( 'NONE', *, *, #1549, .T. ) ;
#31 = AXIS2_PLACEMENT_3D ( 'NONE', #1327, #82, #1466 ) ;
#32 = EDGE_LOOP ( 'NONE', ( #760, #265 ) ) ;
#33 = CARTESIAN_POINT ( 'NONE',  ( 54.92893218813452449, 2.500000000000000000, -44.92893218813453871 ) ) ;
#34 = ADVANCED_FACE ( 'NONE', ( #475 ), #165, .F. ) ;
#35 = PERSON_AND_ORGANIZATION_ROLE ( 'creator' ) ;
#36 = FACE_OUTER_BOUND ( 'NONE', #933, .T. ) ;
#37 = DIRECTION ( 'NONE',  ( 0.000000000000000000, 0.000000000000000000, 1.000000000000000000 ) ) ;
#38 = APPROVAL ( #1275, 'UNSPECIFIED' ) ;
#39 = VECTOR ( 'NONE', #325, 1000.000000000000000 ) ;
#40 = ORIENTED_EDGE ( 'NONE', *, *, #1766, .T. ) ;
#41 = CIRCLE ( 'NONE', #1056, 1.700000000000000178 ) ;
#42 = ORIENTED_EDGE ( 'NONE', *, *, #224, .F. ) ;
#43 = CARTESIAN_POINT ( 'NONE',  ( 44.92893218813452449, 5.000000000000000000, -49.92893218813453871 ) ) ;
#44 = COORDINATED_UNIVERSAL_TIME_OFFSET ( 1, 0, .AHEAD. ) ;
#45 = VERTEX_POINT ( 'NONE', #1007 ) ;
#46 = ADVANCED_FACE ( 'NONE', ( #335 ), #201, .T. ) ;
#47 = DIRECTION ( 'NONE',  ( 0.000000000000000000, 1.000000000000000000, 0.000000000000000000 ) ) ;
#48 = CYLINDRICAL_SURFACE ( 'NONE', #326, 1.700000000000000178 ) ;
#49 = CIRCLE ( 'NONE', #362, 3.750000000000010214 ) ;
#50 = ORIENTED_EDGE ( 'NONE', *, *, #531, .F. ) ;
#51 = ORIENTED_EDGE ( 'NONE', *, *, #1424, .T. ) ;
#52 = FACE_OUTER_BOUND ( 'NONE', #865, .T. ) ;
#53 = ORIENTED_EDGE ( 'NONE', *, *, #1670, .F. ) ;
#54 = ADVANCED_FACE ( 'NONE', ( #1066 ), #897, .T. ) ;
#55 = CARTESIAN_POINT ( 'NONE',  ( -44.92893218813450318, 0.000000000000000000, 44.92893218813450318 ) ) ;
#56 = DIRECTION ( 'NONE',  ( -1.000000000000000000, 0.000000000000000000, 0.000000000000000000 ) ) ;
#57 = CIRCLE ( 'NONE', #462, 2.849999999999998312 ) ;
#58 = ORIENTED_EDGE ( 'NONE', *, *, #1026, .T. ) ;
#59 = VERTEX_POINT ( 'NONE', #360 ) ;
#60 = DIRECTION ( 'NONE',  ( 0.000000000000000000, 1.000000000000000000, 0.000000000000000000 ) ) ;
#61 = PERSON_AND_ORGANIZATION ( #1780, #1203 ) ;
#62 = EDGE_LOOP ( 'NONE', ( #729, #1724, #968, #959 ) ) ;
#63 = DIRECTION ( 'NONE',  ( 0.000000000000000000, -1.000000000000000000, 0.000000000000000000 ) ) ;
#64 = DIRECTION ( 'NONE',  ( 0.000000000000000000, 0.000000000000000000, -1.000000000000000000 ) ) ;
#65 = ORIENTED_EDGE ( 'NONE', *, *, #1606, .T. ) ;
#66 = EDGE_CURVE ( 'NONE', #383, #1755, #1604, .T. ) ;
#67 = ORIENTED_EDGE ( 'NONE', *, *, #932, .F. ) ;
#68 = FACE_OUTER_BOUND ( 'NONE', #79, .T. ) ;
#69 = AXIS2_PLACEMENT_3D ( 'NONE', #245, #1210, #627 ) ;
#70 = AXIS2_PLACEMENT_3D ( 'NONE', #520, #1744, #1754 ) ;
#71 = ORIENTED_EDGE ( 'NONE', *, *, #1371, .F. ) ;
#72 = DIRECTION ( 'NONE',  ( -0.000000000000000000, -1.000000000000000000, -0.000000000000000000 ) ) ;
#73 = DIRECTION ( 'NONE',  ( -1.000000000000000000, 0.000000000000000000, 0.000000000000000000 ) ) ;
#74 = CARTESIAN_POINT ( 'NONE',  ( 44.92893218813451739, 5.000000000000000000, -44.92893218813453160 ) ) ;
#75 = CIRCLE ( 'NONE', #1262, 2.849999999999998312 ) ;
#76 = EDGE_CURVE ( 'NONE', #648, #1050, #1639, .T. ) ;
#77 = VERTEX_POINT ( 'NONE', #382 ) ;
#78 = CARTESIAN_POINT ( 'NONE',  ( -45.00000000000000000, 6.500000000000000888, 46.69999999999998863 ) ) ;
#79 = EDGE_LOOP ( 'NONE', ( #1508, #1641, #724, #723 ) ) ;
#80 = AXIS2_PLACEMENT_3D ( 'NONE', #651, #1309, #64 ) ;
#81 = PLANE ( 'NONE',  #133 ) ;
#82 = DIRECTION ( 'NONE',  ( 0.000000000000000000, 0.000000000000000000, 1.000000000000000000 ) ) ;
#83 = DIRECTION ( 'NONE',  ( 0.000000000000000000, 0.000000000000000000, -1.000000000000000000 ) ) ;
#84 = VECTOR ( 'NONE', #1793, 1000.000000000000000 ) ;
#85 = ORIENTED_EDGE ( 'NONE', *, *, #494, .F. ) ;
#86 = CARTESIAN_POINT ( 'NONE',  ( -44.92893218813451028, 2.500000000000000000, -44.92893218813451739 ) ) ;
#87 = ORIENTED_EDGE ( 'NONE', *, *, #1778, .F. ) ;
#88 = CIRCLE ( 'NONE', #1136, 1.700000000000000178 ) ;
#89 = EDGE_CURVE ( 'NONE', #1253, #1280, #853, .T. ) ;
#90 = DIRECTION ( 'NONE',  ( 3.088830989729041722E-16, -0.000000000000000000, 1.000000000000000000 ) ) ;
#91 = CARTESIAN_POINT ( 'NONE',  ( 44.92893218813456713, 0.000000000000000000, 49.92893218813448897 ) ) ;
#92 = EDGE_CURVE ( 'NONE', #672, #1278, #1002, .T. ) ;
#93 = LINE ( 'NONE', #642, #1160 ) ;
#94 = DIRECTION ( 'NONE',  ( -0.000000000000000000, -1.000000000000000000, -0.000000000000000000 ) ) ;
#95 = ORIENTED_EDGE ( 'NONE', *, *, #932, .T. ) ;
#96 = CARTESIAN_POINT ( 'NONE',  ( 45.00000000000000000, 6.500000000000000888, -45.00000000000000711 ) ) ;
#97 = AXIS2_PLACEMENT_3D ( 'NONE', #464, #188, #1140 ) ;
#98 = ORIENTED_EDGE ( 'NONE', *, *, #319, .F. ) ;
#99 = PLANE ( 'NONE',  #1060 ) ;
#100 = DIRECTION ( 'NONE',  ( 0.000000000000000000, 0.000000000000000000, 1.000000000000000000 ) ) ;
#101 = ADVANCED_FACE ( 'NONE', ( #938 ), #618, .T. ) ;
#102 = DIRECTION ( 'NONE',  ( 0.000000000000000000, 1.000000000000000000, 0.000000000000000000 ) ) ;
#103 = DIRECTION ( 'NONE',  ( 1.000000000000000000, 0.000000000000000000, -7.722077474322605539E-17 ) ) ;
#104 = EDGE_LOOP ( 'NONE', ( #25, #1539, #1312, #487 ) ) ;
#105 = CARTESIAN_POINT ( 'NONE',  ( 54.92893218813455292, 6.500000000000000888, 44.92893218813450318 ) ) ;
#106 = ORIENTED_EDGE ( 'NONE', *, *, #544, .T. ) ;
#107 = CARTESIAN_POINT ( 'NONE',  ( 44.92893218813456713, 5.000000000000000000, 44.92893218813450318 ) ) ;
#108 = CARTESIAN_POINT ( 'NONE',  ( 45.00000000000000000, 6.500000000000000888, -48.75000000000001421 ) ) ;
#109 = EDGE_CURVE ( 'NONE', #1152, #1177, #302, .T. ) ;
#110 = DIRECTION ( 'NONE',  ( 0.000000000000000000, -1.000000000000000000, 0.000000000000000000 ) ) ;
#111 = DIRECTION ( 'NONE',  ( -0.000000000000000000, -1.000000000000000000, -0.000000000000000000 ) ) ;
#112 = ADVANCED_FACE ( 'NONE', ( #1736, #1765 ), #1458, .T. ) ;
#113 = ORIENTED_EDGE ( 'NONE', *, *, #609, .T. ) ;
#114 = DIRECTION ( 'NONE',  ( 0.000000000000000000, 0.000000000000000000, -1.000000000000000000 ) ) ;
#115 = VERTEX_POINT ( 'NONE', #371 ) ;
#116 = ADVANCED_FACE ( 'NONE', ( #1344 ), #916, .F. ) ;
#117 = CARTESIAN_POINT ( 'NONE',  ( 49.92893218813455292, 0.000000000000000000, 44.92893218813447476 ) ) ;
#118 = PLANE ( 'NONE',  #736 ) ;
#119 = CARTESIAN_POINT ( 'NONE',  ( 44.92893218813456713, 2.500000000000000444, 52.92893218813449607 ) ) ;
#120 = CARTESIAN_POINT ( 'NONE',  ( -45.00000000000000000, 6.500000000000000888, -44.99999999999999289 ) ) ;
#121 = ORIENTED_EDGE ( 'NONE', *, *, #185, .F. ) ;
#122 = CARTESIAN_POINT ( 'NONE',  ( -45.00000000000000000, 6.500000000000000888, 44.99999999999999289 ) ) ;
#123 = ORIENTED_EDGE ( 'NONE', *, *, #24, .F. ) ;
#124 = FACE_OUTER_BOUND ( 'NONE', #104, .T. ) ;
#125 = CIRCLE ( 'NONE', #1285, 3.750000000000010214 ) ;
#126 = LINE ( 'NONE', #685, #1627 ) ;
#127 = CIRCLE ( 'NONE', #533, 4.999999999999997335 ) ;
#128 = CYLINDRICAL_SURFACE ( 'NONE', #1439, 9.999999999999987566 ) ;
#129 = ORIENTED_EDGE ( 'NONE', *, *, #1632, .F. ) ;
#130 = CARTESIAN_POINT ( 'NONE',  ( -54.92893218813453160, 2.500000000000000000, -44.92893218813451739 ) ) ;
#131 = EDGE_CURVE ( 'NONE', #295, #1759, #803, .T. ) ;
#132 = VERTEX_POINT ( 'NONE', #1184 ) ;
#133 = AXIS2_PLACEMENT_3D ( 'NONE', #757, #1418, #473 ) ;
#134 = CARTESIAN_POINT ( 'NONE',  ( -52.92893218813450318, 2.500000000000000000, 44.92893218813450318 ) ) ;
#135 = CARTESIAN_POINT ( 'NONE',  ( 45.00000000000000711, 3.200000000000000178, 44.99999999999999289 ) ) ;
#136 = AXIS2_PLACEMENT_3D ( 'NONE', #1489, #806, #1090 ) ;
#137 = CIRCLE ( 'NONE', #284, 3.750000000000010214 ) ;
#138 = EDGE_LOOP ( 'NONE', ( #970, #247, #461, #1333 ) ) ;
#139 = DIRECTION ( 'NONE',  ( 1.000000000000000000, 0.000000000000000000, 1.387778780781446464E-15 ) ) ;
#140 = ORIENTED_EDGE ( 'NONE', *, *, #1127, .F. ) ;
#141 = VECTOR ( 'NONE', #527, 1000.000000000000000 ) ;
#142 = DIRECTION ( 'NONE',  ( 0.000000000000000000, -0.000000000000000000, 1.000000000000000000 ) ) ;
#143 = CIRCLE ( 'NONE', #484, 10.00000000000001599 ) ;
#144 = EDGE_CURVE ( 'NONE', #1019, #779, #209, .T. ) ;
#145 = DIRECTION ( 'NONE',  ( 0.000000000000000000, 0.000000000000000000, 1.000000000000000000 ) ) ;
#146 = FACE_OUTER_BOUND ( 'NONE', #620, .T. ) ;
#147 = ADVANCED_FACE ( 'NONE', ( #493 ), #1040, .F. ) ;
#148 = CC_DESIGN_DATE_AND_TIME_ASSIGNMENT ( #1593, #590, ( #355 ) ) ;
#149 = VERTEX_POINT ( 'NONE', #237 ) ;
#150 = CARTESIAN_POINT ( 'NONE',  ( 44.92893218813451739, 0.000000000000000000, -44.92893218813453160 ) ) ;
#151 = ORIENTED_EDGE ( 'NONE', *, *, #1665, .F. ) ;
#152 = DIRECTION ( 'NONE',  ( -0.000000000000000000, -1.000000000000000000, -0.000000000000000000 ) ) ;
#153 = DIRECTION ( 'NONE',  ( 0.000000000000000000, 0.000000000000000000, 1.000000000000000000 ) ) ;
#154 = EDGE_CURVE ( 'NONE', #708, #875, #1616, .T. ) ;
#155 = DIRECTION ( 'NONE',  ( 0.000000000000000000, 0.000000000000000000, -1.000000000000000000 ) ) ;
#156 = DIRECTION ( 'NONE',  ( 0.000000000000000000, 1.000000000000000000, 0.000000000000000000 ) ) ;
#157 = ORIENTED_EDGE ( 'NONE', *, *, #171, .F. ) ;
#158 = DIRECTION ( 'NONE',  ( -0.000000000000000000, -1.000000000000000000, -0.000000000000000000 ) ) ;
#159 = EDGE_LOOP ( 'NONE', ( #1420, #240, #555, #328 ) ) ;
#160 = LINE ( 'NONE', #1357, #1602 ) ;
#161 = DIRECTION ( 'NONE',  ( 0.000000000000000000, 0.000000000000000000, -1.000000000000000000 ) ) ;
#162 = AXIS2_PLACEMENT_3D ( 'NONE', #1334, #1365, #1223 ) ;
#163 = CARTESIAN_POINT ( 'NONE',  ( 45.00000000000000711, 6.500000000000000888, 44.99999999999999289 ) ) ;
#164 = CARTESIAN_POINT ( 'NONE',  ( 49.92893218813452449, 5.000000000000000000, -44.92893218813453871 ) ) ;
#165 = PLANE ( 'NONE',  #1692 ) ;
#166 = AXIS2_PLACEMENT_3D ( 'NONE', #1158, #1167, #1005 ) ;
#167 = EDGE_CURVE ( 'NONE', #1222, #1398, #634, .T. ) ;
#168 = ORIENTED_EDGE ( 'NONE', *, *, #945, .F. ) ;
#169 = DIRECTION ( 'NONE',  ( -7.722077474322601841E-17, 0.000000000000000000, -1.000000000000000000 ) ) ;
#170 = DATE_AND_TIME ( #1036, #686 ) ;
#171 = EDGE_CURVE ( 'NONE', #412, #1290, #1705, .T. ) ;
#172 = CYLINDRICAL_SURFACE ( 'NONE', #844, 3.750000000000010214 ) ;
#173 = DIRECTION ( 'NONE',  ( 0.000000000000000000, 0.000000000000000000, -1.000000000000000000 ) ) ;
#174 = VERTEX_POINT ( 'NONE', #1088 ) ;
#175 = ORIENTED_EDGE ( 'NONE', *, *, #440, .T. ) ;
#176 = CARTESIAN_POINT ( 'NONE',  ( 54.92893218813452449, 6.500000000000000888, -44.92893218813453871 ) ) ;
#177 = VERTEX_POINT ( 'NONE', #292 ) ;
#178 = FACE_OUTER_BOUND ( 'NONE', #1451, .T. ) ;
#179 = CARTESIAN_POINT ( 'NONE',  ( -44.92893218813450318, 0.000000000000000000, -49.92893218813453871 ) ) ;
#180 = AXIS2_PLACEMENT_3D ( 'NONE', #164, #199, #56 ) ;
#181 = CARTESIAN_POINT ( 'NONE',  ( 49.92893218813452449, 5.000000000000000000, -44.92893218813453871 ) ) ;
#182 = CIRCLE ( 'NONE', #585, 1.700000000000000178 ) ;
#183 = EDGE_LOOP ( 'NONE', ( #375, #1611 ) ) ;
#184 = CARTESIAN_POINT ( 'NONE',  ( -45.00000000000000000, 3.200000000000000178, -45.00000000000000711 ) ) ;
#185 = EDGE_CURVE ( 'NONE', #842, #1212, #137, .T. ) ;
#186 = EDGE_LOOP ( 'NONE', ( #311, #1520, #610, #578 ) ) ;
#187 = DIRECTION ( 'NONE',  ( -0.000000000000000000, -1.000000000000000000, -0.000000000000000000 ) ) ;
#188 = DIRECTION ( 'NONE',  ( -0.000000000000000000, -1.000000000000000000, -0.000000000000000000 ) ) ;
#189 = AXIS2_PLACEMENT_3D ( 'NONE', #1695, #1294, #1569 ) ;
#190 = EDGE_LOOP ( 'NONE', ( #883, #638 ) ) ;
#191 = EDGE_CURVE ( 'NONE', #868, #893, #429, .T. ) ;
#192 = VERTEX_POINT ( 'NONE', #687 ) ;
#193 = CARTESIAN_POINT ( 'NONE',  ( 45.00000000000000711, 3.200000000000000178, 47.84999999999998721 ) ) ;
#194 = CIRCLE ( 'NONE', #1438, 2.849999999999998312 ) ;
#195 = AXIS2_PLACEMENT_3D ( 'NONE', #537, #262, #1226 ) ;
#196 = DATE_AND_TIME ( #1042, #332 ) ;
#197 = ORIENTED_EDGE ( 'NONE', *, *, #396, .F. ) ;
#198 = CARTESIAN_POINT ( 'NONE',  ( 44.92893218813451739, 2.500000000000000000, -44.92893218813453160 ) ) ;
#199 = DIRECTION ( 'NONE',  ( -3.088830989729041722E-16, 0.000000000000000000, -1.000000000000000000 ) ) ;
#200 = CIRCLE ( 'NONE', #1536, 2.849999999999998312 ) ;
#201 = CYLINDRICAL_SURFACE ( 'NONE', #1147, 4.999999999999997335 ) ;
#202 = ORIENTED_EDGE ( 'NONE', *, *, #1371, .T. ) ;
#203 = CARTESIAN_POINT ( 'NONE',  ( 45.00000000000000000, 3.200000000000000178, -47.85000000000000142 ) ) ;
#204 = APPROVAL_DATE_TIME ( #170, #1625 ) ;
#205 = ORIENTED_EDGE ( 'NONE', *, *, #994, .F. ) ;
#206 = FACE_OUTER_BOUND ( 'NONE', #1501, .T. ) ;
#207 = CARTESIAN_POINT ( 'NONE',  ( 45.00000000000000711, 2.500000000000000000, 41.24999999999997868 ) ) ;
#208 = ADVANCED_FACE ( 'NONE', ( #1105, #272 ), #821, .T. ) ;
#209 = LINE ( 'NONE', #216, #598 ) ;
#210 = EDGE_LOOP ( 'NONE', ( #1362, #50, #846, #1272 ) ) ;
#211 = DIRECTION ( 'NONE',  ( -0.000000000000000000, -1.000000000000000000, -0.000000000000000000 ) ) ;
#212 = ORIENTED_EDGE ( 'NONE', *, *, #361, .F. ) ;
#213 = DIRECTION ( 'NONE',  ( 0.000000000000000000, 1.000000000000000000, 0.000000000000000000 ) ) ;
#214 = CARTESIAN_POINT ( 'NONE',  ( -45.00000000000000000, 2.500000000000000000, -41.24999999999997868 ) ) ;
#215 = LOCAL_TIME ( 22, 31, 27.00000000000000000, #1541 ) ;
#216 = CARTESIAN_POINT ( 'NONE',  ( -44.92893218813451028, 2.500000000000000000, -54.92893218813453871 ) ) ;
#217 = CIRCLE ( 'NONE', #1063, 3.750000000000010214 ) ;
#218 = ORIENTED_EDGE ( 'NONE', *, *, #1775, .T. ) ;
#219 = CARTESIAN_POINT ( 'NONE',  ( -45.00000000000000000, 0.000000000000000000, -45.00000000000000711 ) ) ;
#220 = ADVANCED_FACE ( 'NONE', ( #390 ), #958, .F. ) ;
#221 = EDGE_LOOP ( 'NONE', ( #458, #1441, #106, #1121 ) ) ;
#222 = AXIS2_PLACEMENT_3D ( 'NONE', #735, #1579, #888 ) ;
#223 = DIRECTION ( 'NONE',  ( 0.000000000000000000, 0.000000000000000000, -1.000000000000000000 ) ) ;
#224 = EDGE_CURVE ( 'NONE', #623, #1630, #1072, .T. ) ;
#225 = DIRECTION ( 'NONE',  ( 0.000000000000000000, -1.000000000000000000, 0.000000000000000000 ) ) ;
#226 = CARTESIAN_POINT ( 'NONE',  ( -49.92893218813450318, 0.000000000000000000, 44.92893218813450318 ) ) ;
#227 = DIRECTION ( 'NONE',  ( -1.000000000000000000, 0.000000000000000000, 0.000000000000000000 ) ) ;
#228 = CIRCLE ( 'NONE', #602, 2.849999999999998312 ) ;
#229 = EDGE_LOOP ( 'NONE', ( #1196, #58, #394, #1033 ) ) ;
#230 = DIRECTION ( 'NONE',  ( -0.000000000000000000, -1.000000000000000000, -0.000000000000000000 ) ) ;
#231 = EDGE_CURVE ( 'NONE', #365, #1227, #948, .T. ) ;
#232 = ORIENTED_EDGE ( 'NONE', *, *, #835, .T. ) ;
#233 = VECTOR ( 'NONE', #1130, 1000.000000000000000 ) ;
#234 = CARTESIAN_POINT ( 'NONE',  ( 52.92893218813453160, 6.500000000000000888, -44.92893218813454581 ) ) ;
#235 = CARTESIAN_POINT ( 'NONE',  ( -45.00000000000000000, 6.500000000000000888, 43.29999999999999005 ) ) ;
#236 = DIRECTION ( 'NONE',  ( -0.000000000000000000, -1.000000000000000000, -0.000000000000000000 ) ) ;
#237 = CARTESIAN_POINT ( 'NONE',  ( -45.00000000000000000, 3.200000000000000178, 46.69999999999998863 ) ) ;
#238 = ORIENTED_EDGE ( 'NONE', *, *, #1784, .F. ) ;
#239 = CARTESIAN_POINT ( 'NONE',  ( 45.00000000000000711, 3.200000000000000178, 42.14999999999999147 ) ) ;
#240 = ORIENTED_EDGE ( 'NONE', *, *, #131, .F. ) ;
#241 = ADVANCED_FACE ( 'NONE', ( #705, #407 ), #676, .F. ) ;
#242 = CARTESIAN_POINT ( 'NONE',  ( 45.00000000000000711, 3.200000000000000178, 44.99999999999999289 ) ) ;
#243 = DIRECTION ( 'NONE',  ( 0.000000000000000000, 0.000000000000000000, -1.000000000000000000 ) ) ;
#244 = DIRECTION ( 'NONE',  ( -0.000000000000000000, -1.000000000000000000, -0.000000000000000000 ) ) ;
#245 = CARTESIAN_POINT ( 'NONE',  ( 45.00000000000000000, 3.200000000000000178, -45.00000000000000711 ) ) ;
#246 = APPROVAL_PERSON_ORGANIZATION ( #972, #1375, #1522 ) ;
#247 = ORIENTED_EDGE ( 'NONE', *, *, #167, .F. ) ;
#248 = DIRECTION ( 'NONE',  ( -0.000000000000000000, -1.000000000000000000, -0.000000000000000000 ) ) ;
#249 = ORIENTED_EDGE ( 'NONE', *, *, #1757, .T. ) ;
#250 = CYLINDRICAL_SURFACE ( 'NONE', #162, 7.999999999999992895 ) ;
#251 = DIRECTION ( 'NONE',  ( 0.000000000000000000, 0.000000000000000000, -1.000000000000000000 ) ) ;
#252 = CARTESIAN_POINT ( 'NONE',  ( 45.00000000000000000, 6.500000000000000888, -43.30000000000000426 ) ) ;
#253 = ADVANCED_FACE ( 'NONE', ( #400 ), #128, .T. ) ;
#254 = DIRECTION ( 'NONE',  ( 0.000000000000000000, 0.000000000000000000, -1.000000000000000000 ) ) ;
#255 = ORIENTED_EDGE ( 'NONE', *, *, #1670, .T. ) ;
#256 = FACE_OUTER_BOUND ( 'NONE', #823, .T. ) ;
#257 = ORIENTED_EDGE ( 'NONE', *, *, #476, .F. ) ;
#258 = DIRECTION ( 'NONE',  ( 0.000000000000000000, 0.000000000000000000, -1.000000000000000000 ) ) ;
#259 = VECTOR ( 'NONE', #451, 1000.000000000000000 ) ;
#260 = CARTESIAN_POINT ( 'NONE',  ( 44.92893218813452449, 6.500000000000000888, -54.92893218813453871 ) ) ;
#261 = LINE ( 'NONE', #252, #1566 ) ;
#262 = DIRECTION ( 'NONE',  ( 0.000000000000000000, 1.000000000000000000, 0.000000000000000000 ) ) ;
#263 = EDGE_CURVE ( 'NONE', #1168, #601, #663, .T. ) ;
#264 = EDGE_CURVE ( 'NONE', #295, #1082, #696, .T. ) ;
#265 = ORIENTED_EDGE ( 'NONE', *, *, #1297, .F. ) ;
#266 = CARTESIAN_POINT ( 'NONE',  ( 45.00000000000000000, 0.000000000000000000, -42.15000000000000568 ) ) ;
#267 = ORIENTED_EDGE ( 'NONE', *, *, #775, .T. ) ;
#268 = AXIS2_PLACEMENT_3D ( 'NONE', #1697, #1288, #1680 ) ;
#269 = LINE ( 'NONE', #567, #1347 ) ;
#270 = AXIS2_PLACEMENT_3D ( 'NONE', #1178, #1433, #1304 ) ;
#271 = CARTESIAN_POINT ( 'NONE',  ( 52.92893218813456002, 2.500000000000000000, 44.92893218813450318 ) ) ;
#272 = FACE_BOUND ( 'NONE', #13, .T. ) ;
#273 = ORIENTED_EDGE ( 'NONE', *, *, #1326, .T. ) ;
#274 = CARTESIAN_POINT ( 'NONE',  ( -45.00000000000000000, 6.500000000000000888, 44.99999999999999289 ) ) ;
#275 = APPROVAL_PERSON_ORGANIZATION ( #752, #38, #1723 ) ;
#276 = EDGE_CURVE ( 'NONE', #174, #1278, #1397, .T. ) ;
#277 = ORIENTED_EDGE ( 'NONE', *, *, #714, .T. ) ;
#278 = AXIS2_PLACEMENT_3D ( 'NONE', #808, #1074, #1051 ) ;
#279 = EDGE_CURVE ( 'NONE', #779, #706, #967, .T. ) ;
#280 = APPROVAL_DATE_TIME ( #837, #1375 ) ;
#281 = ADVANCED_FACE ( 'NONE', ( #811 ), #1505, .T. ) ;
#282 = DIRECTION ( 'NONE',  ( 0.000000000000000000, 1.000000000000000000, 0.000000000000000000 ) ) ;
#283 = DIRECTION ( 'NONE',  ( -0.000000000000000000, -1.000000000000000000, -0.000000000000000000 ) ) ;
#284 = AXIS2_PLACEMENT_3D ( 'NONE', #120, #1525, #1260 ) ;
#285 = ORIENTED_EDGE ( 'NONE', *, *, #453, .T. ) ;
#286 = CARTESIAN_POINT ( 'NONE',  ( -45.00000000000000000, 6.500000000000000888, -44.99999999999999289 ) ) ;
#287 = ORIENTED_EDGE ( 'NONE', *, *, #714, .F. ) ;
#288 = AXIS2_PLACEMENT_3D ( 'NONE', #1199, #110, #956 ) ;
#289 = VECTOR ( 'NONE', #364, 1000.000000000000000 ) ;
#290 = ADVANCED_FACE ( 'NONE', ( #554, #1112, #1535, #1387, #146 ), #561, .T. ) ;
#291 = CARTESIAN_POINT ( 'NONE',  ( -45.00000000000000000, 3.200000000000000178, -45.00000000000000711 ) ) ;
#292 = CARTESIAN_POINT ( 'NONE',  ( 52.92893218813453160, 2.500000000000000444, -44.92893218813454581 ) ) ;
#293 = ORIENTED_EDGE ( 'NONE', *, *, #304, .F. ) ;
#294 = CARTESIAN_POINT ( 'NONE',  ( -52.92893218813451739, 6.500000000000000888, -44.92893218813451739 ) ) ;
#295 = VERTEX_POINT ( 'NONE', #528 ) ;
#296 = DIRECTION ( 'NONE',  ( -1.000000000000000000, 0.000000000000000000, 0.000000000000000000 ) ) ;
#297 = CARTESIAN_POINT ( 'NONE',  ( -52.92893218813451739, 6.500000000000000888, -44.92893218813451739 ) ) ;
#298 = ADVANCED_FACE ( 'NONE', ( #727 ), #1298, .F. ) ;
#299 = DIRECTION ( 'NONE',  ( 0.000000000000000000, -1.000000000000000000, 0.000000000000000000 ) ) ;
#300 = EDGE_CURVE ( 'NONE', #1601, #1013, #879, .T. ) ;
#301 = CARTESIAN_POINT ( 'NONE',  ( 45.00000000000000000, 6.500000000000000888, -45.00000000000000711 ) ) ;
#302 = CIRCLE ( 'NONE', #1316, 10.00000000000000178 ) ;
#303 = DIRECTION ( 'NONE',  ( 0.000000000000000000, 0.000000000000000000, -1.000000000000000000 ) ) ;
#304 = EDGE_CURVE ( 'NONE', #1510, #45, #794, .T. ) ;
#305 = ORIENTED_EDGE ( 'NONE', *, *, #1405, .F. ) ;
#306 = DIRECTION ( 'NONE',  ( 0.000000000000000000, 1.000000000000000000, -0.000000000000000000 ) ) ;
#307 = PERSON_AND_ORGANIZATION ( #1780, #1203 ) ;
#308 = DIRECTION ( 'NONE',  ( -0.000000000000000000, -1.000000000000000000, -0.000000000000000000 ) ) ;
#309 = DIRECTION ( 'NONE',  ( 2.316623242296781908E-16, -0.000000000000000000, 1.000000000000000000 ) ) ;
#310 = ADVANCED_FACE ( 'NONE', ( #1149 ), #29, .T. ) ;
#311 = ORIENTED_EDGE ( 'NONE', *, *, #1424, .F. ) ;
#312 = VECTOR ( 'NONE', #1318, 1000.000000000000000 ) ;
#313 = ORIENTED_EDGE ( 'NONE', *, *, #494, .T. ) ;
#314 = CARTESIAN_POINT ( 'NONE',  ( 44.92893218813451739, 6.500000000000000888, -44.92893218813453160 ) ) ;
#315 = ORIENTED_EDGE ( 'NONE', *, *, #1701, .T. ) ;
#316 = FACE_BOUND ( 'NONE', #1582, .T. ) ;
#317 = DIRECTION ( 'NONE',  ( 1.000000000000000000, 0.000000000000000000, -7.722077474322601841E-17 ) ) ;
#318 = ORIENTED_EDGE ( 'NONE', *, *, #1590, .F. ) ;
#319 = EDGE_CURVE ( 'NONE', #623, #1324, #1688, .T. ) ;
#320 = CIRCLE ( 'NONE', #575, 1.700000000000000178 ) ;
#321 = ORIENTED_EDGE ( 'NONE', *, *, #1282, .F. ) ;
#322 = CARTESIAN_POINT ( 'NONE',  ( -45.00000000000000000, 6.500000000000000888, -44.99999999999999289 ) ) ;
#323 = ORIENTED_EDGE ( 'NONE', *, *, #992, .T. ) ;
#324 = CARTESIAN_POINT ( 'NONE',  ( 45.00000000000000711, 6.500000000000000888, 44.99999999999999289 ) ) ;
#325 = DIRECTION ( 'NONE',  ( -0.000000000000000000, -1.000000000000000000, -0.000000000000000000 ) ) ;
#326 = AXIS2_PLACEMENT_3D ( 'NONE', #722, #1428, #605 ) ;
#327 = VERTEX_POINT ( 'NONE', #334 ) ;
#328 = ORIENTED_EDGE ( 'NONE', *, *, #1720, .T. ) ;
#329 = DIRECTION ( 'NONE',  ( 0.000000000000000000, 0.000000000000000000, -1.000000000000000000 ) ) ;
#330 = EDGE_CURVE ( 'NONE', #174, #711, #1052, .T. ) ;
#331 = ORIENTED_EDGE ( 'NONE', *, *, #396, .T. ) ;
#332 = LOCAL_TIME ( 22, 31, 27.00000000000000000, #900 ) ;
#333 = DIRECTION ( 'NONE',  ( 0.000000000000000000, 0.000000000000000000, -1.000000000000000000 ) ) ;
#334 = CARTESIAN_POINT ( 'NONE',  ( 44.92893218813456713, 5.000000000000000000, 54.92893218813449607 ) ) ;
#335 = FACE_OUTER_BOUND ( 'NONE', #910, .T. ) ;
#336 = VERTEX_POINT ( 'NONE', #856 ) ;
#337 = DIRECTION ( 'NONE',  ( 0.000000000000000000, 1.000000000000000000, -0.000000000000000000 ) ) ;
#338 = ORIENTED_EDGE ( 'NONE', *, *, #1496, .T. ) ;
#339 = DIRECTION ( 'NONE',  ( -0.000000000000000000, -1.000000000000000000, -0.000000000000000000 ) ) ;
#340 = EDGE_CURVE ( 'NONE', #868, #1168, #1270, .T. ) ;
#341 = DIRECTION ( 'NONE',  ( -0.000000000000000000, 1.000000000000000000, -0.000000000000000000 ) ) ;
#342 = CARTESIAN_POINT ( 'NONE',  ( -44.92893218813450318, 6.500000000000000888, 44.92893218813450318 ) ) ;
#343 = CIRCLE ( 'NONE', #405, 3.750000000000010214 ) ;
#344 = EDGE_LOOP ( 'NONE', ( #876, #267, #1201, #859 ) ) ;
#345 = DIRECTION ( 'NONE',  ( 0.000000000000000000, 1.000000000000000000, 0.000000000000000000 ) ) ;
#346 = PERSON_AND_ORGANIZATION ( #1780, #1203 ) ;
#347 = VERTEX_POINT ( 'NONE', #1024 ) ;
#348 = CARTESIAN_POINT ( 'NONE',  ( -45.00000000000000000, 3.200000000000000178, 44.99999999999999289 ) ) ;
#349 = LINE ( 'NONE', #1605, #1658 ) ;
#350 = ADVANCED_FACE ( 'NONE', ( #1404 ), #1570, .T. ) ;
#351 = CARTESIAN_POINT ( 'NONE',  ( -45.00000000000000000, 3.200000000000000178, -45.00000000000000711 ) ) ;
#352 = ORIENTED_EDGE ( 'NONE', *, *, #361, .T. ) ;
#353 = DIRECTION ( 'NONE',  ( 0.000000000000000000, 1.000000000000000000, 0.000000000000000000 ) ) ;
#354 = AXIS2_PLACEMENT_3D ( 'NONE', #877, #345, #1574 ) ;
#355 = PRODUCT_DEFINITION ( 'UNKNOWN', '', #1429, #1689 ) ;
#356 = EDGE_LOOP ( 'NONE', ( #1562, #825, #524, #401 ) ) ;
#357 = CARTESIAN_POINT ( 'NONE',  ( 44.92893218813452449, 6.500000000000000888, -52.92893218813452449 ) ) ;
#358 = CYLINDRICAL_SURFACE ( 'NONE', #863, 1.700000000000000178 ) ;
#359 = CC_DESIGN_APPROVAL ( #1625, ( #1289 ) ) ;
#360 = CARTESIAN_POINT ( 'NONE',  ( 45.00000000000000000, 0.000000000000000000, -47.85000000000000142 ) ) ;
#361 = EDGE_CURVE ( 'NONE', #1048, #708, #456, .T. ) ;
#362 = AXIS2_PLACEMENT_3D ( 'NONE', #1603, #525, #1493 ) ;
#363 = ORIENTED_EDGE ( 'NONE', *, *, #432, .T. ) ;
#364 = DIRECTION ( 'NONE',  ( -0.000000000000000000, -1.000000000000000000, -0.000000000000000000 ) ) ;
#365 = VERTEX_POINT ( 'NONE', #1543 ) ;
#366 = CIRCLE ( 'NONE', #1529, 10.00000000000000178 ) ;
#367 = AXIS2_PLACEMENT_3D ( 'NONE', #135, #848, #12 ) ;
#368 = LINE ( 'NONE', #234, #450 ) ;
#369 = DIRECTION ( 'NONE',  ( 0.000000000000000000, 0.000000000000000000, -1.000000000000000000 ) ) ;
#370 = CARTESIAN_POINT ( 'NONE',  ( 45.00000000000000000, 3.200000000000000178, -45.00000000000000711 ) ) ;
#371 = CARTESIAN_POINT ( 'NONE',  ( 54.92893218813455292, 5.000000000000000000, 44.92893218813451028 ) ) ;
#372 = CIRCLE ( 'NONE', #1018, 2.849999999999998312 ) ;
#373 = CIRCLE ( 'NONE', #1771, 4.999999999999997335 ) ;
#374 = ADVANCED_FACE ( 'NONE', ( #1708 ), #48, .F. ) ;
#375 = ORIENTED_EDGE ( 'NONE', *, *, #1647, .T. ) ;
#376 = DIRECTION ( 'NONE',  ( 1.000000000000000000, 0.000000000000000000, -7.722077474322601841E-17 ) ) ;
#377 = ORIENTED_EDGE ( 'NONE', *, *, #1632, .T. ) ;
#378 = VECTOR ( 'NONE', #1250, 1000.000000000000000 ) ;
#379 = CYLINDRICAL_SURFACE ( 'NONE', #689, 8.000000000000000000 ) ;
#380 = CARTESIAN_POINT ( 'NONE',  ( -45.00000000000000000, 6.500000000000000888, 41.24999999999997868 ) ) ;
#381 = CARTESIAN_POINT ( 'NONE',  ( 45.00000000000000711, 6.500000000000000888, 44.99999999999999289 ) ) ;
#382 = CARTESIAN_POINT ( 'NONE',  ( -45.00000000000000000, 6.500000000000000888, -43.30000000000000426 ) ) ;
#383 = VERTEX_POINT ( 'NONE', #595 ) ;
#384 = DIRECTION ( 'NONE',  ( -1.000000000000000000, 0.000000000000000000, 3.088830989729041722E-16 ) ) ;
#385 = ORIENTED_EDGE ( 'NONE', *, *, #702, .F. ) ;
#386 = EDGE_CURVE ( 'NONE', #1248, #498, #413, .T. ) ;
#387 = CARTESIAN_POINT ( 'NONE',  ( 45.00000000000000000, 3.200000000000000178, -43.30000000000000426 ) ) ;
#388 = DIRECTION ( 'NONE',  ( -0.000000000000000000, -1.000000000000000000, -0.000000000000000000 ) ) ;
#389 = DIRECTION ( 'NONE',  ( -3.088830989729041722E-16, 0.000000000000000000, -1.000000000000000000 ) ) ;
#390 = FACE_OUTER_BOUND ( 'NONE', #857, .T. ) ;
#391 = EDGE_LOOP ( 'NONE', ( #273, #886 ) ) ;
#392 = VECTOR ( 'NONE', #1205, 1000.000000000000000 ) ;
#393 = CARTESIAN_POINT ( 'NONE',  ( 54.92893218813452449, 2.500000000000000000, -44.92893218813453871 ) ) ;
#394 = ORIENTED_EDGE ( 'NONE', *, *, #1297, .T. ) ;
#395 = DIRECTION ( 'NONE',  ( 0.000000000000000000, -1.000000000000000000, 0.000000000000000000 ) ) ;
#396 = EDGE_CURVE ( 'NONE', #77, #347, #629, .T. ) ;
#397 = DIRECTION ( 'NONE',  ( 0.000000000000000000, 0.000000000000000000, 1.000000000000000000 ) ) ;
#398 = CIRCLE ( 'NONE', #1015, 1.700000000000000178 ) ;
#399 = CARTESIAN_POINT ( 'NONE',  ( 45.00000000000000000, 6.500000000000000888, -45.00000000000000711 ) ) ;
#400 = FACE_OUTER_BOUND ( 'NONE', #908, .T. ) ;
#401 = ORIENTED_EDGE ( 'NONE', *, *, #386, .T. ) ;
#402 = DIRECTION ( 'NONE',  ( -0.000000000000000000, -1.000000000000000000, -0.000000000000000000 ) ) ;
#403 = ORIENTED_EDGE ( 'NONE', *, *, #1156, .T. ) ;
#404 = CALENDAR_DATE ( 2026, 4, 1 ) ;
#405 = AXIS2_PLACEMENT_3D ( 'NONE', #913, #492, #903 ) ;
#406 = FACE_OUTER_BOUND ( 'NONE', #1776, .T. ) ;
#407 = FACE_OUTER_BOUND ( 'NONE', #1339, .T. ) ;
#408 = ADVANCED_FACE ( 'NONE', ( #874 ), #1718, .T. ) ;
#409 = ORIENTED_EDGE ( 'NONE', *, *, #743, .F. ) ;
#410 = DIRECTION ( 'NONE',  ( -0.000000000000000000, -1.000000000000000000, -0.000000000000000000 ) ) ;
#411 = EDGE_CURVE ( 'NONE', #1398, #1442, #1183, .T. ) ;
#412 = VERTEX_POINT ( 'NONE', #1419 ) ;
#413 = CIRCLE ( 'NONE', #166, 3.750000000000010214 ) ;
#414 = LINE ( 'NONE', #692, #1460 ) ;
#415 = AXIS2_PLACEMENT_3D ( 'NONE', #434, #991, #1135 ) ;
#416 = CARTESIAN_POINT ( 'NONE',  ( 49.92893218813452449, 0.000000000000000000, -44.92893218813453871 ) ) ;
#417 = DIRECTION ( 'NONE',  ( -0.000000000000000000, -1.000000000000000000, -0.000000000000000000 ) ) ;
#418 = ORIENTED_EDGE ( 'NONE', *, *, #992, .F. ) ;
#419 = EDGE_CURVE ( 'NONE', #706, #563, #1031, .T. ) ;
#420 = CARTESIAN_POINT ( 'NONE',  ( 44.92893218813451739, 6.500000000000000888, -44.92893218813453160 ) ) ;
#421 = APPROVAL_PERSON_ORGANIZATION ( #346, #1625, #1154 ) ;
#422 = ORIENTED_EDGE ( 'NONE', *, *, #263, .F. ) ;
#423 = CIRCLE ( 'NONE', #1431, 1.700000000000000178 ) ;
#424 = DIRECTION ( 'NONE',  ( 1.000000000000000000, 0.000000000000000000, 0.000000000000000000 ) ) ;
#425 = EDGE_LOOP ( 'NONE', ( #287, #1132 ) ) ;
#426 = CARTESIAN_POINT ( 'NONE',  ( 45.00000000000000711, 3.200000000000000178, 44.99999999999999289 ) ) ;
#427 = CARTESIAN_POINT ( 'NONE',  ( -45.00000000000000000, 3.200000000000000178, -45.00000000000000711 ) ) ;
#428 = VECTOR ( 'NONE', #1213, 1000.000000000000000 ) ;
#429 = CIRCLE ( 'NONE', #920, 4.999999999999997335 ) ;
#430 = EDGE_LOOP ( 'NONE', ( #1683, #658 ) ) ;
#431 = DIRECTION ( 'NONE',  ( 0.000000000000000000, -0.000000000000000000, 1.000000000000000000 ) ) ;
#432 = EDGE_CURVE ( 'NONE', #327, #115, #1795, .T. ) ;
#433 = ORIENTED_EDGE ( 'NONE', *, *, #1528, .T. ) ;
#434 = CARTESIAN_POINT ( 'NONE',  ( 44.92893218813456713, 6.500000000000000888, 44.92893218813450318 ) ) ;
#435 = EDGE_CURVE ( 'NONE', #1152, #1168, #633, .T. ) ;
#436 = PERSON_AND_ORGANIZATION_ROLE ( 'design_owner' ) ;
#437 = AXIS2_PLACEMENT_3D ( 'NONE', #96, #1769, #646 ) ;
#438 = CARTESIAN_POINT ( 'NONE',  ( -45.00000000000000000, 2.500000000000000000, 41.24999999999997868 ) ) ;
#439 = DIRECTION ( 'NONE',  ( -0.000000000000000000, -1.000000000000000000, -0.000000000000000000 ) ) ;
#440 = EDGE_CURVE ( 'NONE', #471, #327, #1099, .T. ) ;
#441 = ORIENTED_EDGE ( 'NONE', *, *, #1299, .F. ) ;
#442 = VERTEX_POINT ( 'NONE', #1039 ) ;
#443 = CYLINDRICAL_SURFACE ( 'NONE', #1595, 3.750000000000010214 ) ;
#444 = CARTESIAN_POINT ( 'NONE',  ( 44.92893218813451739, 6.500000000000000888, -44.92893218813453160 ) ) ;
#445 = DIRECTION ( 'NONE',  ( -0.000000000000000000, -1.000000000000000000, -0.000000000000000000 ) ) ;
#446 = CARTESIAN_POINT ( 'NONE',  ( -45.00000000000000000, 3.200000000000000178, 42.14999999999999147 ) ) ;
#447 = CLOSED_SHELL ( 'NONE', ( #116, #1119, #147, #594, #220, #298, #1360, #1471, #942, #310, #1242, #1507, #1586, #1301, #253, #980, #905, #22, #984, #34, #1740, #208, #934, #679, #1634, #1731, #812, #54, #1696, #1067, #290, #46, #1548, #101, #281, #350, #789, #1620, #408, #606, #1044, #1374, #1584, #654, #1413, #1081, #1008, #1310, #1446, #1685, #241, #966, #112, #479, #669, #472, #957, #1188, #374 ) ) ;
#448 = ORIENTED_EDGE ( 'NONE', *, *, #1230, .T. ) ;
#449 = EDGE_LOOP ( 'NONE', ( #313, #331 ) ) ;
#450 = VECTOR ( 'NONE', #790, 1000.000000000000000 ) ;
#451 = DIRECTION ( 'NONE',  ( 2.316623242296781908E-16, 0.000000000000000000, 1.000000000000000000 ) ) ;
#452 = CIRCLE ( 'NONE', #1179, 3.750000000000010214 ) ;
#453 = EDGE_CURVE ( 'NONE', #711, #672, #1190, .T. ) ;
#454 = DIRECTION ( 'NONE',  ( 0.000000000000000000, 0.000000000000000000, -1.000000000000000000 ) ) ;
#455 = EDGE_CURVE ( 'NONE', #1050, #1348, #1198, .T. ) ;
#456 = LINE ( 'NONE', #446, #1747 ) ;
#457 = UNCERTAINTY_MEASURE_WITH_UNIT (LENGTH_MEASURE( 1.000000000000000082E-05 ), #827, 'distance_accuracy_value', 'NONE');
#458 = ORIENTED_EDGE ( 'NONE', *, *, #1193, .F. ) ;
#459 = ORIENTED_EDGE ( 'NONE', *, *, #276, .F. ) ;
#460 = DIRECTION ( 'NONE',  ( 0.000000000000000000, 0.000000000000000000, -1.000000000000000000 ) ) ;
#461 = ORIENTED_EDGE ( 'NONE', *, *, #1054, .T. ) ;
#462 = AXIS2_PLACEMENT_3D ( 'NONE', #426, #299, #1243 ) ;
#463 = DIRECTION ( 'NONE',  ( 0.000000000000000000, 0.000000000000000000, 1.000000000000000000 ) ) ;
#464 = CARTESIAN_POINT ( 'NONE',  ( 45.00000000000000711, 6.500000000000000888, 44.99999999999999289 ) ) ;
#465 = CARTESIAN_POINT ( 'NONE',  ( -44.92893218813451739, 2.500000000000000000, -54.92893218813453871 ) ) ;
#466 = VECTOR ( 'NONE', #1509, 1000.000000000000000 ) ;
#467 = EDGE_CURVE ( 'NONE', #514, #512, #398, .T. ) ;
#468 = ORIENTED_EDGE ( 'NONE', *, *, #1753, .F. ) ;
#469 = DIRECTION ( 'NONE',  ( -0.000000000000000000, -1.000000000000000000, -0.000000000000000000 ) ) ;
#470 = EDGE_CURVE ( 'NONE', #529, #1284, #1328, .T. ) ;
#471 = VERTEX_POINT ( 'NONE', #91 ) ;
#472 = ADVANCED_FACE ( 'NONE', ( #766 ), #358, .F. ) ;
#473 = DIRECTION ( 'NONE',  ( 0.000000000000000000, -0.000000000000000000, -1.000000000000000000 ) ) ;
#474 = DIRECTION ( 'NONE',  ( 0.000000000000000000, 1.000000000000000000, 0.000000000000000000 ) ) ;
#475 = FACE_OUTER_BOUND ( 'NONE', #764, .T. ) ;
#476 = EDGE_CURVE ( 'NONE', #347, #1280, #791, .T. ) ;
#477 = EDGE_LOOP ( 'NONE', ( #1678, #85, #1531, #1673 ) ) ;
#478 = FACE_OUTER_BOUND ( 'NONE', #1001, .T. ) ;
#479 = ADVANCED_FACE ( 'NONE', ( #1207 ), #500, .F. ) ;
#480 = APPROVAL_STATUS ( 'not_yet_approved' ) ;
#481 = ORIENTED_EDGE ( 'NONE', *, *, #801, .F. ) ;
#482 = VECTOR ( 'NONE', #861, 1000.000000000000000 ) ;
#483 = FACE_OUTER_BOUND ( 'NONE', #1732, .T. ) ;
#484 = AXIS2_PLACEMENT_3D ( 'NONE', #973, #282, #145 ) ;
#485 = DIRECTION ( 'NONE',  ( 0.000000000000000000, -1.000000000000000000, 0.000000000000000000 ) ) ;
#486 = ORIENTED_EDGE ( 'NONE', *, *, #1252, .F. ) ;
#487 = ORIENTED_EDGE ( 'NONE', *, *, #1453, .F. ) ;
#488 = CARTESIAN_POINT ( 'NONE',  ( 44.92893218813451739, 2.500000000000000000, -44.92893218813453160 ) ) ;
#489 = ORIENTED_EDGE ( 'NONE', *, *, #1494, .T. ) ;
#490 = EDGE_CURVE ( 'NONE', #648, #336, #615, .T. ) ;
#491 = CARTESIAN_POINT ( 'NONE',  ( 44.92893218813452449, 6.500000000000000888, -52.92893218813452449 ) ) ;
#492 = DIRECTION ( 'NONE',  ( 0.000000000000000000, 1.000000000000000000, -0.000000000000000000 ) ) ;
#493 = FACE_OUTER_BOUND ( 'NONE', #62, .T. ) ;
#494 = EDGE_CURVE ( 'NONE', #347, #77, #88, .T. ) ;
#495 = AXIS2_PLACEMENT_3D ( 'NONE', #1011, #535, #397 ) ;
#496 = ORIENTED_EDGE ( 'NONE', *, *, #1405, .T. ) ;
#497 = DIRECTION ( 'NONE',  ( 0.000000000000000000, -1.000000000000000000, 0.000000000000000000 ) ) ;
#498 = VERTEX_POINT ( 'NONE', #214 ) ;
#499 = DIRECTION ( 'NONE',  ( 0.000000000000000000, 0.000000000000000000, -1.000000000000000000 ) ) ;
#500 = CYLINDRICAL_SURFACE ( 'NONE', #80, 2.849999999999998312 ) ;
#501 = CARTESIAN_POINT ( 'NONE',  ( -44.92893218813451739, 5.000000000000000000, -49.92893218813453871 ) ) ;
#502 = EDGE_LOOP ( 'NONE', ( #628, #1581, #175, #418 ) ) ;
#503 = DIRECTION ( 'NONE',  ( 0.000000000000000000, 0.000000000000000000, 1.000000000000000000 ) ) ;
#504 = TOROIDAL_SURFACE ( 'NONE', #354, 4.999999999999998224, 5.000000000000000000 ) ;
#505 = EDGE_LOOP ( 'NONE', ( #321, #42, #851, #1564 ) ) ;
#506 = CARTESIAN_POINT ( 'NONE',  ( 45.00000000000000000, 6.500000000000000888, -43.30000000000000426 ) ) ;
#507 = DIRECTION ( 'NONE',  ( 0.000000000000000000, 0.000000000000000000, 1.000000000000000000 ) ) ;
#508 = EDGE_CURVE ( 'NONE', #1278, #672, #635, .T. ) ;
#509 = CARTESIAN_POINT ( 'NONE',  ( 45.00000000000000711, 6.500000000000000888, 41.24999999999997868 ) ) ;
#510 = DIRECTION ( 'NONE',  ( 7.722077474322605539E-17, -0.000000000000000000, 1.000000000000000000 ) ) ;
#511 = AXIS2_PLACEMENT_3D ( 'NONE', #1427, #632, #463 ) ;
#512 = VERTEX_POINT ( 'NONE', #1761 ) ;
#513 = DIRECTION ( 'NONE',  ( 1.000000000000000000, 0.000000000000000000, -7.722077474322601841E-17 ) ) ;
#514 = VERTEX_POINT ( 'NONE', #235 ) ;
#515 = AXIS2_PLACEMENT_3D ( 'NONE', #824, #698, #139 ) ;
#516 = AXIS2_PLACEMENT_3D ( 'NONE', #1607, #1329, #83 ) ;
#517 = DIRECTION ( 'NONE',  ( 1.544415494864520861E-16, 0.000000000000000000, 1.000000000000000000 ) ) ;
#518 = CARTESIAN_POINT ( 'NONE',  ( -45.00000000000000000, 6.500000000000000888, -45.00000000000000711 ) ) ;
#519 = CARTESIAN_POINT ( 'NONE',  ( 45.00000000000000711, 0.000000000000000000, 47.84999999999998721 ) ) ;
#520 = CARTESIAN_POINT ( 'NONE',  ( -45.00000000000000000, 6.500000000000000888, 44.99999999999999289 ) ) ;
#521 = CIRCLE ( 'NONE', #1305, 3.750000000000010214 ) ;
#522 = ORIENTED_EDGE ( 'NONE', *, *, #885, .F. ) ;
#523 = FACE_BOUND ( 'NONE', #631, .T. ) ;
#524 = ORIENTED_EDGE ( 'NONE', *, *, #1249, .T. ) ;
#525 = DIRECTION ( 'NONE',  ( 0.000000000000000000, 1.000000000000000000, 0.000000000000000000 ) ) ;
#526 = CARTESIAN_POINT ( 'NONE',  ( -45.00000000000000000, 6.500000000000000888, 43.29999999999999005 ) ) ;
#527 = DIRECTION ( 'NONE',  ( -0.000000000000000000, -1.000000000000000000, -0.000000000000000000 ) ) ;
#528 = CARTESIAN_POINT ( 'NONE',  ( 52.92893218813456002, 6.500000000000000888, 44.92893218813450318 ) ) ;
#529 = VERTEX_POINT ( 'NONE', #207 ) ;
#530 = FACE_OUTER_BOUND ( 'NONE', #1169, .T. ) ;
#531 = EDGE_CURVE ( 'NONE', #1180, #893, #349, .T. ) ;
#532 = ORIENTED_EDGE ( 'NONE', *, *, #921, .F. ) ;
#533 = AXIS2_PLACEMENT_3D ( 'NONE', #181, #889, #1159 ) ;
#534 = LINE ( 'NONE', #1476, #1698 ) ;
#535 = DIRECTION ( 'NONE',  ( 0.000000000000000000, 1.000000000000000000, 0.000000000000000000 ) ) ;
#536 = DIRECTION ( 'NONE',  ( 0.000000000000000000, 1.000000000000000000, 0.000000000000000000 ) ) ;
#537 = CARTESIAN_POINT ( 'NONE',  ( -44.92893218813450318, 5.000000000000000000, 44.92893218813450318 ) ) ;
#538 = ORIENTED_EDGE ( 'NONE', *, *, #854, .T. ) ;
#539 = TOROIDAL_SURFACE ( 'NONE', #1009, 4.999999999999984901, 5.000000000000000000 ) ;
#540 = DIRECTION ( 'NONE',  ( 0.000000000000000000, -1.000000000000000000, 0.000000000000000000 ) ) ;
#541 = EDGE_LOOP ( 'NONE', ( #1435, #218, #975, #212 ) ) ;
#542 = DIRECTION ( 'NONE',  ( 0.000000000000000000, 1.000000000000000000, 0.000000000000000000 ) ) ;
#543 = VECTOR ( 'NONE', #1448, 1000.000000000000000 ) ;
#544 = EDGE_CURVE ( 'NONE', #616, #750, #343, .T. ) ;
#545 = DIRECTION ( 'NONE',  ( 0.000000000000000000, 0.000000000000000000, 1.000000000000000000 ) ) ;
#546 = DIRECTION ( 'NONE',  ( -1.000000000000000000, -0.000000000000000000, -0.000000000000000000 ) ) ;
#547 = CC_DESIGN_DATE_AND_TIME_ASSIGNMENT ( #612, #1434, ( #1289 ) ) ;
#548 = EDGE_LOOP ( 'NONE', ( #1499, #129, #1571, #277 ) ) ;
#549 = DIRECTION ( 'NONE',  ( 0.000000000000000000, 1.000000000000000000, 0.000000000000000000 ) ) ;
#550 = CIRCLE ( 'NONE', #699, 8.000000000000000000 ) ;
#551 = ORIENTED_EDGE ( 'NONE', *, *, #109, .T. ) ;
#552 = AXIS2_PLACEMENT_3D ( 'NONE', #399, #236, #1504 ) ;
#553 = PLANE ( 'NONE',  #5 ) ;
#554 = FACE_BOUND ( 'NONE', #1622, .T. ) ;
#555 = ORIENTED_EDGE ( 'NONE', *, *, #264, .T. ) ;
#556 = CARTESIAN_POINT ( 'NONE',  ( 44.92893218813452449, 6.500000000000000888, -54.92893218813453871 ) ) ;
#557 = EDGE_LOOP ( 'NONE', ( #769, #123, #352, #1558 ) ) ;
#558 = AXIS2_PLACEMENT_3D ( 'NONE', #301, #996, #584 ) ;
#559 = LINE ( 'NONE', #1532, #17 ) ;
#560 = CARTESIAN_POINT ( 'NONE',  ( -44.92893218813450318, 2.500000000000000000, 52.92893218813450318 ) ) ;
#561 = PLANE ( 'NONE',  #644 ) ;
#562 = EDGE_CURVE ( 'NONE', #132, #1442, #1457, .T. ) ;
#563 = VERTEX_POINT ( 'NONE', #1477 ) ;
#564 = CYLINDRICAL_SURFACE ( 'NONE', #1380, 3.750000000000010214 ) ;
#565 = VERTEX_POINT ( 'NONE', #1613 ) ;
#566 = DIRECTION ( 'NONE',  ( -0.000000000000000000, -1.000000000000000000, -0.000000000000000000 ) ) ;
#567 = CARTESIAN_POINT ( 'NONE',  ( -44.92893218813450318, 2.500000000000000000, 52.92893218813450318 ) ) ;
#568 = CYLINDRICAL_SURFACE ( 'NONE', #1022, 2.849999999999998312 ) ;
#569 = CARTESIAN_POINT ( 'NONE',  ( -54.92893218813453160, 5.000000000000000000, -44.92893218813451739 ) ) ;
#570 = VERTEX_POINT ( 'NONE', #1751 ) ;
#571 = CARTESIAN_POINT ( 'NONE',  ( 45.00000000000000711, 6.500000000000000888, 44.99999999999999289 ) ) ;
#572 = ORIENTED_EDGE ( 'NONE', *, *, #1102, .F. ) ;
#573 = CARTESIAN_POINT ( 'NONE',  ( 44.92893218813452449, 2.500000000000000000, -52.92893218813452449 ) ) ;
#574 = DIRECTION ( 'NONE',  ( 0.000000000000000000, 1.000000000000000000, 0.000000000000000000 ) ) ;
#575 = AXIS2_PLACEMENT_3D ( 'NONE', #1335, #225, #369 ) ;
#576 = DIRECTION ( 'NONE',  ( 0.000000000000000000, 0.000000000000000000, 1.000000000000000000 ) ) ;
#577 = ORIENTED_EDGE ( 'NONE', *, *, #470, .T. ) ;
#578 = ORIENTED_EDGE ( 'NONE', *, *, #131, .T. ) ;
#579 = FACE_OUTER_BOUND ( 'NONE', #1690, .T. ) ;
#580 = EDGE_CURVE ( 'NONE', #1168, #1180, #1741, .T. ) ;
#581 = EDGE_CURVE ( 'NONE', #1554, #149, #320, .T. ) ;
#582 = APPROVAL_DATE_TIME ( #196, #38 ) ;
#583 = DIRECTION ( 'NONE',  ( -1.000000000000000000, 0.000000000000000000, 7.722077474322601841E-17 ) ) ;
#584 = DIRECTION ( 'NONE',  ( 0.000000000000000000, 0.000000000000000000, -1.000000000000000000 ) ) ;
#585 = AXIS2_PLACEMENT_3D ( 'NONE', #621, #1714, #329 ) ;
#586 = AXIS2_PLACEMENT_3D ( 'NONE', #667, #510, #103 ) ;
#587 = VERTEX_POINT ( 'NONE', #809 ) ;
#588 = ORIENTED_EDGE ( 'NONE', *, *, #1383, .T. ) ;
#589 = LINE ( 'NONE', #203, #647 ) ;
#590 = DATE_TIME_ROLE ( 'creation_date' ) ;
#591 = ORIENTED_EDGE ( 'NONE', *, *, #1176, .F. ) ;
#592 = AXIS2_PLACEMENT_3D ( 'NONE', #198, #213, #880 ) ;
#593 = DIRECTION ( 'NONE',  ( 0.000000000000000000, 0.000000000000000000, 1.000000000000000000 ) ) ;
#594 = ADVANCED_FACE ( 'NONE', ( #579 ), #1144, .F. ) ;
#595 = CARTESIAN_POINT ( 'NONE',  ( 54.92893218813452449, 5.000000000000000000, -44.92893218813453871 ) ) ;
#596 = ORIENTED_EDGE ( 'NONE', *, *, #625, .T. ) ;
#597 = AXIS2_PLACEMENT_3D ( 'NONE', #393, #384, #1071 ) ;
#598 = VECTOR ( 'NONE', #111, 1000.000000000000000 ) ;
#599 = ORIENTED_EDGE ( 'NONE', *, *, #639, .F. ) ;
#600 = DIRECTION ( 'NONE',  ( 1.000000000000000000, 0.000000000000000000, 0.000000000000000000 ) ) ;
#601 = VERTEX_POINT ( 'NONE', #1646 ) ;
#602 = AXIS2_PLACEMENT_3D ( 'NONE', #19, #28, #995 ) ;
#603 = VECTOR ( 'NONE', #1170, 1000.000000000000000 ) ;
#604 = DIRECTION ( 'NONE',  ( 0.000000000000000000, 1.000000000000000000, 0.000000000000000000 ) ) ;
#605 = DIRECTION ( 'NONE',  ( 0.000000000000000000, 0.000000000000000000, -1.000000000000000000 ) ) ;
#606 = ADVANCED_FACE ( 'NONE', ( #1636 ), #443, .T. ) ;
#607 = DIRECTION ( 'NONE',  ( 1.000000000000000000, 0.000000000000000000, -0.000000000000000000 ) ) ;
#608 = AXIS2_PLACEMENT_3D ( 'NONE', #571, #158, #14 ) ;
#609 = EDGE_CURVE ( 'NONE', #1369, #1152, #1129, .T. ) ;
#610 = ORIENTED_EDGE ( 'NONE', *, *, #921, .T. ) ;
#611 = CYLINDRICAL_SURFACE ( 'NONE', #1666, 8.000000000000014211 ) ;
#612 = DATE_AND_TIME ( #1444, #740 ) ;
#613 = ORIENTED_EDGE ( 'NONE', *, *, #467, .F. ) ;
#614 = DIRECTION ( 'NONE',  ( 0.000000000000000000, -0.000000000000000000, -1.000000000000000000 ) ) ;
#615 = LINE ( 'NONE', #1743, #543 ) ;
#616 = VERTEX_POINT ( 'NONE', #1401 ) ;
#617 = EDGE_CURVE ( 'NONE', #15, #750, #1694, .T. ) ;
#618 = TOROIDAL_SURFACE ( 'NONE', #1637, 5.000000000000001776, 5.000000000000000000 ) ;
#619 = AXIS2_PLACEMENT_3D ( 'NONE', #74, #1055, #1774 ) ;
#620 = EDGE_LOOP ( 'NONE', ( #21, #40, #51, #1073, #697, #1745, #997, #1091 ) ) ;
#621 = CARTESIAN_POINT ( 'NONE',  ( 45.00000000000000000, 3.200000000000000178, -45.00000000000000711 ) ) ;
#622 = EDGE_CURVE ( 'NONE', #514, #1554, #1782, .T. ) ;
#623 = VERTEX_POINT ( 'NONE', #1086 ) ;
#624 = DIRECTION ( 'NONE',  ( 0.000000000000000000, 0.000000000000000000, -1.000000000000000000 ) ) ;
#625 = EDGE_CURVE ( 'NONE', #1019, #1369, #1416, .T. ) ;
#626 = DIRECTION ( 'NONE',  ( 0.000000000000000000, 0.000000000000000000, 1.000000000000000000 ) ) ;
#627 = DIRECTION ( 'NONE',  ( 0.000000000000000000, -0.000000000000000000, -1.000000000000000000 ) ) ;
#628 = ORIENTED_EDGE ( 'NONE', *, *, #949, .T. ) ;
#629 = CIRCLE ( 'NONE', #1239, 1.700000000000000178 ) ;
#630 = CARTESIAN_POINT ( 'NONE',  ( -45.00000000000000000, 3.200000000000000178, 47.84999999999998721 ) ) ;
#631 = EDGE_LOOP ( 'NONE', ( #786, #1029 ) ) ;
#632 = DIRECTION ( 'NONE',  ( -0.000000000000000000, -1.000000000000000000, -0.000000000000000000 ) ) ;
#633 = LINE ( 'NONE', #1053, #777 ) ;
#634 = LINE ( 'NONE', #1192, #1764 ) ;
#635 = CIRCLE ( 'NONE', #1108, 1.700000000000000178 ) ;
#636 = EDGE_LOOP ( 'NONE', ( #551, #1175, #1669, #1797, #805, #1654, #596, #113 ) ) ;
#637 = CARTESIAN_POINT ( 'NONE',  ( -44.92893218813450318, 5.000000000000000000, 49.92893218813450318 ) ) ;
#638 = ORIENTED_EDGE ( 'NONE', *, *, #300, .T. ) ;
#639 = EDGE_CURVE ( 'NONE', #1143, #1019, #16, .T. ) ;
#640 = CARTESIAN_POINT ( 'NONE',  ( -45.00000000000000000, 2.500000000000000000, 44.99999999999999289 ) ) ;
#641 = CARTESIAN_POINT ( 'NONE',  ( 45.00000000000000711, 6.500000000000000888, 43.29999999999999005 ) ) ;
#642 = CARTESIAN_POINT ( 'NONE',  ( -45.00000000000000000, 3.200000000000000178, -42.15000000000000568 ) ) ;
#643 = CARTESIAN_POINT ( 'NONE',  ( 45.00000000000000711, 0.000000000000000000, 44.99999999999999289 ) ) ;
#644 = AXIS2_PLACEMENT_3D ( 'NONE', #1251, #156, #1124 ) ;
#645 = EDGE_LOOP ( 'NONE', ( #6, #1345, #680, #1364 ) ) ;
#646 = DIRECTION ( 'NONE',  ( 0.000000000000000000, 0.000000000000000000, -1.000000000000000000 ) ) ;
#647 = VECTOR ( 'NONE', #899, 1000.000000000000000 ) ;
#648 = VERTEX_POINT ( 'NONE', #1555 ) ;
#649 = CARTESIAN_POINT ( 'NONE',  ( 52.92893218813456002, 6.500000000000000888, 44.92893218813450318 ) ) ;
#650 = PRODUCT ( 'Bottom', 'Bottom', '', ( #18 ) ) ;
#651 = CARTESIAN_POINT ( 'NONE',  ( -45.00000000000000000, 3.200000000000000178, -45.00000000000000711 ) ) ;
#652 = CC_DESIGN_SECURITY_CLASSIFICATION ( #1289, ( #1429 ) ) ;
#653 = CARTESIAN_POINT ( 'NONE',  ( -44.92893218813450318, 6.500000000000000888, 54.92893218813451028 ) ) ;
#654 = ADVANCED_FACE ( 'NONE', ( #799 ), #1350, .T. ) ;
#655 = CARTESIAN_POINT ( 'NONE',  ( 44.92893218813451739, 5.000000000000000000, -44.92893218813453160 ) ) ;
#656 = AXIS2_PLACEMENT_3D ( 'NONE', #324, #604, #744 ) ;
#657 = EDGE_CURVE ( 'NONE', #776, #383, #665, .T. ) ;
#658 = ORIENTED_EDGE ( 'NONE', *, *, #1117, .F. ) ;
#659 = CARTESIAN_POINT ( 'NONE',  ( -44.92893218813450318, 5.000000000000000000, 54.92893218813450318 ) ) ;
#660 = EDGE_CURVE ( 'NONE', #816, #115, #160, .T. ) ;
#661 = ORIENTED_EDGE ( 'NONE', *, *, #994, .T. ) ;
#662 = VECTOR ( 'NONE', #513, 1000.000000000000000 ) ;
#663 = CIRCLE ( 'NONE', #195, 10.00000000000000178 ) ;
#664 = CARTESIAN_POINT ( 'NONE',  ( 45.00000000000000000, 3.200000000000000178, -42.15000000000000568 ) ) ;
#665 = LINE ( 'NONE', #33, #961 ) ;
#666 = LINE ( 'NONE', #937, #1561 ) ;
#667 = CARTESIAN_POINT ( 'NONE',  ( 44.92893218813452449, 6.500000000000000888, -52.92893218813452449 ) ) ;
#668 = CIRCLE ( 'NONE', #1077, 7.999999999999992895 ) ;
#669 = ADVANCED_FACE ( 'NONE', ( #852, #819 ), #118, .F. ) ;
#670 = ORIENTED_EDGE ( 'NONE', *, *, #1563, .T. ) ;
#671 = CARTESIAN_POINT ( 'NONE',  ( -44.92893218813451028, 6.500000000000000888, -54.92893218813453871 ) ) ;
#672 = VERTEX_POINT ( 'NONE', #725 ) ;
#673 = CARTESIAN_POINT ( 'NONE',  ( 45.00000000000000711, 3.200000000000000178, 47.84999999999998721 ) ) ;
#674 = CARTESIAN_POINT ( 'NONE',  ( -45.00000000000000000, 3.200000000000000178, -45.00000000000000711 ) ) ;
#675 = DIRECTION ( 'NONE',  ( 0.000000000000000000, 1.000000000000000000, -0.000000000000000000 ) ) ;
#676 = PLANE ( 'NONE',  #367 ) ;
#677 = ORIENTED_EDGE ( 'NONE', *, *, #1720, .F. ) ;
#678 = DIRECTION ( 'NONE',  ( 0.000000000000000000, 0.000000000000000000, 1.000000000000000000 ) ) ;
#679 = ADVANCED_FACE ( 'NONE', ( #709 ), #719, .T. ) ;
#680 = ORIENTED_EDGE ( 'NONE', *, *, #657, .F. ) ;
#681 = VECTOR ( 'NONE', #1677, 1000.000000000000000 ) ;
#682 = CIRCLE ( 'NONE', #1456, 2.849999999999998312 ) ;
#683 = CARTESIAN_POINT ( 'NONE',  ( 52.92893218813455292, 2.500000000000000000, 44.92893218813450318 ) ) ;
#684 = EDGE_CURVE ( 'NONE', #1353, #1510, #26, .T. ) ;
#685 = CARTESIAN_POINT ( 'NONE',  ( 45.00000000000000000, 6.500000000000000888, -41.24999999999999289 ) ) ;
#686 = LOCAL_TIME ( 22, 31, 27.00000000000000000, #1576 ) ;
#687 = CARTESIAN_POINT ( 'NONE',  ( -44.92893218813451028, 6.500000000000000888, -52.92893218813451739 ) ) ;
#688 = ORIENTED_EDGE ( 'NONE', *, *, #92, .F. ) ;
#689 = AXIS2_PLACEMENT_3D ( 'NONE', #818, #1750, #223 ) ;
#690 = CARTESIAN_POINT ( 'NONE',  ( -54.92893218813451028, 6.500000000000000888, 44.92893218813450318 ) ) ;
#691 = ORIENTED_EDGE ( 'NONE', *, *, #1767, .T. ) ;
#692 = CARTESIAN_POINT ( 'NONE',  ( -44.92893218813450318, 6.500000000000000888, 54.92893218813451028 ) ) ;
#693 = AXIS2_PLACEMENT_3D ( 'NONE', #1538, #549, #1107 ) ;
#694 = AXIS2_PLACEMENT_3D ( 'NONE', #1277, #474, #37 ) ;
#695 = DIRECTION ( 'NONE',  ( -0.000000000000000000, -1.000000000000000000, -0.000000000000000000 ) ) ;
#696 = LINE ( 'NONE', #965, #1514 ) ;
#697 = ORIENTED_EDGE ( 'NONE', *, *, #1568, .T. ) ;
#698 = DIRECTION ( 'NONE',  ( -1.387778780781446464E-15, 0.000000000000000000, 1.000000000000000000 ) ) ;
#699 = AXIS2_PLACEMENT_3D ( 'NONE', #1497, #536, #545 ) ;
#700 = ORIENTED_EDGE ( 'NONE', *, *, #455, .T. ) ;
#701 = CARTESIAN_POINT ( 'NONE',  ( 45.00000000000000000, 3.200000000000000178, -45.00000000000000711 ) ) ;
#702 = EDGE_CURVE ( 'NONE', #570, #816, #826, .T. ) ;
#703 = CIRCLE ( 'NONE', #1715, 3.750000000000010214 ) ;
#704 = DIRECTION ( 'NONE',  ( 0.000000000000000000, 0.000000000000000000, -1.000000000000000000 ) ) ;
#705 = FACE_BOUND ( 'NONE', #1545, .T. ) ;
#706 = VERTEX_POINT ( 'NONE', #1273 ) ;
#707 = DIRECTION ( 'NONE',  ( 0.000000000000000000, 0.000000000000000000, 1.000000000000000000 ) ) ;
#708 = VERTEX_POINT ( 'NONE', #1684 ) ;
#709 = FACE_OUTER_BOUND ( 'NONE', #795, .T. ) ;
#710 = DIRECTION ( 'NONE',  ( 1.000000000000000000, 0.000000000000000000, -1.544415494864520368E-16 ) ) ;
#711 = VERTEX_POINT ( 'NONE', #999 ) ;
#712 = CARTESIAN_POINT ( 'NONE',  ( 44.92893218813452449, 2.500000000000000000, -52.92893218813453160 ) ) ;
#713 = CARTESIAN_POINT ( 'NONE',  ( -45.00000000000000000, 3.200000000000000178, -45.00000000000000711 ) ) ;
#714 = EDGE_CURVE ( 'NONE', #750, #616, #971, .T. ) ;
#715 = ORIENTED_EDGE ( 'NONE', *, *, #330, .T. ) ;
#716 = CARTESIAN_POINT ( 'NONE',  ( -45.00000000000000000, 3.200000000000000178, 42.14999999999999147 ) ) ;
#717 = CIRCLE ( 'NONE', #947, 3.750000000000010214 ) ;
#718 = ORIENTED_EDGE ( 'NONE', *, *, #817, .F. ) ;
#719 = PLANE ( 'NONE',  #1691 ) ;
#720 = CARTESIAN_POINT ( 'NONE',  ( 49.92893218813455292, 0.000000000000000000, 44.92893218813450318 ) ) ;
#721 = VECTOR ( 'NONE', #925, 1000.000000000000000 ) ;
#722 = CARTESIAN_POINT ( 'NONE',  ( -45.00000000000000000, 6.500000000000000888, 44.99999999999999289 ) ) ;
#723 = ORIENTED_EDGE ( 'NONE', *, *, #1113, .F. ) ;
#724 = ORIENTED_EDGE ( 'NONE', *, *, #1221, .F. ) ;
#725 = CARTESIAN_POINT ( 'NONE',  ( 45.00000000000000711, 3.200000000000000178, 43.29999999999999005 ) ) ;
#726 = DIRECTION ( 'NONE',  ( 0.000000000000000000, -1.000000000000000000, 0.000000000000000000 ) ) ;
#727 = FACE_OUTER_BOUND ( 'NONE', #1513, .T. ) ;
#728 = ORIENTED_EDGE ( 'NONE', *, *, #1137, .F. ) ;
#729 = ORIENTED_EDGE ( 'NONE', *, *, #300, .F. ) ;
#730 = LINE ( 'NONE', #1423, #603 ) ;
#731 = EDGE_CURVE ( 'NONE', #1618, #442, #182, .T. ) ;
#732 = PERSON_AND_ORGANIZATION_ROLE ( 'design_supplier' ) ;
#733 = ORIENTED_EDGE ( 'NONE', *, *, #1068, .F. ) ;
#734 = DIRECTION ( 'NONE',  ( -0.000000000000000000, -1.000000000000000000, -0.000000000000000000 ) ) ;
#735 = CARTESIAN_POINT ( 'NONE',  ( 44.92893218813456713, 5.000000000000000000, 44.92893218813450318 ) ) ;
#736 = AXIS2_PLACEMENT_3D ( 'NONE', #674, #955, #1392 ) ;
#737 = CC_DESIGN_PERSON_AND_ORGANIZATION_ASSIGNMENT ( #1306, #1012, ( #1429 ) ) ;
#738 = ORIENTED_EDGE ( 'NONE', *, *, #622, .T. ) ;
#739 = ORIENTED_EDGE ( 'NONE', *, *, #453, .F. ) ;
#740 = LOCAL_TIME ( 22, 31, 27.00000000000000000, #44 ) ;
#741 = DIRECTION ( 'NONE',  ( 0.000000000000000000, -1.000000000000000000, 0.000000000000000000 ) ) ;
#742 = ORIENTED_EDGE ( 'NONE', *, *, #1231, .F. ) ;
#743 = EDGE_CURVE ( 'NONE', #1013, #1601, #41, .T. ) ;
#744 = DIRECTION ( 'NONE',  ( 0.000000000000000000, 0.000000000000000000, 1.000000000000000000 ) ) ;
#745 = EDGE_CURVE ( 'NONE', #512, #514, #907, .T. ) ;
#746 = DIRECTION ( 'NONE',  ( 1.000000000000000000, -0.000000000000000000, -0.000000000000000000 ) ) ;
#747 = ORIENTED_EDGE ( 'NONE', *, *, #2, .F. ) ;
#748 = VECTOR ( 'NONE', #796, 1000.000000000000000 ) ;
#749 = AXIS2_PLACEMENT_3D ( 'NONE', #767, #1598, #774 ) ;
#750 = VERTEX_POINT ( 'NONE', #1049 ) ;
#751 = CARTESIAN_POINT ( 'NONE',  ( -52.92893218813451739, 2.500000000000000000, -44.92893218813451739 ) ) ;
#752 = PERSON_AND_ORGANIZATION ( #1780, #1203 ) ;
#753 = ORIENTED_EDGE ( 'NONE', *, *, #1322, .T. ) ;
#754 = CIRCLE ( 'NONE', #924, 5.000000000000018652 ) ;
#755 = AXIS2_PLACEMENT_3D ( 'NONE', #1473, #248, #1777 ) ;
#756 = EDGE_CURVE ( 'NONE', #1212, #842, #125, .T. ) ;
#757 = CARTESIAN_POINT ( 'NONE',  ( -45.00000000000000000, 3.200000000000000178, 44.99999999999999289 ) ) ;
#758 = DIRECTION ( 'NONE',  ( 0.000000000000000000, 1.000000000000000000, 0.000000000000000000 ) ) ;
#759 = DIRECTION ( 'NONE',  ( 1.000000000000000000, 0.000000000000000000, -2.316623242296781908E-16 ) ) ;
#760 = ORIENTED_EDGE ( 'NONE', *, *, #470, .F. ) ;
#761 = CARTESIAN_POINT ( 'NONE',  ( -49.92893218813453160, 0.000000000000000000, -44.92893218813451739 ) ) ;
#762 = EDGE_CURVE ( 'NONE', #1700, #1290, #1321, .T. ) ;
#763 = SECURITY_CLASSIFICATION_LEVEL ( 'unclassified' ) ;
#764 = EDGE_LOOP ( 'NONE', ( #891, #1787, #1779, #1025 ) ) ;
#765 = CARTESIAN_POINT ( 'NONE',  ( 45.00000000000000000, 6.500000000000000888, -45.00000000000000711 ) ) ;
#766 = FACE_OUTER_BOUND ( 'NONE', #477, .T. ) ;
#767 = CARTESIAN_POINT ( 'NONE',  ( 45.00000000000000000, 6.500000000000000888, -45.00000000000000711 ) ) ;
#768 = AXIS2_PLACEMENT_3D ( 'NONE', #351, #906, #1617 ) ;
#769 = ORIENTED_EDGE ( 'NONE', *, *, #1775, .F. ) ;
#770 = LINE ( 'NONE', #751, #1517 ) ;
#771 = VERTEX_POINT ( 'NONE', #1415 ) ;
#772 = AXIS2_PLACEMENT_3D ( 'NONE', #1317, #72, #624 ) ;
#773 = DIRECTION ( 'NONE',  ( -0.000000000000000000, -1.000000000000000000, -0.000000000000000000 ) ) ;
#774 = DIRECTION ( 'NONE',  ( 0.000000000000000000, 0.000000000000000000, -1.000000000000000000 ) ) ;
#775 = EDGE_CURVE ( 'NONE', #512, #149, #1028, .T. ) ;
#776 = VERTEX_POINT ( 'NONE', #176 ) ;
#777 = VECTOR ( 'NONE', #936, 1000.000000000000000 ) ;
#778 = DIRECTION ( 'NONE',  ( 0.000000000000000000, 0.000000000000000000, -1.000000000000000000 ) ) ;
#779 = VERTEX_POINT ( 'NONE', #1162 ) ;
#780 = DIRECTION ( 'NONE',  ( 0.000000000000000000, 0.000000000000000000, -1.000000000000000000 ) ) ;
#781 = CIRCLE ( 'NONE', #1, 2.849999999999998312 ) ;
#782 = CARTESIAN_POINT ( 'NONE',  ( -45.00000000000000000, 6.500000000000000888, 44.99999999999999289 ) ) ;
#783 = CARTESIAN_POINT ( 'NONE',  ( -45.00000000000000000, 2.500000000000000000, -48.75000000000000000 ) ) ;
#784 = DIRECTION ( 'NONE',  ( -0.000000000000000000, 1.000000000000000000, -0.000000000000000000 ) ) ;
#785 = AXIS2_PLACEMENT_3D ( 'NONE', #1343, #102, #1078 ) ;
#786 = ORIENTED_EDGE ( 'NONE', *, *, #467, .T. ) ;
#787 = DIRECTION ( 'NONE',  ( 1.000000000000000000, 0.000000000000000000, -0.000000000000000000 ) ) ;
#788 = ORIENTED_EDGE ( 'NONE', *, *, #1026, .F. ) ;
#789 = ADVANCED_FACE ( 'NONE', ( #478 ), #504, .T. ) ;
#790 = DIRECTION ( 'NONE',  ( -0.000000000000000000, -1.000000000000000000, -0.000000000000000000 ) ) ;
#791 = LINE ( 'NONE', #1076, #1556 ) ;
#792 = DIRECTION ( 'NONE',  ( -0.000000000000000000, -1.000000000000000000, -0.000000000000000000 ) ) ;
#793 = DIRECTION ( 'NONE',  ( 0.000000000000000000, 0.000000000000000000, 1.000000000000000000 ) ) ;
#794 = CIRCLE ( 'NONE', #1572, 8.000000000000000000 ) ;
#795 = EDGE_LOOP ( 'NONE', ( #1667, #1768, #1713, #1237 ) ) ;
#796 = DIRECTION ( 'NONE',  ( -0.000000000000000000, -1.000000000000000000, -0.000000000000000000 ) ) ;
#797 = ORIENTED_EDGE ( 'NONE', *, *, #866, .F. ) ;
#798 = FACE_BOUND ( 'NONE', #1518, .T. ) ;
#799 = FACE_OUTER_BOUND ( 'NONE', #1721, .T. ) ;
#800 = CIRCLE ( 'NONE', #1373, 8.000000000000014211 ) ;
#801 = EDGE_CURVE ( 'NONE', #45, #1398, #770, .T. ) ;
#802 = LINE ( 'NONE', #509, #141 ) ;
#803 = LINE ( 'NONE', #1470, #1296 ) ;
#804 = ADVANCED_BREP_SHAPE_REPRESENTATION ( 'Bottom', ( #1796, #1521 ), #1006 ) ;
#805 = ORIENTED_EDGE ( 'NONE', *, *, #1113, .T. ) ;
#806 = DIRECTION ( 'NONE',  ( 0.000000000000000000, -1.000000000000000000, 0.000000000000000000 ) ) ;
#807 = ORIENTED_EDGE ( 'NONE', *, *, #1231, .T. ) ;
#808 = CARTESIAN_POINT ( 'NONE',  ( 45.00000000000000711, 0.000000000000000000, 44.99999999999999289 ) ) ;
#809 = CARTESIAN_POINT ( 'NONE',  ( 45.00000000000000711, 6.500000000000000888, 41.24999999999997868 ) ) ;
#810 = CYLINDRICAL_SURFACE ( 'NONE', #552, 3.750000000000010214 ) ;
#811 = FACE_OUTER_BOUND ( 'NONE', #210, .T. ) ;
#812 = ADVANCED_FACE ( 'NONE', ( #52 ), #611, .F. ) ;
#813 = VERTEX_POINT ( 'NONE', #630 ) ;
#814 = DIRECTION ( 'NONE',  ( 0.000000000000000000, 0.000000000000000000, -1.000000000000000000 ) ) ;
#815 = AXIS2_PLACEMENT_3D ( 'NONE', #1224, #1503, #1093 ) ;
#816 = VERTEX_POINT ( 'NONE', #1153 ) ;
#817 = EDGE_CURVE ( 'NONE', #565, #59, #589, .T. ) ;
#818 = CARTESIAN_POINT ( 'NONE',  ( -44.92893218813451028, 6.500000000000000888, -44.92893218813451739 ) ) ;
#819 = FACE_OUTER_BOUND ( 'NONE', #962, .T. ) ;
#820 = DIRECTION ( 'NONE',  ( 0.000000000000000000, 0.000000000000000000, -1.000000000000000000 ) ) ;
#821 = PLANE ( 'NONE',  #839 ) ;
#822 = AXIS2_PLACEMENT_3D ( 'NONE', #1794, #546, #841 ) ;
#823 = EDGE_LOOP ( 'NONE', ( #1307, #1134, #1214, #1702 ) ) ;
#824 = CARTESIAN_POINT ( 'NONE',  ( 49.92893218813455292, 5.000000000000000000, 44.92893218813450318 ) ) ;
#825 = ORIENTED_EDGE ( 'NONE', *, *, #756, .F. ) ;
#826 = CIRCLE ( 'NONE', #415, 9.999999999999987566 ) ;
#827 =( LENGTH_UNIT ( ) NAMED_UNIT ( * ) SI_UNIT ( .MILLI., .METRE. ) );
#828 = ORIENTED_EDGE ( 'NONE', *, *, #660, .F. ) ;
#829 = LINE ( 'NONE', #1376, #233 ) ;
#830 = VECTOR ( 'NONE', #27, 1000.000000000000000 ) ;
#831 = CARTESIAN_POINT ( 'NONE',  ( -49.92893218813453160, 5.000000000000000000, -44.92893218813451739 ) ) ;
#832 = ORIENTED_EDGE ( 'NONE', *, *, #435, .T. ) ;
#833 = TOROIDAL_SURFACE ( 'NONE', #189, 5.000000000000015987, 5.000000000000000000 ) ;
#834 = DIRECTION ( 'NONE',  ( 0.000000000000000000, 0.000000000000000000, 1.000000000000000000 ) ) ;
#835 = EDGE_CURVE ( 'NONE', #711, #174, #1368, .T. ) ;
#836 = EDGE_LOOP ( 'NONE', ( #481, #140, #1676, #1577 ) ) ;
#837 = DATE_AND_TIME ( #404, #215 ) ;
#838 = AXIS2_PLACEMENT_3D ( 'NONE', #86, #1746, #1619 ) ;
#839 = AXIS2_PLACEMENT_3D ( 'NONE', #1367, #1664, #1640 ) ;
#840 = CARTESIAN_POINT ( 'NONE',  ( 45.00000000000000711, 3.200000000000000178, 44.99999999999999289 ) ) ;
#841 = DIRECTION ( 'NONE',  ( 0.000000000000000000, 0.000000000000000000, 1.000000000000000000 ) ) ;
#842 = VERTEX_POINT ( 'NONE', #1703 ) ;
#843 = CARTESIAN_POINT ( 'NONE',  ( -45.00000000000000000, 6.500000000000000888, 41.24999999999997868 ) ) ;
#844 = AXIS2_PLACEMENT_3D ( 'NONE', #855, #695, #1139 ) ;
#845 = AXIS2_PLACEMENT_3D ( 'NONE', #184, #741, #1722 ) ;
#846 = ORIENTED_EDGE ( 'NONE', *, *, #580, .F. ) ;
#847 = DIRECTION ( 'NONE',  ( 0.000000000000000000, 0.000000000000000000, 1.000000000000000000 ) ) ;
#848 = DIRECTION ( 'NONE',  ( -0.000000000000000000, 1.000000000000000000, 0.000000000000000000 ) ) ;
#849 = EDGE_LOOP ( 'NONE', ( #1355, #1291 ) ) ;
#850 = DIRECTION ( 'NONE',  ( 0.000000000000000000, -1.000000000000000000, 0.000000000000000000 ) ) ;
#851 = ORIENTED_EDGE ( 'NONE', *, *, #319, .T. ) ;
#852 = FACE_BOUND ( 'NONE', #391, .T. ) ;
#853 = CIRCLE ( 'NONE', #768, 1.700000000000000178 ) ;
#854 = EDGE_CURVE ( 'NONE', #471, #1263, #730, .T. ) ;
#855 = CARTESIAN_POINT ( 'NONE',  ( 45.00000000000000000, 6.500000000000000888, -45.00000000000000711 ) ) ;
#856 = CARTESIAN_POINT ( 'NONE',  ( -45.00000000000000000, 2.500000000000000000, 48.75000000000000000 ) ) ;
#857 = EDGE_LOOP ( 'NONE', ( #522, #1043, #950, #98 ) ) ;
#858 = VECTOR ( 'NONE', #187, 1000.000000000000000 ) ;
#859 = ORIENTED_EDGE ( 'NONE', *, *, #622, .F. ) ;
#860 = CARTESIAN_POINT ( 'NONE',  ( -54.92893218813453160, 6.500000000000000888, -44.92893218813451739 ) ) ;
#861 = DIRECTION ( 'NONE',  ( 1.544415494864521354E-16, 0.000000000000000000, 1.000000000000000000 ) ) ;
#862 = DIRECTION ( 'NONE',  ( -7.722077474322601841E-17, 0.000000000000000000, -1.000000000000000000 ) ) ;
#863 = AXIS2_PLACEMENT_3D ( 'NONE', #518, #1046, #243 ) ;
#864 = DIRECTION ( 'NONE',  ( 0.000000000000000000, -1.000000000000000000, 0.000000000000000000 ) ) ;
#865 = EDGE_LOOP ( 'NONE', ( #1432, #677, #249, #489 ) ) ;
#866 = EDGE_CURVE ( 'NONE', #563, #1755, #373, .T. ) ;
#867 = CIRCLE ( 'NONE', #1332, 7.999999999999992895 ) ;
#868 = VERTEX_POINT ( 'NONE', #1020 ) ;
#869 = DIRECTION ( 'NONE',  ( 0.000000000000000000, 0.000000000000000000, -1.000000000000000000 ) ) ;
#870 = ORIENTED_EDGE ( 'NONE', *, *, #581, .F. ) ;
#871 = CC_DESIGN_PERSON_AND_ORGANIZATION_ASSIGNMENT ( #61, #1557, ( #1289 ) ) ;
#872 = CYLINDRICAL_SURFACE ( 'NONE', #1552, 2.849999999999998312 ) ;
#873 = VECTOR ( 'NONE', #1216, 1000.000000000000000 ) ;
#874 = FACE_OUTER_BOUND ( 'NONE', #502, .T. ) ;
#875 = VERTEX_POINT ( 'NONE', #1035 ) ;
#876 = ORIENTED_EDGE ( 'NONE', *, *, #745, .F. ) ;
#877 = CARTESIAN_POINT ( 'NONE',  ( -44.92893218813450318, 5.000000000000000000, 44.92893218813450318 ) ) ;
#878 = ORIENTED_EDGE ( 'NONE', *, *, #224, .T. ) ;
#879 = CIRCLE ( 'NONE', #558, 1.700000000000000178 ) ;
#880 = DIRECTION ( 'NONE',  ( 0.000000000000000000, 0.000000000000000000, 1.000000000000000000 ) ) ;
#881 = CARTESIAN_POINT ( 'NONE',  ( 45.00000000000000000, 3.200000000000000178, -45.00000000000000711 ) ) ;
#882 = FACE_OUTER_BOUND ( 'NONE', #1061, .T. ) ;
#883 = ORIENTED_EDGE ( 'NONE', *, *, #743, .T. ) ;
#884 = DIRECTION ( 'NONE',  ( -0.000000000000000000, -1.000000000000000000, -0.000000000000000000 ) ) ;
#885 = EDGE_CURVE ( 'NONE', #1630, #623, #1623, .T. ) ;
#886 = ORIENTED_EDGE ( 'NONE', *, *, #89, .T. ) ;
#887 = CYLINDRICAL_SURFACE ( 'NONE', #1151, 3.750000000000010214 ) ;
#888 = DIRECTION ( 'NONE',  ( 0.000000000000000000, 0.000000000000000000, 1.000000000000000000 ) ) ;
#889 = DIRECTION ( 'NONE',  ( -0.000000000000000000, 0.000000000000000000, 1.000000000000000000 ) ) ;
#890 = AXIS2_PLACEMENT_3D ( 'NONE', #1487, #1480, #1450 ) ;
#891 = ORIENTED_EDGE ( 'NONE', *, *, #1141, .T. ) ;
#892 = CARTESIAN_POINT ( 'NONE',  ( 45.00000000000000000, 6.500000000000000888, -45.00000000000000711 ) ) ;
#893 = VERTEX_POINT ( 'NONE', #761 ) ;
#894 = AXIS2_PLACEMENT_3D ( 'NONE', #1738, #497, #869 ) ;
#895 = CARTESIAN_POINT ( 'NONE',  ( -45.00000000000000000, 3.200000000000000178, 44.99999999999999289 ) ) ;
#896 = DIRECTION ( 'NONE',  ( 0.000000000000000000, 1.000000000000000000, 0.000000000000000000 ) ) ;
#897 = PLANE ( 'NONE',  #586 ) ;
#898 = ORIENTED_EDGE ( 'NONE', *, *, #1141, .F. ) ;
#899 = DIRECTION ( 'NONE',  ( -0.000000000000000000, -1.000000000000000000, -0.000000000000000000 ) ) ;
#900 = COORDINATED_UNIVERSAL_TIME_OFFSET ( 1, 0, .AHEAD. ) ;
#901 = ORIENTED_EDGE ( 'NONE', *, *, #1449, .F. ) ;
#902 = CARTESIAN_POINT ( 'NONE',  ( -44.92893218813451739, 5.000000000000000000, -54.92893218813453871 ) ) ;
#903 = DIRECTION ( 'NONE',  ( 0.000000000000000000, 0.000000000000000000, -1.000000000000000000 ) ) ;
#904 = EDGE_CURVE ( 'NONE', #336, #1348, #521, .T. ) ;
#905 = ADVANCED_FACE ( 'NONE', ( #68 ), #1730, .T. ) ;
#906 = DIRECTION ( 'NONE',  ( -0.000000000000000000, 1.000000000000000000, -0.000000000000000000 ) ) ;
#907 = CIRCLE ( 'NONE', #270, 1.700000000000000178 ) ;
#908 = EDGE_LOOP ( 'NONE', ( #753, #363, #828, #385 ) ) ;
#909 = CARTESIAN_POINT ( 'NONE',  ( -44.92893218813450318, 6.500000000000000888, 52.92893218813450318 ) ) ;
#910 = EDGE_LOOP ( 'NONE', ( #797, #1219, #1245, #901 ) ) ;
#911 = FACE_OUTER_BOUND ( 'NONE', #1573, .T. ) ;
#912 = CIRCLE ( 'NONE', #1259, 3.750000000000010214 ) ;
#913 = CARTESIAN_POINT ( 'NONE',  ( 45.00000000000000000, 2.500000000000000000, -45.00000000000000711 ) ) ;
#914 = DIRECTION ( 'NONE',  ( -0.000000000000000000, -1.000000000000000000, -0.000000000000000000 ) ) ;
#915 = APPLICATION_CONTEXT ( 'configuration controlled 3d designs of mechanical parts and assemblies' ) ;
#916 = CYLINDRICAL_SURFACE ( 'NONE', #890, 1.700000000000000178 ) ;
#917 = AXIS2_PLACEMENT_3D ( 'NONE', #150, #960, #707 ) ;
#918 = ORIENTED_EDGE ( 'NONE', *, *, #904, .F. ) ;
#919 = CYLINDRICAL_SURFACE ( 'NONE', #755, 8.000000000000000000 ) ;
#920 = AXIS2_PLACEMENT_3D ( 'NONE', #1498, #1359, #1786 ) ;
#921 = EDGE_CURVE ( 'NONE', #365, #295, #668, .T. ) ;
#922 = ORIENTED_EDGE ( 'NONE', *, *, #144, .T. ) ;
#923 = DIRECTION ( 'NONE',  ( 0.000000000000000000, 0.000000000000000000, 1.000000000000000000 ) ) ;
#924 = AXIS2_PLACEMENT_3D ( 'NONE', #1519, #1674, #834 ) ;
#925 = DIRECTION ( 'NONE',  ( -0.000000000000000000, -1.000000000000000000, -0.000000000000000000 ) ) ;
#926 = AXIS2_PLACEMENT_3D ( 'NONE', #637, #787, #1338 ) ;
#927 = CARTESIAN_POINT ( 'NONE',  ( 45.00000000000000000, 3.200000000000000178, -42.15000000000000568 ) ) ;
#928 = DIRECTION ( 'NONE',  ( 0.000000000000000000, 0.000000000000000000, 1.000000000000000000 ) ) ;
#929 = VECTOR ( 'NONE', #988, 1000.000000000000000 ) ;
#930 = EDGE_LOOP ( 'NONE', ( #742, #468, #1115, #1378 ) ) ;
#931 = LINE ( 'NONE', #659, #1211 ) ;
#932 = EDGE_CURVE ( 'NONE', #192, #1510, #1609, .T. ) ;
#933 = EDGE_LOOP ( 'NONE', ( #588, #323, #1027, #238 ) ) ;
#934 = ADVANCED_FACE ( 'NONE', ( #1331 ), #919, .F. ) ;
#935 = DIRECTION ( 'NONE',  ( 0.000000000000000000, 1.000000000000000000, -0.000000000000000000 ) ) ;
#936 = DIRECTION ( 'NONE',  ( -0.000000000000000000, -1.000000000000000000, -0.000000000000000000 ) ) ;
#937 = CARTESIAN_POINT ( 'NONE',  ( 54.92893218813452449, 5.000000000000000000, -44.92893218813453871 ) ) ;
#938 = FACE_OUTER_BOUND ( 'NONE', #1142, .T. ) ;
#939 = ORIENTED_EDGE ( 'NONE', *, *, #279, .T. ) ;
#940 = PLANE ( 'NONE',  #136 ) ;
#941 = ORIENTED_EDGE ( 'NONE', *, *, #762, .T. ) ;
#942 = ADVANCED_FACE ( 'NONE', ( #256 ), #1083, .T. ) ;
#943 = DIRECTION ( 'NONE',  ( 0.000000000000000000, 1.000000000000000000, 0.000000000000000000 ) ) ;
#944 = DIRECTION ( 'NONE',  ( -0.000000000000000000, -1.000000000000000000, -0.000000000000000000 ) ) ;
#945 = EDGE_CURVE ( 'NONE', #1155, #1324, #200, .T. ) ;
#946 = CARTESIAN_POINT ( 'NONE',  ( -52.92893218813450318, 6.500000000000000888, 44.92893218813450318 ) ) ;
#947 = AXIS2_PLACEMENT_3D ( 'NONE', #1447, #47, #593 ) ;
#948 = LINE ( 'NONE', #1657, #983 ) ;
#949 = EDGE_CURVE ( 'NONE', #601, #1263, #1163, .T. ) ;
#950 = ORIENTED_EDGE ( 'NONE', *, *, #945, .T. ) ;
#951 = CARTESIAN_POINT ( 'NONE',  ( 44.92893218813456713, 6.500000000000000888, 44.92893218813450318 ) ) ;
#952 = AXIS2_PLACEMENT_3D ( 'NONE', #1411, #317, #173 ) ;
#953 = ORIENTED_EDGE ( 'NONE', *, *, #835, .F. ) ;
#954 = DIRECTION ( 'NONE',  ( 0.000000000000000000, 1.000000000000000000, -0.000000000000000000 ) ) ;
#955 = DIRECTION ( 'NONE',  ( -0.000000000000000000, 1.000000000000000000, 0.000000000000000000 ) ) ;
#956 = DIRECTION ( 'NONE',  ( 0.000000000000000000, 0.000000000000000000, -1.000000000000000000 ) ) ;
#957 = ADVANCED_FACE ( 'NONE', ( #1500 ), #1229, .F. ) ;
#958 = CYLINDRICAL_SURFACE ( 'NONE', #1381, 2.849999999999998312 ) ;
#959 = ORIENTED_EDGE ( 'NONE', *, *, #1701, .F. ) ;
#960 = DIRECTION ( 'NONE',  ( -0.000000000000000000, -1.000000000000000000, -0.000000000000000000 ) ) ;
#961 = VECTOR ( 'NONE', #566, 1000.000000000000000 ) ;
#962 = EDGE_LOOP ( 'NONE', ( #878, #1118 ) ) ;
#963 =( NAMED_UNIT ( * ) PLANE_ANGLE_UNIT ( ) SI_UNIT ( $, .RADIAN. ) );
#964 = DIRECTION ( 'NONE',  ( 0.000000000000000000, 0.000000000000000000, 1.000000000000000000 ) ) ;
#965 = CARTESIAN_POINT ( 'NONE',  ( 52.92893218813456002, 6.500000000000000888, 44.92893218813450318 ) ) ;
#966 = ADVANCED_FACE ( 'NONE', ( #1195 ), #1220, .F. ) ;
#967 = CIRCLE ( 'NONE', #822, 4.999999999999997335 ) ;
#968 = ORIENTED_EDGE ( 'NONE', *, *, #731, .T. ) ;
#969 = FACE_OUTER_BOUND ( 'NONE', #836, .T. ) ;
#970 = ORIENTED_EDGE ( 'NONE', *, *, #411, .F. ) ;
#971 = CIRCLE ( 'NONE', #1426, 3.750000000000010214 ) ;
#972 = PERSON_AND_ORGANIZATION ( #1780, #1203 ) ;
#973 = CARTESIAN_POINT ( 'NONE',  ( -44.92893218813451028, 5.000000000000000000, -44.92893218813451739 ) ) ;
#974 = CARTESIAN_POINT ( 'NONE',  ( 45.00000000000000711, 6.500000000000000888, 46.69999999999998863 ) ) ;
#975 = ORIENTED_EDGE ( 'NONE', *, *, #1117, .T. ) ;
#976 = CIRCLE ( 'NONE', #511, 4.999999999999984013 ) ;
#977 = CARTESIAN_POINT ( 'NONE',  ( -45.00000000000000000, 0.000000000000000000, 44.99999999999999289 ) ) ;
#978 = EDGE_CURVE ( 'NONE', #132, #365, #1756, .T. ) ;
#979 = EDGE_LOOP ( 'NONE', ( #1293, #338 ) ) ;
#980 = ADVANCED_FACE ( 'NONE', ( #1788 ), #1462, .F. ) ;
#981 = DIRECTION ( 'NONE',  ( 0.000000000000000000, -1.000000000000000000, 0.000000000000000000 ) ) ;
#982 = CIRCLE ( 'NONE', #515, 4.999999999999997335 ) ;
#983 = VECTOR ( 'NONE', #283, 1000.000000000000000 ) ;
#984 = ADVANCED_FACE ( 'NONE', ( #530 ), #1600, .T. ) ;
#985 = DIRECTION ( 'NONE',  ( 0.000000000000000000, 1.000000000000000000, 0.000000000000000000 ) ) ;
#986 = DIRECTION ( 'NONE',  ( 0.000000000000000000, 0.000000000000000000, 1.000000000000000000 ) ) ;
#987 = EDGE_LOOP ( 'NONE', ( #1422, #305, #661, #1790 ) ) ;
#988 = DIRECTION ( 'NONE',  ( -0.000000000000000000, -1.000000000000000000, -0.000000000000000000 ) ) ;
#989 = AXIS2_PLACEMENT_3D ( 'NONE', #488, #1592, #778 ) ;
#990 = ORIENTED_EDGE ( 'NONE', *, *, #185, .T. ) ;
#991 = DIRECTION ( 'NONE',  ( 0.000000000000000000, 1.000000000000000000, 0.000000000000000000 ) ) ;
#992 = EDGE_CURVE ( 'NONE', #601, #327, #931, .T. ) ;
#993 = APPROVAL_STATUS ( 'not_yet_approved' ) ;
#994 = EDGE_CURVE ( 'NONE', #771, #412, #1482, .T. ) ;
#995 = DIRECTION ( 'NONE',  ( 0.000000000000000000, 0.000000000000000000, -1.000000000000000000 ) ) ;
#996 = DIRECTION ( 'NONE',  ( 0.000000000000000000, -1.000000000000000000, 0.000000000000000000 ) ) ;
#997 = ORIENTED_EDGE ( 'NONE', *, *, #304, .T. ) ;
#998 = ORIENTED_EDGE ( 'NONE', *, *, #24, .T. ) ;
#999 = CARTESIAN_POINT ( 'NONE',  ( 45.00000000000000711, 6.500000000000000888, 43.29999999999999005 ) ) ;
#1000 = DIRECTION ( 'NONE',  ( -0.000000000000000000, -1.000000000000000000, -0.000000000000000000 ) ) ;
#1001 = EDGE_LOOP ( 'NONE', ( #1037, #1303, #1643, #422 ) ) ;
#1002 = CIRCLE ( 'NONE', #1783, 1.700000000000000178 ) ;
#1003 = CARTESIAN_POINT ( 'NONE',  ( -44.92893218813450318, 2.500000000000000000, 54.92893218813450318 ) ) ;
#1004 = EDGE_CURVE ( 'NONE', #816, #776, #1346, .T. ) ;
#1005 = DIRECTION ( 'NONE',  ( 0.000000000000000000, 0.000000000000000000, 1.000000000000000000 ) ) ;
#1006 =( GEOMETRIC_REPRESENTATION_CONTEXT ( 3 ) GLOBAL_UNCERTAINTY_ASSIGNED_CONTEXT ( ( #457 ) ) GLOBAL_UNIT_ASSIGNED_CONTEXT ( ( #827, #963, #1257 ) ) REPRESENTATION_CONTEXT ( 'NONE', 'WORKASPACE' ) );
#1007 = CARTESIAN_POINT ( 'NONE',  ( -52.92893218813451739, 2.500000000000000000, -44.92893218813451739 ) ) ;
#1008 = ADVANCED_FACE ( 'NONE', ( #523, #1631 ), #940, .F. ) ;
#1009 = AXIS2_PLACEMENT_3D ( 'NONE', #107, #943, #1189 ) ;
#1010 = ORIENTED_EDGE ( 'NONE', *, *, #1757, .F. ) ;
#1011 = CARTESIAN_POINT ( 'NONE',  ( -44.92893218813451028, 6.500000000000000888, -44.92893218813451739 ) ) ;
#1012 = PERSON_AND_ORGANIZATION_ROLE ( 'creator' ) ;
#1013 = VERTEX_POINT ( 'NONE', #1354 ) ;
#1014 = DIRECTION ( 'NONE',  ( 0.000000000000000000, -1.000000000000000000, 0.000000000000000000 ) ) ;
#1015 = AXIS2_PLACEMENT_3D ( 'NONE', #782, #1485, #1182 ) ;
#1016 = DIRECTION ( 'NONE',  ( -0.000000000000000000, -1.000000000000000000, -0.000000000000000000 ) ) ;
#1017 = ORIENTED_EDGE ( 'NONE', *, *, #1261, .F. ) ;
#1018 = AXIS2_PLACEMENT_3D ( 'NONE', #1671, #1396, #964 ) ;
#1019 = VERTEX_POINT ( 'NONE', #671 ) ;
#1020 = CARTESIAN_POINT ( 'NONE',  ( -54.92893218813453160, 5.000000000000000000, -44.92893218813451739 ) ) ;
#1021 = EDGE_LOOP ( 'NONE', ( #377, #1041 ) ) ;
#1022 = AXIS2_PLACEMENT_3D ( 'NONE', #840, #308, #1258 ) ;
#1023 = DIRECTION ( 'NONE',  ( 0.000000000000000000, 0.000000000000000000, 1.000000000000000000 ) ) ;
#1024 = CARTESIAN_POINT ( 'NONE',  ( -45.00000000000000000, 6.500000000000000888, -46.70000000000000284 ) ) ;
#1025 = ORIENTED_EDGE ( 'NONE', *, *, #609, .F. ) ;
#1026 = EDGE_CURVE ( 'NONE', #1185, #1284, #1642, .T. ) ;
#1027 = ORIENTED_EDGE ( 'NONE', *, *, #1322, .F. ) ;
#1028 = LINE ( 'NONE', #78, #1749 ) ;
#1029 = ORIENTED_EDGE ( 'NONE', *, *, #745, .T. ) ;
#1030 = LINE ( 'NONE', #1717, #1758 ) ;
#1031 = LINE ( 'NONE', #179, #1468 ) ;
#1032 = CARTESIAN_POINT ( 'NONE',  ( -54.92893218813453160, 2.500000000000000000, -44.92893218813451739 ) ) ;
#1033 = ORIENTED_EDGE ( 'NONE', *, *, #1230, .F. ) ;
#1034 = LOCAL_TIME ( 22, 31, 27.00000000000000000, #1171 ) ;
#1035 = CARTESIAN_POINT ( 'NONE',  ( -45.00000000000000000, 0.000000000000000000, 47.84999999999998721 ) ) ;
#1036 = CALENDAR_DATE ( 2026, 4, 1 ) ;
#1037 = ORIENTED_EDGE ( 'NONE', *, *, #580, .T. ) ;
#1038 = CYLINDRICAL_SURFACE ( 'NONE', #772, 10.00000000000000178 ) ;
#1039 = CARTESIAN_POINT ( 'NONE',  ( 45.00000000000000000, 3.200000000000000178, -46.70000000000000284 ) ) ;
#1040 = CYLINDRICAL_SURFACE ( 'NONE', #749, 1.700000000000000178 ) ;
#1041 = ORIENTED_EDGE ( 'NONE', *, *, #1193, .T. ) ;
#1042 = CALENDAR_DATE ( 2026, 4, 1 ) ;
#1043 = ORIENTED_EDGE ( 'NONE', *, *, #1282, .T. ) ;
#1044 = ADVANCED_FACE ( 'NONE', ( #1798, #1653 ), #1379, .T. ) ;
#1045 = DIRECTION ( 'NONE',  ( -0.000000000000000000, -1.000000000000000000, -0.000000000000000000 ) ) ;
#1046 = DIRECTION ( 'NONE',  ( -0.000000000000000000, -1.000000000000000000, -0.000000000000000000 ) ) ;
#1047 = DIRECTION ( 'NONE',  ( 0.000000000000000000, 0.000000000000000000, 1.000000000000000000 ) ) ;
#1048 = VERTEX_POINT ( 'NONE', #716 ) ;
#1049 = CARTESIAN_POINT ( 'NONE',  ( 45.00000000000000000, 2.500000000000000000, -48.75000000000001421 ) ) ;
#1050 = VERTEX_POINT ( 'NONE', #843 ) ;
#1051 = DIRECTION ( 'NONE',  ( 0.000000000000000000, 0.000000000000000000, 1.000000000000000000 ) ) ;
#1052 = CIRCLE ( 'NONE', #268, 1.700000000000000178 ) ;
#1053 = CARTESIAN_POINT ( 'NONE',  ( -54.92893218813451028, 2.500000000000000000, 44.92893218813450318 ) ) ;
#1054 = EDGE_CURVE ( 'NONE', #1222, #132, #1762, .T. ) ;
#1055 = DIRECTION ( 'NONE',  ( 0.000000000000000000, 1.000000000000000000, 0.000000000000000000 ) ) ;
#1056 = AXIS2_PLACEMENT_3D ( 'NONE', #892, #1565, #1186 ) ;
#1057 = ORIENTED_EDGE ( 'NONE', *, *, #531, .T. ) ;
#1058 = CARTESIAN_POINT ( 'NONE',  ( -44.92893218813451028, 6.500000000000000888, -52.92893218813451739 ) ) ;
#1059 = PRODUCT_RELATED_PRODUCT_CATEGORY ( 'detail', '', ( #650 ) ) ;
#1060 = AXIS2_PLACEMENT_3D ( 'NONE', #649, #1760, #517 ) ;
#1061 = EDGE_LOOP ( 'NONE', ( #1187, #1240, #1488, #599 ) ) ;
#1062 = DIRECTION ( 'NONE',  ( 0.000000000000000000, 0.000000000000000000, -1.000000000000000000 ) ) ;
#1063 = AXIS2_PLACEMENT_3D ( 'NONE', #1635, #954, #499 ) ;
#1064 = CARTESIAN_POINT ( 'NONE',  ( -44.92893218813450318, 6.500000000000000888, 52.92893218813450318 ) ) ;
#1065 = LINE ( 'NONE', #927, #1710 ) ;
#1066 = FACE_OUTER_BOUND ( 'NONE', #1425, .T. ) ;
#1067 = ADVANCED_FACE ( 'NONE', ( #969 ), #1116, .T. ) ;
#1068 = EDGE_CURVE ( 'NONE', #563, #1391, #1704, .T. ) ;
#1069 = AXIS2_PLACEMENT_3D ( 'NONE', #1202, #1363, #114 ) ;
#1070 = ORIENTED_EDGE ( 'NONE', *, *, #1436, .T. ) ;
#1071 = DIRECTION ( 'NONE',  ( 3.088830989729041722E-16, 0.000000000000000000, 1.000000000000000000 ) ) ;
#1072 = CIRCLE ( 'NONE', #1530, 2.849999999999998312 ) ;
#1073 = ORIENTED_EDGE ( 'NONE', *, *, #1340, .T. ) ;
#1074 = DIRECTION ( 'NONE',  ( 0.000000000000000000, -1.000000000000000000, 0.000000000000000000 ) ) ;
#1075 = VECTOR ( 'NONE', #1615, 1000.000000000000000 ) ;
#1076 = CARTESIAN_POINT ( 'NONE',  ( -45.00000000000000000, 6.500000000000000888, -46.70000000000000284 ) ) ;
#1077 = AXIS2_PLACEMENT_3D ( 'NONE', #951, #353, #503 ) ;
#1078 = DIRECTION ( 'NONE',  ( 0.000000000000000000, 0.000000000000000000, 1.000000000000000000 ) ) ;
#1079 = DIRECTION ( 'NONE',  ( 0.000000000000000000, 0.000000000000000000, 1.000000000000000000 ) ) ;
#1080 = PRODUCT_DEFINITION_SHAPE ( 'NONE', 'NONE',  #355 ) ;
#1081 = ADVANCED_FACE ( 'NONE', ( #1254 ), #564, .T. ) ;
#1082 = VERTEX_POINT ( 'NONE', #1668 ) ;
#1083 = CYLINDRICAL_SURFACE ( 'NONE', #1711, 3.750000000000010214 ) ;
#1084 = ORIENTED_EDGE ( 'NONE', *, *, #1436, .F. ) ;
#1085 = DIRECTION ( 'NONE',  ( -0.000000000000000000, -1.000000000000000000, -0.000000000000000000 ) ) ;
#1086 = CARTESIAN_POINT ( 'NONE',  ( -45.00000000000000000, 3.200000000000000178, -47.85000000000000142 ) ) ;
#1087 = LINE ( 'NONE', #1366, #1075 ) ;
#1088 = CARTESIAN_POINT ( 'NONE',  ( 45.00000000000000711, 6.500000000000000888, 46.69999999999998863 ) ) ;
#1089 = ORIENTED_EDGE ( 'NONE', *, *, #581, .T. ) ;
#1090 = DIRECTION ( 'NONE',  ( 0.000000000000000000, -0.000000000000000000, -1.000000000000000000 ) ) ;
#1091 = ORIENTED_EDGE ( 'NONE', *, *, #801, .T. ) ;
#1092 = DIRECTION ( 'NONE',  ( 0.000000000000000000, 1.000000000000000000, -0.000000000000000000 ) ) ;
#1093 = DIRECTION ( 'NONE',  ( 0.000000000000000000, 0.000000000000000000, -1.000000000000000000 ) ) ;
#1094 = DIRECTION ( 'NONE',  ( 0.000000000000000000, 0.000000000000000000, -1.000000000000000000 ) ) ;
#1095 = AXIS2_PLACEMENT_3D ( 'NONE', #765, #63, #614 ) ;
#1096 = DIRECTION ( 'NONE',  ( -1.544415494864520861E-16, 0.000000000000000000, -1.000000000000000000 ) ) ;
#1097 = VERTEX_POINT ( 'NONE', #266 ) ;
#1098 = LINE ( 'NONE', #130, #929 ) ;
#1099 = CIRCLE ( 'NONE', #1733, 4.999999999999997335 ) ;
#1100 = EDGE_LOOP ( 'NONE', ( #1407, #1491, #700, #1125 ) ) ;
#1101 = LINE ( 'NONE', #297, #482 ) ;
#1102 = EDGE_CURVE ( 'NONE', #1382, #115, #982, .T. ) ;
#1103 = FACE_OUTER_BOUND ( 'NONE', #221, .T. ) ;
#1104 = AXIS2_PLACEMENT_3D ( 'NONE', #1269, #1533, #155 ) ;
#1105 = FACE_OUTER_BOUND ( 'NONE', #636, .T. ) ;
#1106 = EDGE_LOOP ( 'NONE', ( #1594, #1608, #572, #1164 ) ) ;
#1107 = DIRECTION ( 'NONE',  ( 0.000000000000000000, 0.000000000000000000, 1.000000000000000000 ) ) ;
#1108 = AXIS2_PLACEMENT_3D ( 'NONE', #1588, #341, #100 ) ;
#1109 = ORIENTED_EDGE ( 'NONE', *, *, #1326, .F. ) ;
#1110 = APPLICATION_PROTOCOL_DEFINITION ( 'international standard', 'config_control_design', 1994, #1287 ) ;
#1111 = LINE ( 'NONE', #1550, #1386 ) ;
#1112 = FACE_BOUND ( 'NONE', #32, .T. ) ;
#1113 = EDGE_CURVE ( 'NONE', #776, #1143, #366, .T. ) ;
#1114 = VECTOR ( 'NONE', #1649, 1000.000000000000000 ) ;
#1115 = ORIENTED_EDGE ( 'NONE', *, *, #817, .T. ) ;
#1116 = PLANE ( 'NONE',  #1295 ) ;
#1117 = EDGE_CURVE ( 'NONE', #875, #708, #194, .T. ) ;
#1118 = ORIENTED_EDGE ( 'NONE', *, *, #885, .T. ) ;
#1119 = ADVANCED_FACE ( 'NONE', ( #1399 ), #1527, .F. ) ;
#1120 = CARTESIAN_POINT ( 'NONE',  ( 44.92893218813452449, 6.500000000000000888, -52.92893218813452449 ) ) ;
#1121 = ORIENTED_EDGE ( 'NONE', *, *, #617, .F. ) ;
#1122 = LINE ( 'NONE', #271, #378 ) ;
#1123 = CIRCLE ( 'NONE', #1789, 2.849999999999998312 ) ;
#1124 = DIRECTION ( 'NONE',  ( 0.000000000000000000, -0.000000000000000000, 1.000000000000000000 ) ) ;
#1125 = ORIENTED_EDGE ( 'NONE', *, *, #1709, .T. ) ;
#1126 = DIRECTION ( 'NONE',  ( 0.000000000000000000, 0.000000000000000000, -1.000000000000000000 ) ) ;
#1127 = EDGE_CURVE ( 'NONE', #1232, #45, #1133, .T. ) ;
#1128 = ORIENTED_EDGE ( 'NONE', *, *, #684, .F. ) ;
#1129 = LINE ( 'NONE', #860, #259 ) ;
#1130 = DIRECTION ( 'NONE',  ( -0.000000000000000000, -1.000000000000000000, -0.000000000000000000 ) ) ;
#1131 = DIRECTION ( 'NONE',  ( 0.000000000000000000, 0.000000000000000000, -1.000000000000000000 ) ) ;
#1132 = ORIENTED_EDGE ( 'NONE', *, *, #544, .F. ) ;
#1133 = LINE ( 'NONE', #7, #466 ) ;
#1134 = ORIENTED_EDGE ( 'NONE', *, *, #490, .T. ) ;
#1135 = DIRECTION ( 'NONE',  ( 0.000000000000000000, 0.000000000000000000, 1.000000000000000000 ) ) ;
#1136 = AXIS2_PLACEMENT_3D ( 'NONE', #1342, #485, #1597 ) ;
#1137 = EDGE_CURVE ( 'NONE', #893, #706, #754, .T. ) ;
#1138 = CARTESIAN_POINT ( 'NONE',  ( 0.000000000000000000, 0.000000000000000000, 0.000000000000000000 ) ) ;
#1139 = DIRECTION ( 'NONE',  ( 0.000000000000000000, 0.000000000000000000, -1.000000000000000000 ) ) ;
#1140 = DIRECTION ( 'NONE',  ( 0.000000000000000000, 0.000000000000000000, -1.000000000000000000 ) ) ;
#1141 = EDGE_CURVE ( 'NONE', #1369, #868, #1098, .T. ) ;
#1142 = EDGE_LOOP ( 'NONE', ( #1454, #1194, #747, #733 ) ) ;
#1143 = VERTEX_POINT ( 'NONE', #556 ) ;
#1144 = CYLINDRICAL_SURFACE ( 'NONE', #815, 1.700000000000000178 ) ;
#1145 = SHAPE_DEFINITION_REPRESENTATION ( #1080, #804 ) ;
#1146 = VECTOR ( 'NONE', #469, 1000.000000000000000 ) ;
#1147 = AXIS2_PLACEMENT_3D ( 'NONE', #501, #227, #1589 ) ;
#1148 = DIRECTION ( 'NONE',  ( -0.000000000000000000, 1.000000000000000000, -0.000000000000000000 ) ) ;
#1149 = FACE_OUTER_BOUND ( 'NONE', #229, .T. ) ;
#1150 = ORIENTED_EDGE ( 'NONE', *, *, #191, .F. ) ;
#1151 = AXIS2_PLACEMENT_3D ( 'NONE', #1559, #339, #1181 ) ;
#1152 = VERTEX_POINT ( 'NONE', #690 ) ;
#1153 = CARTESIAN_POINT ( 'NONE',  ( 54.92893218813455292, 6.500000000000000888, 44.92893218813450318 ) ) ;
#1154 = APPROVAL_ROLE ( '' ) ;
#1155 = VERTEX_POINT ( 'NONE', #1238 ) ;
#1156 = EDGE_CURVE ( 'NONE', #442, #1618, #1534, .T. ) ;
#1157 = CARTESIAN_POINT ( 'NONE',  ( -44.92893218813451028, 2.500000000000000444, -52.92893218813451739 ) ) ;
#1158 = CARTESIAN_POINT ( 'NONE',  ( -45.00000000000000000, 2.500000000000000000, -44.99999999999999289 ) ) ;
#1159 = DIRECTION ( 'NONE',  ( 1.000000000000000000, 0.000000000000000000, 0.000000000000000000 ) ) ;
#1160 = VECTOR ( 'NONE', #792, 1000.000000000000000 ) ;
#1161 = ORIENTED_EDGE ( 'NONE', *, *, #978, .F. ) ;
#1162 = CARTESIAN_POINT ( 'NONE',  ( -44.92893218813451028, 5.000000000000000000, -54.92893218813453871 ) ) ;
#1163 = CIRCLE ( 'NONE', #926, 4.999999999999997335 ) ;
#1164 = ORIENTED_EDGE ( 'NONE', *, *, #1699, .F. ) ;
#1165 = CIRCLE ( 'NONE', #785, 3.750000000000010214 ) ;
#1166 = FACE_OUTER_BOUND ( 'NONE', #1737, .T. ) ;
#1167 = DIRECTION ( 'NONE',  ( 0.000000000000000000, 1.000000000000000000, 0.000000000000000000 ) ) ;
#1168 = VERTEX_POINT ( 'NONE', #1351 ) ;
#1169 = EDGE_LOOP ( 'NONE', ( #922, #1070, #898, #1330 ) ) ;
#1170 = DIRECTION ( 'NONE',  ( -1.000000000000000000, -0.000000000000000000, 7.722077474322601841E-17 ) ) ;
#1171 = COORDINATED_UNIVERSAL_TIME_OFFSET ( 1, 0, .AHEAD. ) ;
#1172 = ORIENTED_EDGE ( 'NONE', *, *, #508, .F. ) ;
#1173 = LINE ( 'NONE', #902, #1524 ) ;
#1174 = CARTESIAN_POINT ( 'NONE',  ( 45.00000000000000711, 2.500000000000000000, 44.99999999999999289 ) ) ;
#1175 = ORIENTED_EDGE ( 'NONE', *, *, #1784, .T. ) ;
#1176 = EDGE_CURVE ( 'NONE', #192, #1232, #550, .T. ) ;
#1177 = VERTEX_POINT ( 'NONE', #653 ) ;
#1178 = CARTESIAN_POINT ( 'NONE',  ( -45.00000000000000000, 6.500000000000000888, 44.99999999999999289 ) ) ;
#1179 = AXIS2_PLACEMENT_3D ( 'NONE', #1502, #1092, #780 ) ;
#1180 = VERTEX_POINT ( 'NONE', #226 ) ;
#1181 = DIRECTION ( 'NONE',  ( 0.000000000000000000, 0.000000000000000000, -1.000000000000000000 ) ) ;
#1182 = DIRECTION ( 'NONE',  ( 0.000000000000000000, 0.000000000000000000, -1.000000000000000000 ) ) ;
#1183 = CIRCLE ( 'NONE', #694, 8.000000000000000000 ) ;
#1184 = CARTESIAN_POINT ( 'NONE',  ( -44.92893218813450318, 6.500000000000000888, 52.92893218813450318 ) ) ;
#1185 = VERTEX_POINT ( 'NONE', #1773 ) ;
#1186 = DIRECTION ( 'NONE',  ( 0.000000000000000000, 0.000000000000000000, -1.000000000000000000 ) ) ;
#1187 = ORIENTED_EDGE ( 'NONE', *, *, #1221, .T. ) ;
#1188 = ADVANCED_FACE ( 'NONE', ( #1234 ), #1486, .F. ) ;
#1189 = DIRECTION ( 'NONE',  ( 0.000000000000000000, 0.000000000000000000, 1.000000000000000000 ) ) ;
#1190 = LINE ( 'NONE', #641, #721 ) ;
#1191 = AXIS2_PLACEMENT_3D ( 'NONE', #1495, #1540, #1408 ) ;
#1192 = CARTESIAN_POINT ( 'NONE',  ( -52.92893218813450318, 6.500000000000000888, 44.92893218813450318 ) ) ;
#1193 = EDGE_CURVE ( 'NONE', #1719, #15, #703, .T. ) ;
#1194 = ORIENTED_EDGE ( 'NONE', *, *, #66, .F. ) ;
#1195 = FACE_OUTER_BOUND ( 'NONE', #930, .T. ) ;
#1196 = ORIENTED_EDGE ( 'NONE', *, *, #1496, .F. ) ;
#1197 = DIRECTION ( 'NONE',  ( -0.000000000000000000, -1.000000000000000000, -0.000000000000000000 ) ) ;
#1198 = LINE ( 'NONE', #380, #312 ) ;
#1199 = CARTESIAN_POINT ( 'NONE',  ( 45.00000000000000000, 3.200000000000000178, -45.00000000000000711 ) ) ;
#1200 = DIRECTION ( 'NONE',  ( 0.000000000000000000, -1.000000000000000000, 0.000000000000000000 ) ) ;
#1201 = ORIENTED_EDGE ( 'NONE', *, *, #1459, .T. ) ;
#1202 = CARTESIAN_POINT ( 'NONE',  ( 45.00000000000000000, 3.200000000000000178, -45.00000000000000711 ) ) ;
#1203 = ORGANIZATION ( 'UNSPECIFIED', 'UNSPECIFIED', '' ) ;
#1204 = EDGE_LOOP ( 'NONE', ( #441, #168 ) ) ;
#1205 = DIRECTION ( 'NONE',  ( -1.000000000000000000, 0.000000000000000000, 7.722077474322605539E-17 ) ) ;
#1206 = CIRCLE ( 'NONE', #1492, 4.999999999999997335 ) ;
#1207 = FACE_OUTER_BOUND ( 'NONE', #505, .T. ) ;
#1208 = EDGE_CURVE ( 'NONE', #115, #383, #666, .T. ) ;
#1209 = CARTESIAN_POINT ( 'NONE',  ( 44.92893218813452449, 2.500000000000000000, -54.92893218813453871 ) ) ;
#1210 = DIRECTION ( 'NONE',  ( 0.000000000000000000, -1.000000000000000000, 0.000000000000000000 ) ) ;
#1211 = VECTOR ( 'NONE', #376, 1000.000000000000000 ) ;
#1212 = VERTEX_POINT ( 'NONE', #1217 ) ;
#1213 = DIRECTION ( 'NONE',  ( -3.088830989729041722E-16, 0.000000000000000000, -1.000000000000000000 ) ) ;
#1214 = ORIENTED_EDGE ( 'NONE', *, *, #904, .T. ) ;
#1215 = CYLINDRICAL_SURFACE ( 'NONE', #1235, 2.849999999999998312 ) ;
#1216 = DIRECTION ( 'NONE',  ( -0.000000000000000000, -1.000000000000000000, -0.000000000000000000 ) ) ;
#1217 = CARTESIAN_POINT ( 'NONE',  ( -45.00000000000000000, 6.500000000000000888, -48.75000000000000000 ) ) ;
#1218 = DIRECTION ( 'NONE',  ( 0.000000000000000000, 1.000000000000000000, 0.000000000000000000 ) ) ;
#1219 = ORIENTED_EDGE ( 'NONE', *, *, #419, .F. ) ;
#1220 = CYLINDRICAL_SURFACE ( 'NONE', #1069, 2.849999999999998312 ) ;
#1221 = EDGE_CURVE ( 'NONE', #1143, #1755, #1628, .T. ) ;
#1222 = VERTEX_POINT ( 'NONE', #946 ) ;
#1223 = DIRECTION ( 'NONE',  ( 0.000000000000000000, 0.000000000000000000, -1.000000000000000000 ) ) ;
#1224 = CARTESIAN_POINT ( 'NONE',  ( -45.00000000000000000, 6.500000000000000888, -45.00000000000000711 ) ) ;
#1225 = DIRECTION ( 'NONE',  ( -0.000000000000000000, -1.000000000000000000, -0.000000000000000000 ) ) ;
#1226 = DIRECTION ( 'NONE',  ( 0.000000000000000000, 0.000000000000000000, 1.000000000000000000 ) ) ;
#1227 = VERTEX_POINT ( 'NONE', #119 ) ;
#1228 = AXIS2_PLACEMENT_3D ( 'NONE', #465, #1311, #607 ) ;
#1229 = CYLINDRICAL_SURFACE ( 'NONE', #437, 1.700000000000000178 ) ;
#1230 = EDGE_CURVE ( 'NONE', #587, #529, #802, .T. ) ;
#1231 = EDGE_CURVE ( 'NONE', #1681, #1097, #1065, .T. ) ;
#1232 = VERTEX_POINT ( 'NONE', #1648 ) ;
#1233 = APPLICATION_PROTOCOL_DEFINITION ( 'international standard', 'config_control_design', 1994, #915 ) ;
#1234 = FACE_OUTER_BOUND ( 'NONE', #1372, .T. ) ;
#1235 = AXIS2_PLACEMENT_3D ( 'NONE', #1624, #1085, #258 ) ;
#1236 = CARTESIAN_POINT ( 'NONE',  ( 44.92893218813456713, 2.500000000000000000, 44.92893218813450318 ) ) ;
#1237 = ORIENTED_EDGE ( 'NONE', *, *, #231, .T. ) ;
#1238 = CARTESIAN_POINT ( 'NONE',  ( -45.00000000000000000, 0.000000000000000000, -42.15000000000000568 ) ) ;
#1239 = AXIS2_PLACEMENT_3D ( 'NONE', #1560, #864, #1440 ) ;
#1240 = ORIENTED_EDGE ( 'NONE', *, *, #1449, .T. ) ;
#1241 = CARTESIAN_POINT ( 'NONE',  ( -44.92893218813450318, 0.000000000000000000, 44.92893218813450318 ) ) ;
#1242 = ADVANCED_FACE ( 'NONE', ( #1103 ), #810, .T. ) ;
#1243 = DIRECTION ( 'NONE',  ( 0.000000000000000000, 0.000000000000000000, 1.000000000000000000 ) ) ;
#1244 = DIRECTION ( 'NONE',  ( 2.316623242296781908E-16, -0.000000000000000000, 1.000000000000000000 ) ) ;
#1245 = ORIENTED_EDGE ( 'NONE', *, *, #279, .F. ) ;
#1246 = DIRECTION ( 'NONE',  ( 0.000000000000000000, 0.000000000000000000, 1.000000000000000000 ) ) ;
#1247 = AXIS2_PLACEMENT_3D ( 'NONE', #1542, #726, #704 ) ;
#1248 = VERTEX_POINT ( 'NONE', #783 ) ;
#1249 = EDGE_CURVE ( 'NONE', #1212, #1248, #1087, .T. ) ;
#1250 = DIRECTION ( 'NONE',  ( -1.544415494864520861E-16, 0.000000000000000000, -1.000000000000000000 ) ) ;
#1251 = CARTESIAN_POINT ( 'NONE',  ( -44.92893218813450318, 2.500000000000000000, 44.92893218813450318 ) ) ;
#1252 = EDGE_CURVE ( 'NONE', #1601, #1618, #261, .T. ) ;
#1253 = VERTEX_POINT ( 'NONE', #1358 ) ;
#1254 = FACE_OUTER_BOUND ( 'NONE', #1100, .T. ) ;
#1255 = EDGE_LOOP ( 'NONE', ( #232, #715 ) ) ;
#1256 = CARTESIAN_POINT ( 'NONE',  ( -44.92893218813450318, 6.500000000000000888, 52.92893218813450318 ) ) ;
#1257 =( NAMED_UNIT ( * ) SI_UNIT ( $, .STERADIAN. ) SOLID_ANGLE_UNIT ( ) );
#1258 = DIRECTION ( 'NONE',  ( 0.000000000000000000, 0.000000000000000000, -1.000000000000000000 ) ) ;
#1259 = AXIS2_PLACEMENT_3D ( 'NONE', #640, #935, #1062 ) ;
#1260 = DIRECTION ( 'NONE',  ( 0.000000000000000000, 0.000000000000000000, 1.000000000000000000 ) ) ;
#1261 = EDGE_CURVE ( 'NONE', #1681, #565, #781, .T. ) ;
#1262 = AXIS2_PLACEMENT_3D ( 'NONE', #1286, #1578, #333 ) ;
#1263 = VERTEX_POINT ( 'NONE', #1763 ) ;
#1264 = DIRECTION ( 'NONE',  ( 0.000000000000000000, 0.000000000000000000, -1.000000000000000000 ) ) ;
#1265 = EDGE_CURVE ( 'NONE', #1719, #616, #126, .T. ) ;
#1266 = EDGE_LOOP ( 'NONE', ( #1414, #538, #670, #1057, #1412, #1706, #1567, #1483 ) ) ;
#1267 = DIRECTION ( 'NONE',  ( -1.000000000000000000, 0.000000000000000000, 7.722077474322601841E-17 ) ) ;
#1268 = CC_DESIGN_PERSON_AND_ORGANIZATION_ASSIGNMENT ( #1402, #35, ( #355 ) ) ;
#1269 = CARTESIAN_POINT ( 'NONE',  ( -45.00000000000000000, 3.200000000000000178, 44.99999999999999289 ) ) ;
#1270 = LINE ( 'NONE', #569, #1279 ) ;
#1271 = DIRECTION ( 'NONE',  ( -2.316623242296781908E-16, 0.000000000000000000, -1.000000000000000000 ) ) ;
#1272 = ORIENTED_EDGE ( 'NONE', *, *, #340, .F. ) ;
#1273 = CARTESIAN_POINT ( 'NONE',  ( -44.92893218813451028, 0.000000000000000000, -49.92893218813453871 ) ) ;
#1274 = VECTOR ( 'NONE', #944, 1000.000000000000000 ) ;
#1275 = APPROVAL_STATUS ( 'not_yet_approved' ) ;
#1276 = FACE_OUTER_BOUND ( 'NONE', #557, .T. ) ;
#1277 = CARTESIAN_POINT ( 'NONE',  ( -44.92893218813450318, 2.500000000000000000, 44.92893218813450318 ) ) ;
#1278 = VERTEX_POINT ( 'NONE', #1479 ) ;
#1279 = VECTOR ( 'NONE', #309, 1000.000000000000000 ) ;
#1280 = VERTEX_POINT ( 'NONE', #1336 ) ;
#1281 = DIRECTION ( 'NONE',  ( 0.000000000000000000, 0.000000000000000000, -1.000000000000000000 ) ) ;
#1282 = EDGE_CURVE ( 'NONE', #1630, #1155, #93, .T. ) ;
#1283 = CALENDAR_DATE ( 2026, 4, 1 ) ;
#1284 = VERTEX_POINT ( 'NONE', #1752 ) ;
#1285 = AXIS2_PLACEMENT_3D ( 'NONE', #322, #60, #1452 ) ;
#1286 = CARTESIAN_POINT ( 'NONE',  ( -45.00000000000000000, 3.200000000000000178, 44.99999999999999289 ) ) ;
#1287 = APPLICATION_CONTEXT ( 'configuration controlled 3d designs of mechanical parts and assemblies' ) ;
#1288 = DIRECTION ( 'NONE',  ( 0.000000000000000000, -1.000000000000000000, 0.000000000000000000 ) ) ;
#1289 = SECURITY_CLASSIFICATION ( '', '', #763 ) ;
#1290 = VERTEX_POINT ( 'NONE', #519 ) ;
#1291 = ORIENTED_EDGE ( 'NONE', *, *, #1606, .F. ) ;
#1292 = DIRECTION ( 'NONE',  ( 0.000000000000000000, 0.000000000000000000, -1.000000000000000000 ) ) ;
#1293 = ORIENTED_EDGE ( 'NONE', *, *, #1575, .T. ) ;
#1294 = DIRECTION ( 'NONE',  ( 0.000000000000000000, 1.000000000000000000, 0.000000000000000000 ) ) ;
#1295 = AXIS2_PLACEMENT_3D ( 'NONE', #294, #1389, #23 ) ;
#1296 = VECTOR ( 'NONE', #1352, 1000.000000000000000 ) ;
#1297 = EDGE_CURVE ( 'NONE', #1284, #529, #1165, .T. ) ;
#1298 = CYLINDRICAL_SURFACE ( 'NONE', #10, 2.849999999999998312 ) ;
#1299 = EDGE_CURVE ( 'NONE', #1324, #1155, #372, .T. ) ;
#1300 = ORIENTED_EDGE ( 'NONE', *, *, #1590, .T. ) ;
#1301 = ADVANCED_FACE ( 'NONE', ( #36 ), #553, .F. ) ;
#1302 = AXIS2_PLACEMENT_3D ( 'NONE', #163, #574, #1687 ) ;
#1303 = ORIENTED_EDGE ( 'NONE', *, *, #1563, .F. ) ;
#1304 = DIRECTION ( 'NONE',  ( 0.000000000000000000, 0.000000000000000000, -1.000000000000000000 ) ) ;
#1305 = AXIS2_PLACEMENT_3D ( 'NONE', #1583, #337, #1313 ) ;
#1306 = PERSON_AND_ORGANIZATION ( #1780, #1203 ) ;
#1307 = ORIENTED_EDGE ( 'NONE', *, *, #76, .F. ) ;
#1308 = FACE_OUTER_BOUND ( 'NONE', #1021, .T. ) ;
#1309 = DIRECTION ( 'NONE',  ( -0.000000000000000000, -1.000000000000000000, -0.000000000000000000 ) ) ;
#1310 = ADVANCED_FACE ( 'NONE', ( #1276 ), #1515, .F. ) ;
#1311 = DIRECTION ( 'NONE',  ( 0.000000000000000000, 0.000000000000000000, 1.000000000000000000 ) ) ;
#1312 = ORIENTED_EDGE ( 'NONE', *, *, #440, .F. ) ;
#1313 = DIRECTION ( 'NONE',  ( 0.000000000000000000, 0.000000000000000000, -1.000000000000000000 ) ) ;
#1314 = PERSON_AND_ORGANIZATION ( #1780, #1203 ) ;
#1315 = ORIENTED_EDGE ( 'NONE', *, *, #1753, .T. ) ;
#1316 = AXIS2_PLACEMENT_3D ( 'NONE', #342, #1629, #1047 ) ;
#1317 = CARTESIAN_POINT ( 'NONE',  ( -44.92893218813450318, 2.500000000000000000, 44.92893218813450318 ) ) ;
#1318 = DIRECTION ( 'NONE',  ( -0.000000000000000000, -1.000000000000000000, -0.000000000000000000 ) ) ;
#1319 = CARTESIAN_POINT ( 'NONE',  ( 45.00000000000000711, 3.200000000000000178, 44.99999999999999289 ) ) ;
#1320 = ORIENTED_EDGE ( 'NONE', *, *, #1054, .F. ) ;
#1321 = LINE ( 'NONE', #193, #1146 ) ;
#1322 = EDGE_CURVE ( 'NONE', #570, #327, #1111, .T. ) ;
#1323 = AXIS2_PLACEMENT_3D ( 'NONE', #242, #395, #923 ) ;
#1324 = VERTEX_POINT ( 'NONE', #1663 ) ;
#1325 = DIRECTION ( 'NONE',  ( 0.000000000000000000, 0.000000000000000000, -1.000000000000000000 ) ) ;
#1326 = EDGE_CURVE ( 'NONE', #1280, #1253, #1621, .T. ) ;
#1327 = CARTESIAN_POINT ( 'NONE',  ( -49.92893218813451028, 5.000000000000000000, 44.92893218813450318 ) ) ;
#1328 = CIRCLE ( 'NONE', #1650, 3.750000000000010214 ) ;
#1329 = DIRECTION ( 'NONE',  ( 0.000000000000000000, -1.000000000000000000, 0.000000000000000000 ) ) ;
#1330 = ORIENTED_EDGE ( 'NONE', *, *, #625, .F. ) ;
#1331 = FACE_OUTER_BOUND ( 'NONE', #138, .T. ) ;
#1332 = AXIS2_PLACEMENT_3D ( 'NONE', #1385, #985, #11 ) ;
#1333 = ORIENTED_EDGE ( 'NONE', *, *, #562, .T. ) ;
#1334 = CARTESIAN_POINT ( 'NONE',  ( 44.92893218813456713, 6.500000000000000888, 44.92893218813450318 ) ) ;
#1335 = CARTESIAN_POINT ( 'NONE',  ( -45.00000000000000000, 3.200000000000000178, 44.99999999999999289 ) ) ;
#1336 = CARTESIAN_POINT ( 'NONE',  ( -45.00000000000000000, 3.200000000000000178, -46.70000000000000284 ) ) ;
#1337 = EDGE_LOOP ( 'NONE', ( #1315, #1748 ) ) ;
#1338 = DIRECTION ( 'NONE',  ( 0.000000000000000000, 0.000000000000000000, -1.000000000000000000 ) ) ;
#1339 = EDGE_LOOP ( 'NONE', ( #496, #1300 ) ) ;
#1340 = EDGE_CURVE ( 'NONE', #1759, #177, #1122, .T. ) ;
#1341 = FACE_OUTER_BOUND ( 'NONE', #159, .T. ) ;
#1342 = CARTESIAN_POINT ( 'NONE',  ( -45.00000000000000000, 6.500000000000000888, -45.00000000000000711 ) ) ;
#1343 = CARTESIAN_POINT ( 'NONE',  ( 45.00000000000000711, 2.500000000000000000, 44.99999999999999289 ) ) ;
#1344 = FACE_OUTER_BOUND ( 'NONE', #344, .T. ) ;
#1345 = ORIENTED_EDGE ( 'NONE', *, *, #1208, .T. ) ;
#1346 = LINE ( 'NONE', #105, #428 ) ;
#1347 = VECTOR ( 'NONE', #1393, 1000.000000000000000 ) ;
#1348 = VERTEX_POINT ( 'NONE', #438 ) ;
#1349 = FACE_BOUND ( 'NONE', #1661, .T. ) ;
#1350 = CYLINDRICAL_SURFACE ( 'NONE', #1191, 3.750000000000010214 ) ;
#1351 = CARTESIAN_POINT ( 'NONE',  ( -54.92893218813451028, 5.000000000000000000, 44.92893218813450318 ) ) ;
#1352 = DIRECTION ( 'NONE',  ( -0.000000000000000000, -1.000000000000000000, -0.000000000000000000 ) ) ;
#1353 = VERTEX_POINT ( 'NONE', #712 ) ;
#1354 = CARTESIAN_POINT ( 'NONE',  ( 45.00000000000000000, 6.500000000000000888, -46.70000000000000284 ) ) ;
#1355 = ORIENTED_EDGE ( 'NONE', *, *, #386, .F. ) ;
#1356 = LINE ( 'NONE', #117, #1463 ) ;
#1357 = CARTESIAN_POINT ( 'NONE',  ( 54.92893218813455292, 2.500000000000000000, 44.92893218813451028 ) ) ;
#1358 = CARTESIAN_POINT ( 'NONE',  ( -45.00000000000000000, 3.200000000000000178, -43.30000000000000426 ) ) ;
#1359 = DIRECTION ( 'NONE',  ( 0.000000000000000000, 0.000000000000000000, 1.000000000000000000 ) ) ;
#1360 = ADVANCED_FACE ( 'NONE', ( #406 ), #568, .F. ) ;
#1361 = VECTOR ( 'NONE', #773, 1000.000000000000000 ) ;
#1362 = ORIENTED_EDGE ( 'NONE', *, *, #191, .T. ) ;
#1363 = DIRECTION ( 'NONE',  ( -0.000000000000000000, -1.000000000000000000, -0.000000000000000000 ) ) ;
#1364 = ORIENTED_EDGE ( 'NONE', *, *, #1004, .F. ) ;
#1365 = DIRECTION ( 'NONE',  ( -0.000000000000000000, -1.000000000000000000, -0.000000000000000000 ) ) ;
#1366 = CARTESIAN_POINT ( 'NONE',  ( -45.00000000000000000, 6.500000000000000888, -48.75000000000000000 ) ) ;
#1367 = CARTESIAN_POINT ( 'NONE',  ( -44.92893218813450318, 6.500000000000000888, 44.92893218813450318 ) ) ;
#1368 = CIRCLE ( 'NONE', #894, 1.700000000000000178 ) ;
#1369 = VERTEX_POINT ( 'NONE', #1679 ) ;
#1370 = DIRECTION ( 'NONE',  ( 0.000000000000000000, 1.000000000000000000, 0.000000000000000000 ) ) ;
#1371 = EDGE_CURVE ( 'NONE', #1097, #59, #228, .T. ) ;
#1372 = EDGE_LOOP ( 'NONE', ( #459, #953, #285, #1172 ) ) ;
#1373 = AXIS2_PLACEMENT_3D ( 'NONE', #444, #9, #153 ) ;
#1374 = ADVANCED_FACE ( 'NONE', ( #1410 ), #172, .T. ) ;
#1375 = APPROVAL ( #993, 'UNSPECIFIED' ) ;
#1376 = CARTESIAN_POINT ( 'NONE',  ( -44.92893218813450318, 2.500000000000000000, 54.92893218813450318 ) ) ;
#1377 = DIRECTION ( 'NONE',  ( 0.000000000000000000, -1.000000000000000000, 0.000000000000000000 ) ) ;
#1378 = ORIENTED_EDGE ( 'NONE', *, *, #1395, .T. ) ;
#1379 = PLANE ( 'NONE',  #1467 ) ;
#1380 = AXIS2_PLACEMENT_3D ( 'NONE', #274, #410, #1126 ) ;
#1381 = AXIS2_PLACEMENT_3D ( 'NONE', #713, #1672, #1516 ) ;
#1382 = VERTEX_POINT ( 'NONE', #720 ) ;
#1383 = EDGE_CURVE ( 'NONE', #1177, #601, #829, .T. ) ;
#1384 = CARTESIAN_POINT ( 'NONE',  ( -45.00000000000000000, 6.500000000000000888, -41.24999999999997868 ) ) ;
#1385 = CARTESIAN_POINT ( 'NONE',  ( 44.92893218813456713, 2.500000000000000000, 44.92893218813450318 ) ) ;
#1386 = VECTOR ( 'NONE', #445, 1000.000000000000000 ) ;
#1387 = FACE_BOUND ( 'NONE', #849, .T. ) ;
#1388 = ORIENTED_EDGE ( 'NONE', *, *, #1494, .F. ) ;
#1389 = DIRECTION ( 'NONE',  ( 1.000000000000000000, 0.000000000000000000, -1.544415494864521354E-16 ) ) ;
#1390 = CIRCLE ( 'NONE', #1247, 2.849999999999998312 ) ;
#1391 = VERTEX_POINT ( 'NONE', #416 ) ;
#1392 = DIRECTION ( 'NONE',  ( 0.000000000000000000, 0.000000000000000000, 1.000000000000000000 ) ) ;
#1393 = DIRECTION ( 'NONE',  ( 1.000000000000000000, 0.000000000000000000, -7.722077474322601841E-17 ) ) ;
#1394 = ORIENTED_EDGE ( 'NONE', *, *, #1459, .F. ) ;
#1395 = EDGE_CURVE ( 'NONE', #59, #1097, #1390, .T. ) ;
#1396 = DIRECTION ( 'NONE',  ( 0.000000000000000000, -1.000000000000000000, 0.000000000000000000 ) ) ;
#1397 = LINE ( 'NONE', #974, #1114 ) ;
#1398 = VERTEX_POINT ( 'NONE', #134 ) ;
#1399 = FACE_OUTER_BOUND ( 'NONE', #1716, .T. ) ;
#1400 = ORIENTED_EDGE ( 'NONE', *, *, #756, .T. ) ;
#1401 = CARTESIAN_POINT ( 'NONE',  ( 45.00000000000000000, 2.500000000000000000, -41.24999999999999289 ) ) ;
#1402 = PERSON_AND_ORGANIZATION ( #1780, #1203 ) ;
#1403 = FACE_BOUND ( 'NONE', #1255, .T. ) ;
#1404 = FACE_OUTER_BOUND ( 'NONE', #1106, .T. ) ;
#1405 = EDGE_CURVE ( 'NONE', #771, #1700, #57, .T. ) ;
#1406 = CARTESIAN_POINT ( 'NONE',  ( -45.00000000000000000, 3.200000000000000178, 44.99999999999999289 ) ) ;
#1407 = ORIENTED_EDGE ( 'NONE', *, *, #490, .F. ) ;
#1408 = DIRECTION ( 'NONE',  ( 0.000000000000000000, 0.000000000000000000, -1.000000000000000000 ) ) ;
#1409 = FACE_OUTER_BOUND ( 'NONE', #1266, .T. ) ;
#1410 = FACE_OUTER_BOUND ( 'NONE', #548, .T. ) ;
#1411 = CARTESIAN_POINT ( 'NONE',  ( -44.92893218813450318, 5.000000000000000000, 49.92893218813450318 ) ) ;
#1412 = ORIENTED_EDGE ( 'NONE', *, *, #1137, .T. ) ;
#1413 = ADVANCED_FACE ( 'NONE', ( #1403, #3 ), #1523, .T. ) ;
#1414 = ORIENTED_EDGE ( 'NONE', *, *, #1453, .T. ) ;
#1415 = CARTESIAN_POINT ( 'NONE',  ( 45.00000000000000711, 3.200000000000000178, 42.14999999999999147 ) ) ;
#1416 = CIRCLE ( 'NONE', #495, 10.00000000000001599 ) ;
#1417 = EDGE_LOOP ( 'NONE', ( #486, #409, #315, #403 ) ) ;
#1418 = DIRECTION ( 'NONE',  ( 0.000000000000000000, -1.000000000000000000, 0.000000000000000000 ) ) ;
#1419 = CARTESIAN_POINT ( 'NONE',  ( 45.00000000000000711, 0.000000000000000000, 42.14999999999999147 ) ) ;
#1420 = ORIENTED_EDGE ( 'NONE', *, *, #1340, .F. ) ;
#1421 = AXIS2_PLACEMENT_3D ( 'NONE', #831, #1244, #4 ) ;
#1422 = ORIENTED_EDGE ( 'NONE', *, *, #762, .F. ) ;
#1423 = CARTESIAN_POINT ( 'NONE',  ( -44.92893218813450318, 0.000000000000000000, 49.92893218813450318 ) ) ;
#1424 = EDGE_CURVE ( 'NONE', #1227, #1759, #867, .T. ) ;
#1425 = EDGE_LOOP ( 'NONE', ( #1128, #1388, #1770, #95 ) ) ;
#1426 = AXIS2_PLACEMENT_3D ( 'NONE', #1546, #306, #1292 ) ;
#1427 = CARTESIAN_POINT ( 'NONE',  ( 44.92893218813456713, 0.000000000000000000, 44.92893218813450318 ) ) ;
#1428 = DIRECTION ( 'NONE',  ( -0.000000000000000000, -1.000000000000000000, -0.000000000000000000 ) ) ;
#1429 = PRODUCT_DEFINITION_FORMATION_WITH_SPECIFIED_SOURCE ( 'ANY', '', #650, .NOT_KNOWN. ) ;
#1430 = ORIENTED_EDGE ( 'NONE', *, *, #109, .F. ) ;
#1431 = AXIS2_PLACEMENT_3D ( 'NONE', #895, #1014, #1325 ) ;
#1432 = ORIENTED_EDGE ( 'NONE', *, *, #1568, .F. ) ;
#1433 = DIRECTION ( 'NONE',  ( 0.000000000000000000, -1.000000000000000000, 0.000000000000000000 ) ) ;
#1434 = DATE_TIME_ROLE ( 'classification_date' ) ;
#1435 = ORIENTED_EDGE ( 'NONE', *, *, #1549, .F. ) ;
#1436 = EDGE_CURVE ( 'NONE', #779, #868, #143, .T. ) ;
#1437 = CARTESIAN_POINT ( 'NONE',  ( -45.00000000000000000, 3.200000000000000178, 43.29999999999999005 ) ) ;
#1438 = AXIS2_PLACEMENT_3D ( 'NONE', #977, #850, #1264 ) ;
#1439 = AXIS2_PLACEMENT_3D ( 'NONE', #1236, #417, #254 ) ;
#1440 = DIRECTION ( 'NONE',  ( 0.000000000000000000, 0.000000000000000000, -1.000000000000000000 ) ) ;
#1441 = ORIENTED_EDGE ( 'NONE', *, *, #1265, .T. ) ;
#1442 = VERTEX_POINT ( 'NONE', #560 ) ;
#1443 = DIRECTION ( 'NONE',  ( 1.544415494864521354E-16, 0.000000000000000000, 1.000000000000000000 ) ) ;
#1444 = CALENDAR_DATE ( 2026, 4, 1 ) ;
#1445 = ORIENTED_EDGE ( 'NONE', *, *, #1127, .T. ) ;
#1446 = ADVANCED_FACE ( 'NONE', ( #316, #206 ), #81, .T. ) ;
#1447 = CARTESIAN_POINT ( 'NONE',  ( 45.00000000000000711, 6.500000000000000888, 44.99999999999999289 ) ) ;
#1448 = DIRECTION ( 'NONE',  ( -0.000000000000000000, -1.000000000000000000, -0.000000000000000000 ) ) ;
#1449 = EDGE_CURVE ( 'NONE', #1755, #779, #1173, .T. ) ;
#1450 = DIRECTION ( 'NONE',  ( 0.000000000000000000, 0.000000000000000000, -1.000000000000000000 ) ) ;
#1451 = EDGE_LOOP ( 'NONE', ( #939, #728, #1150, #1084 ) ) ;
#1452 = DIRECTION ( 'NONE',  ( 0.000000000000000000, 0.000000000000000000, 1.000000000000000000 ) ) ;
#1453 = EDGE_CURVE ( 'NONE', #1382, #471, #976, .T. ) ;
#1454 = ORIENTED_EDGE ( 'NONE', *, *, #866, .T. ) ;
#1455 = LINE ( 'NONE', #491, #858 ) ;
#1456 = AXIS2_PLACEMENT_3D ( 'NONE', #1406, #1544, #303 ) ;
#1457 = LINE ( 'NONE', #1064, #1361 ) ;
#1458 = PLANE ( 'NONE',  #69 ) ;
#1459 = EDGE_CURVE ( 'NONE', #149, #1554, #423, .T. ) ;
#1460 = VECTOR ( 'NONE', #710, 1000.000000000000000 ) ;
#1461 = ORIENTED_EDGE ( 'NONE', *, *, #508, .T. ) ;
#1462 = PLANE ( 'NONE',  #597 ) ;
#1463 = VECTOR ( 'NONE', #90, 1000.000000000000000 ) ;
#1464 = ORIENTED_EDGE ( 'NONE', *, *, #775, .F. ) ;
#1465 = FACE_OUTER_BOUND ( 'NONE', #186, .T. ) ;
#1466 = DIRECTION ( 'NONE',  ( 1.000000000000000000, 0.000000000000000000, 0.000000000000000000 ) ) ;
#1467 = AXIS2_PLACEMENT_3D ( 'NONE', #286, #1370, #431 ) ;
#1468 = VECTOR ( 'NONE', #746, 1000.000000000000000 ) ;
#1469 = DIRECTION ( 'NONE',  ( 0.000000000000000000, 0.000000000000000000, -1.000000000000000000 ) ) ;
#1470 = CARTESIAN_POINT ( 'NONE',  ( 52.92893218813456002, 6.500000000000000888, 44.92893218813450318 ) ) ;
#1471 = ADVANCED_FACE ( 'NONE', ( #1587 ), #872, .F. ) ;
#1472 = ORIENTED_EDGE ( 'NONE', *, *, #1176, .T. ) ;
#1473 = CARTESIAN_POINT ( 'NONE',  ( -44.92893218813450318, 6.500000000000000888, 44.92893218813450318 ) ) ;
#1474 = AXIS2_PLACEMENT_3D ( 'NONE', #291, #1148, #847 ) ;
#1475 = ORIENTED_EDGE ( 'NONE', *, *, #330, .F. ) ;
#1476 = CARTESIAN_POINT ( 'NONE',  ( 45.00000000000000000, 6.500000000000000888, -46.70000000000000284 ) ) ;
#1477 = CARTESIAN_POINT ( 'NONE',  ( 44.92893218813452449, 0.000000000000000000, -49.92893218813453871 ) ) ;
#1478 = AXIS2_PLACEMENT_3D ( 'NONE', #381, #244, #1094 ) ;
#1479 = CARTESIAN_POINT ( 'NONE',  ( 45.00000000000000711, 3.200000000000000178, 46.69999999999998863 ) ) ;
#1480 = DIRECTION ( 'NONE',  ( -0.000000000000000000, -1.000000000000000000, -0.000000000000000000 ) ) ;
#1481 = EDGE_LOOP ( 'NONE', ( #1599, #1537 ) ) ;
#1482 = LINE ( 'NONE', #239, #748 ) ;
#1483 = ORIENTED_EDGE ( 'NONE', *, *, #1699, .T. ) ;
#1484 = FACE_BOUND ( 'NONE', #1204, .T. ) ;
#1485 = DIRECTION ( 'NONE',  ( 0.000000000000000000, -1.000000000000000000, 0.000000000000000000 ) ) ;
#1486 = CYLINDRICAL_SURFACE ( 'NONE', #1478, 1.700000000000000178 ) ;
#1487 = CARTESIAN_POINT ( 'NONE',  ( -45.00000000000000000, 6.500000000000000888, 44.99999999999999289 ) ) ;
#1488 = ORIENTED_EDGE ( 'NONE', *, *, #144, .F. ) ;
#1489 = CARTESIAN_POINT ( 'NONE',  ( -45.00000000000000000, 6.500000000000000888, 44.99999999999999289 ) ) ;
#1490 = CC_DESIGN_APPROVAL ( #1375, ( #355 ) ) ;
#1491 = ORIENTED_EDGE ( 'NONE', *, *, #1647, .F. ) ;
#1492 = AXIS2_PLACEMENT_3D ( 'NONE', #55, #1596, #1023 ) ;
#1493 = DIRECTION ( 'NONE',  ( 0.000000000000000000, 0.000000000000000000, 1.000000000000000000 ) ) ;
#1494 = EDGE_CURVE ( 'NONE', #1799, #1353, #1455, .T. ) ;
#1495 = CARTESIAN_POINT ( 'NONE',  ( 45.00000000000000711, 6.500000000000000888, 44.99999999999999289 ) ) ;
#1496 = EDGE_CURVE ( 'NONE', #1185, #587, #1644, .T. ) ;
#1497 = CARTESIAN_POINT ( 'NONE',  ( -44.92893218813451028, 6.500000000000000888, -44.92893218813451739 ) ) ;
#1498 = CARTESIAN_POINT ( 'NONE',  ( -49.92893218813453160, 5.000000000000000000, -44.92893218813451739 ) ) ;
#1499 = ORIENTED_EDGE ( 'NONE', *, *, #1265, .F. ) ;
#1500 = FACE_OUTER_BOUND ( 'NONE', #1417, .T. ) ;
#1501 = EDGE_LOOP ( 'NONE', ( #998, #30 ) ) ;
#1502 = CARTESIAN_POINT ( 'NONE',  ( -45.00000000000000000, 6.500000000000000888, 44.99999999999999289 ) ) ;
#1503 = DIRECTION ( 'NONE',  ( -0.000000000000000000, -1.000000000000000000, -0.000000000000000000 ) ) ;
#1504 = DIRECTION ( 'NONE',  ( 0.000000000000000000, 0.000000000000000000, -1.000000000000000000 ) ) ;
#1505 = CYLINDRICAL_SURFACE ( 'NONE', #1421, 4.999999999999997335 ) ;
#1506 = VECTOR ( 'NONE', #296, 1000.000000000000000 ) ;
#1507 = ADVANCED_FACE ( 'NONE', ( #1166 ), #887, .T. ) ;
#1508 = ORIENTED_EDGE ( 'NONE', *, *, #657, .T. ) ;
#1509 = DIRECTION ( 'NONE',  ( -0.000000000000000000, -1.000000000000000000, -0.000000000000000000 ) ) ;
#1510 = VERTEX_POINT ( 'NONE', #1157 ) ;
#1511 = CC_DESIGN_PERSON_AND_ORGANIZATION_ASSIGNMENT ( #1314, #732, ( #1429 ) ) ;
#1512 = PLANE ( 'NONE',  #1580 ) ;
#1513 = EDGE_LOOP ( 'NONE', ( #1017, #807, #202, #718 ) ) ;
#1514 = VECTOR ( 'NONE', #1096, 1000.000000000000000 ) ;
#1515 = CYLINDRICAL_SURFACE ( 'NONE', #1104, 2.849999999999998312 ) ;
#1516 = DIRECTION ( 'NONE',  ( 0.000000000000000000, 0.000000000000000000, -1.000000000000000000 ) ) ;
#1517 = VECTOR ( 'NONE', #1443, 1000.000000000000000 ) ;
#1518 = EDGE_LOOP ( 'NONE', ( #1693, #71 ) ) ;
#1519 = CARTESIAN_POINT ( 'NONE',  ( -44.92893218813451028, 0.000000000000000000, -44.92893218813451739 ) ) ;
#1520 = ORIENTED_EDGE ( 'NONE', *, *, #231, .F. ) ;
#1521 = AXIS2_PLACEMENT_3D ( 'NONE', #1138, #1662, #424 ) ;
#1522 = APPROVAL_ROLE ( '' ) ;
#1523 = PLANE ( 'NONE',  #1302 ) ;
#1524 = VECTOR ( 'NONE', #1734, 1000.000000000000000 ) ;
#1525 = DIRECTION ( 'NONE',  ( 0.000000000000000000, 1.000000000000000000, 0.000000000000000000 ) ) ;
#1526 = EDGE_LOOP ( 'NONE', ( #1464, #613, #738, #1089 ) ) ;
#1527 = CYLINDRICAL_SURFACE ( 'NONE', #608, 1.700000000000000178 ) ;
#1528 = EDGE_CURVE ( 'NONE', #77, #1253, #1030, .T. ) ;
#1529 = AXIS2_PLACEMENT_3D ( 'NONE', #420, #1682, #1246 ) ;
#1530 = AXIS2_PLACEMENT_3D ( 'NONE', #427, #1377, #986 ) ;
#1531 = ORIENTED_EDGE ( 'NONE', *, *, #476, .T. ) ;
#1532 = CARTESIAN_POINT ( 'NONE',  ( -45.00000000000000000, 3.200000000000000178, 47.84999999999998721 ) ) ;
#1533 = DIRECTION ( 'NONE',  ( -0.000000000000000000, -1.000000000000000000, -0.000000000000000000 ) ) ;
#1534 = CIRCLE ( 'NONE', #288, 1.700000000000000178 ) ;
#1535 = FACE_BOUND ( 'NONE', #425, .T. ) ;
#1536 = AXIS2_PLACEMENT_3D ( 'NONE', #219, #540, #678 ) ;
#1537 = ORIENTED_EDGE ( 'NONE', *, *, #731, .F. ) ;
#1538 = CARTESIAN_POINT ( 'NONE',  ( -44.92893218813450318, 6.500000000000000888, 44.92893218813450318 ) ) ;
#1539 = ORIENTED_EDGE ( 'NONE', *, *, #432, .F. ) ;
#1540 = DIRECTION ( 'NONE',  ( -0.000000000000000000, -1.000000000000000000, -0.000000000000000000 ) ) ;
#1541 = COORDINATED_UNIVERSAL_TIME_OFFSET ( 1, 0, .AHEAD. ) ;
#1542 = CARTESIAN_POINT ( 'NONE',  ( 45.00000000000000000, 0.000000000000000000, -45.00000000000000711 ) ) ;
#1543 = CARTESIAN_POINT ( 'NONE',  ( 44.92893218813457423, 6.500000000000000888, 52.92893218813449607 ) ) ;
#1544 = DIRECTION ( 'NONE',  ( 0.000000000000000000, -1.000000000000000000, 0.000000000000000000 ) ) ;
#1545 = EDGE_LOOP ( 'NONE', ( #1591, #1461 ) ) ;
#1546 = CARTESIAN_POINT ( 'NONE',  ( 45.00000000000000000, 2.500000000000000000, -45.00000000000000711 ) ) ;
#1547 = CC_DESIGN_APPROVAL ( #38, ( #1429 ) ) ;
#1548 = ADVANCED_FACE ( 'NONE', ( #178 ), #833, .T. ) ;
#1549 = EDGE_CURVE ( 'NONE', #813, #1048, #75, .T. ) ;
#1550 = CARTESIAN_POINT ( 'NONE',  ( 44.92893218813456713, 2.500000000000000000, 54.92893218813449607 ) ) ;
#1551 = CARTESIAN_POINT ( 'NONE',  ( -44.92893218813451028, 2.500000000000000000, -44.92893218813451739 ) ) ;
#1552 = AXIS2_PLACEMENT_3D ( 'NONE', #348, #1045, #454 ) ;
#1553 = ORIENTED_EDGE ( 'NONE', *, *, #1249, .F. ) ;
#1554 = VERTEX_POINT ( 'NONE', #1437 ) ;
#1555 = CARTESIAN_POINT ( 'NONE',  ( -45.00000000000000000, 6.500000000000000888, 48.75000000000000000 ) ) ;
#1556 = VECTOR ( 'NONE', #1726, 1000.000000000000000 ) ;
#1557 = PERSON_AND_ORGANIZATION_ROLE ( 'classification_officer' ) ;
#1558 = ORIENTED_EDGE ( 'NONE', *, *, #154, .T. ) ;
#1559 = CARTESIAN_POINT ( 'NONE',  ( -45.00000000000000000, 6.500000000000000888, -44.99999999999999289 ) ) ;
#1560 = CARTESIAN_POINT ( 'NONE',  ( -45.00000000000000000, 6.500000000000000888, -45.00000000000000711 ) ) ;
#1561 = VECTOR ( 'NONE', #389, 1000.000000000000000 ) ;
#1562 = ORIENTED_EDGE ( 'NONE', *, *, #1767, .F. ) ;
#1563 = EDGE_CURVE ( 'NONE', #1263, #1180, #1206, .T. ) ;
#1564 = ORIENTED_EDGE ( 'NONE', *, *, #1299, .T. ) ;
#1565 = DIRECTION ( 'NONE',  ( 0.000000000000000000, -1.000000000000000000, 0.000000000000000000 ) ) ;
#1566 = VECTOR ( 'NONE', #1656, 1000.000000000000000 ) ;
#1567 = ORIENTED_EDGE ( 'NONE', *, *, #1068, .T. ) ;
#1568 = EDGE_CURVE ( 'NONE', #177, #1353, #1728, .T. ) ;
#1569 = DIRECTION ( 'NONE',  ( 0.000000000000000000, 0.000000000000000000, 1.000000000000000000 ) ) ;
#1570 = CYLINDRICAL_SURFACE ( 'NONE', #180, 4.999999999999997335 ) ;
#1571 = ORIENTED_EDGE ( 'NONE', *, *, #617, .T. ) ;
#1572 = AXIS2_PLACEMENT_3D ( 'NONE', #1551, #758, #576 ) ;
#1573 = EDGE_LOOP ( 'NONE', ( #293, #67, #1472, #1445 ) ) ;
#1574 = DIRECTION ( 'NONE',  ( 0.000000000000000000, 0.000000000000000000, 1.000000000000000000 ) ) ;
#1575 = EDGE_CURVE ( 'NONE', #587, #1185, #717, .T. ) ;
#1576 = COORDINATED_UNIVERSAL_TIME_OFFSET ( 1, 0, .AHEAD. ) ;
#1577 = ORIENTED_EDGE ( 'NONE', *, *, #167, .T. ) ;
#1578 = DIRECTION ( 'NONE',  ( 0.000000000000000000, -1.000000000000000000, 0.000000000000000000 ) ) ;
#1579 = DIRECTION ( 'NONE',  ( 0.000000000000000000, 1.000000000000000000, 0.000000000000000000 ) ) ;
#1580 = AXIS2_PLACEMENT_3D ( 'NONE', #1241, #542, #142 ) ;
#1581 = ORIENTED_EDGE ( 'NONE', *, *, #854, .F. ) ;
#1582 = EDGE_LOOP ( 'NONE', ( #870, #1394 ) ) ;
#1583 = CARTESIAN_POINT ( 'NONE',  ( -45.00000000000000000, 2.500000000000000000, 44.99999999999999289 ) ) ;
#1584 = ADVANCED_FACE ( 'NONE', ( #1707, #1308 ), #1725, .F. ) ;
#1585 = ORIENTED_EDGE ( 'NONE', *, *, #264, .F. ) ;
#1586 = ADVANCED_FACE ( 'NONE', ( #483 ), #1038, .T. ) ;
#1587 = FACE_OUTER_BOUND ( 'NONE', #541, .T. ) ;
#1588 = CARTESIAN_POINT ( 'NONE',  ( 45.00000000000000711, 3.200000000000000178, 44.99999999999999289 ) ) ;
#1589 = DIRECTION ( 'NONE',  ( 0.000000000000000000, 0.000000000000000000, 1.000000000000000000 ) ) ;
#1590 = EDGE_CURVE ( 'NONE', #1700, #771, #1791, .T. ) ;
#1591 = ORIENTED_EDGE ( 'NONE', *, *, #92, .T. ) ;
#1592 = DIRECTION ( 'NONE',  ( -0.000000000000000000, -1.000000000000000000, -0.000000000000000000 ) ) ;
#1593 = DATE_AND_TIME ( #1283, #1034 ) ;
#1594 = ORIENTED_EDGE ( 'NONE', *, *, #2, .T. ) ;
#1595 = AXIS2_PLACEMENT_3D ( 'NONE', #1772, #388, #251 ) ;
#1596 = DIRECTION ( 'NONE',  ( -0.000000000000000000, -1.000000000000000000, -0.000000000000000000 ) ) ;
#1597 = DIRECTION ( 'NONE',  ( 0.000000000000000000, 0.000000000000000000, -1.000000000000000000 ) ) ;
#1598 = DIRECTION ( 'NONE',  ( -0.000000000000000000, -1.000000000000000000, -0.000000000000000000 ) ) ;
#1599 = ORIENTED_EDGE ( 'NONE', *, *, #1156, .F. ) ;
#1600 = CYLINDRICAL_SURFACE ( 'NONE', #838, 10.00000000000001599 ) ;
#1601 = VERTEX_POINT ( 'NONE', #506 ) ;
#1602 = VECTOR ( 'NONE', #152, 1000.000000000000000 ) ;
#1603 = CARTESIAN_POINT ( 'NONE',  ( -45.00000000000000000, 2.500000000000000000, -44.99999999999999289 ) ) ;
#1604 = CIRCLE ( 'NONE', #619, 10.00000000000000178 ) ;
#1605 = CARTESIAN_POINT ( 'NONE',  ( -49.92893218813451028, 0.000000000000000000, 44.92893218813450318 ) ) ;
#1606 = EDGE_CURVE ( 'NONE', #498, #1248, #49, .T. ) ;
#1607 = CARTESIAN_POINT ( 'NONE',  ( -45.00000000000000000, 0.000000000000000000, 44.99999999999999289 ) ) ;
#1608 = ORIENTED_EDGE ( 'NONE', *, *, #1208, .F. ) ;
#1609 = LINE ( 'NONE', #1058, #289 ) ;
#1610 = CIRCLE ( 'NONE', #278, 2.849999999999998312 ) ;
#1611 = ORIENTED_EDGE ( 'NONE', *, *, #76, .T. ) ;
#1612 = CARTESIAN_POINT ( 'NONE',  ( 45.00000000000000000, 6.500000000000000888, -41.24999999999999289 ) ) ;
#1613 = CARTESIAN_POINT ( 'NONE',  ( 45.00000000000000000, 3.200000000000000178, -47.85000000000000142 ) ) ;
#1614 = VECTOR ( 'NONE', #402, 1000.000000000000000 ) ;
#1615 = DIRECTION ( 'NONE',  ( -0.000000000000000000, -1.000000000000000000, -0.000000000000000000 ) ) ;
#1616 = CIRCLE ( 'NONE', #516, 2.849999999999998312 ) ;
#1617 = DIRECTION ( 'NONE',  ( 0.000000000000000000, 0.000000000000000000, 1.000000000000000000 ) ) ;
#1618 = VERTEX_POINT ( 'NONE', #387 ) ;
#1619 = DIRECTION ( 'NONE',  ( 0.000000000000000000, 0.000000000000000000, -1.000000000000000000 ) ) ;
#1620 = ADVANCED_FACE ( 'NONE', ( #124 ), #539, .T. ) ;
#1621 = CIRCLE ( 'NONE', #1474, 1.700000000000000178 ) ;
#1622 = EDGE_LOOP ( 'NONE', ( #1633, #918 ) ) ;
#1623 = CIRCLE ( 'NONE', #845, 2.849999999999998312 ) ;
#1624 = CARTESIAN_POINT ( 'NONE',  ( 45.00000000000000711, 3.200000000000000178, 44.99999999999999289 ) ) ;
#1625 = APPROVAL ( #480, 'UNSPECIFIED' ) ;
#1626 = CARTESIAN_POINT ( 'NONE',  ( 44.92893218813456713, 5.000000000000000000, 49.92893218813448897 ) ) ;
#1627 = VECTOR ( 'NONE', #914, 1000.000000000000000 ) ;
#1628 = LINE ( 'NONE', #1209, #84 ) ;
#1629 = DIRECTION ( 'NONE',  ( 0.000000000000000000, 1.000000000000000000, 0.000000000000000000 ) ) ;
#1630 = VERTEX_POINT ( 'NONE', #1742 ) ;
#1631 = FACE_OUTER_BOUND ( 'NONE', #183, .T. ) ;
#1632 = EDGE_CURVE ( 'NONE', #15, #1719, #217, .T. ) ;
#1633 = ORIENTED_EDGE ( 'NONE', *, *, #1709, .F. ) ;
#1634 = ADVANCED_FACE ( 'NONE', ( #1465 ), #250, .F. ) ;
#1635 = CARTESIAN_POINT ( 'NONE',  ( 45.00000000000000000, 6.500000000000000888, -45.00000000000000711 ) ) ;
#1636 = FACE_OUTER_BOUND ( 'NONE', #356, .T. ) ;
#1637 = AXIS2_PLACEMENT_3D ( 'NONE', #655, #1218, #928 ) ;
#1638 = CARTESIAN_POINT ( 'NONE',  ( 45.00000000000000000, 6.500000000000000888, -45.00000000000000711 ) ) ;
#1639 = CIRCLE ( 'NONE', #70, 3.750000000000010214 ) ;
#1640 = DIRECTION ( 'NONE',  ( 0.000000000000000000, -0.000000000000000000, 1.000000000000000000 ) ) ;
#1641 = ORIENTED_EDGE ( 'NONE', *, *, #66, .T. ) ;
#1642 = LINE ( 'NONE', #1660, #1614 ) ;
#1643 = ORIENTED_EDGE ( 'NONE', *, *, #949, .F. ) ;
#1644 = CIRCLE ( 'NONE', #656, 3.750000000000010214 ) ;
#1645 = FACE_OUTER_BOUND ( 'NONE', #987, .T. ) ;
#1646 = CARTESIAN_POINT ( 'NONE',  ( -44.92893218813450318, 5.000000000000000000, 54.92893218813450318 ) ) ;
#1647 = EDGE_CURVE ( 'NONE', #1050, #648, #452, .T. ) ;
#1648 = CARTESIAN_POINT ( 'NONE',  ( -52.92893218813451739, 6.500000000000000888, -44.92893218813451739 ) ) ;
#1649 = DIRECTION ( 'NONE',  ( -0.000000000000000000, -1.000000000000000000, -0.000000000000000000 ) ) ;
#1650 = AXIS2_PLACEMENT_3D ( 'NONE', #1174, #896, #507 ) ;
#1651 = CC_DESIGN_PERSON_AND_ORGANIZATION_ASSIGNMENT ( #307, #436, ( #650 ) ) ;
#1652 = ORIENTED_EDGE ( 'NONE', *, *, #263, .T. ) ;
#1653 = FACE_OUTER_BOUND ( 'NONE', #1659, .T. ) ;
#1654 = ORIENTED_EDGE ( 'NONE', *, *, #639, .T. ) ;
#1655 = LINE ( 'NONE', #1384, #830 ) ;
#1656 = DIRECTION ( 'NONE',  ( -0.000000000000000000, -1.000000000000000000, -0.000000000000000000 ) ) ;
#1657 = CARTESIAN_POINT ( 'NONE',  ( 44.92893218813457423, 6.500000000000000888, 52.92893218813449607 ) ) ;
#1658 = VECTOR ( 'NONE', #1735, 1000.000000000000000 ) ;
#1659 = EDGE_LOOP ( 'NONE', ( #1400, #990 ) ) ;
#1660 = CARTESIAN_POINT ( 'NONE',  ( 45.00000000000000711, 6.500000000000000888, 48.75000000000000000 ) ) ;
#1661 = EDGE_LOOP ( 'NONE', ( #157, #53 ) ) ;
#1662 = DIRECTION ( 'NONE',  ( 0.000000000000000000, 0.000000000000000000, 1.000000000000000000 ) ) ;
#1663 = CARTESIAN_POINT ( 'NONE',  ( -45.00000000000000000, 0.000000000000000000, -47.85000000000000142 ) ) ;
#1664 = DIRECTION ( 'NONE',  ( 0.000000000000000000, 1.000000000000000000, 0.000000000000000000 ) ) ;
#1665 = EDGE_CURVE ( 'NONE', #1799, #192, #1781, .T. ) ;
#1666 = AXIS2_PLACEMENT_3D ( 'NONE', #314, #884, #1281 ) ;
#1667 = ORIENTED_EDGE ( 'NONE', *, *, #1766, .F. ) ;
#1668 = CARTESIAN_POINT ( 'NONE',  ( 52.92893218813453160, 6.500000000000000888, -44.92893218813454581 ) ) ;
#1669 = ORIENTED_EDGE ( 'NONE', *, *, #702, .T. ) ;
#1670 = EDGE_CURVE ( 'NONE', #1290, #412, #1610, .T. ) ;
#1671 = CARTESIAN_POINT ( 'NONE',  ( -45.00000000000000000, 0.000000000000000000, -45.00000000000000711 ) ) ;
#1672 = DIRECTION ( 'NONE',  ( -0.000000000000000000, -1.000000000000000000, -0.000000000000000000 ) ) ;
#1673 = ORIENTED_EDGE ( 'NONE', *, *, #89, .F. ) ;
#1674 = DIRECTION ( 'NONE',  ( -0.000000000000000000, -1.000000000000000000, -0.000000000000000000 ) ) ;
#1675 = AXIS2_PLACEMENT_3D ( 'NONE', #643, #1200, #793 ) ;
#1676 = ORIENTED_EDGE ( 'NONE', *, *, #1778, .T. ) ;
#1677 = DIRECTION ( 'NONE',  ( -1.000000000000000000, 0.000000000000000000, 7.722077474322605539E-17 ) ) ;
#1678 = ORIENTED_EDGE ( 'NONE', *, *, #1528, .F. ) ;
#1679 = CARTESIAN_POINT ( 'NONE',  ( -54.92893218813453160, 6.500000000000000888, -44.92893218813451739 ) ) ;
#1680 = DIRECTION ( 'NONE',  ( 0.000000000000000000, 0.000000000000000000, -1.000000000000000000 ) ) ;
#1681 = VERTEX_POINT ( 'NONE', #664 ) ;
#1682 = DIRECTION ( 'NONE',  ( 0.000000000000000000, 1.000000000000000000, 0.000000000000000000 ) ) ;
#1683 = ORIENTED_EDGE ( 'NONE', *, *, #154, .F. ) ;
#1684 = CARTESIAN_POINT ( 'NONE',  ( -45.00000000000000000, 0.000000000000000000, 42.14999999999999147 ) ) ;
#1685 = ADVANCED_FACE ( 'NONE', ( #1645 ), #1215, .F. ) ;
#1686 = FACE_BOUND ( 'NONE', #430, .T. ) ;
#1687 = DIRECTION ( 'NONE',  ( 0.000000000000000000, -0.000000000000000000, 1.000000000000000000 ) ) ;
#1688 = LINE ( 'NONE', #20, #39 ) ;
#1689 = DESIGN_CONTEXT ( 'detailed design', #915, 'design' ) ;
#1690 = EDGE_LOOP ( 'NONE', ( #197, #433, #1109, #257 ) ) ;
#1691 = AXIS2_PLACEMENT_3D ( 'NONE', #1256, #169, #1267 ) ;
#1692 = AXIS2_PLACEMENT_3D ( 'NONE', #1032, #759, #1271 ) ;
#1693 = ORIENTED_EDGE ( 'NONE', *, *, #1395, .F. ) ;
#1694 = LINE ( 'NONE', #108, #873 ) ;
#1695 = CARTESIAN_POINT ( 'NONE',  ( -44.92893218813451028, 5.000000000000000000, -44.92893218813451739 ) ) ;
#1696 = ADVANCED_FACE ( 'NONE', ( #911 ), #379, .F. ) ;
#1697 = CARTESIAN_POINT ( 'NONE',  ( 45.00000000000000711, 6.500000000000000888, 44.99999999999999289 ) ) ;
#1698 = VECTOR ( 'NONE', #1197, 1000.000000000000000 ) ;
#1699 = EDGE_CURVE ( 'NONE', #1391, #1382, #1356, .T. ) ;
#1700 = VERTEX_POINT ( 'NONE', #673 ) ;
#1701 = EDGE_CURVE ( 'NONE', #1013, #442, #534, .T. ) ;
#1702 = ORIENTED_EDGE ( 'NONE', *, *, #455, .F. ) ;
#1703 = CARTESIAN_POINT ( 'NONE',  ( -45.00000000000000000, 6.500000000000000888, -41.24999999999997868 ) ) ;
#1704 = CIRCLE ( 'NONE', #917, 5.000000000000004441 ) ;
#1705 = CIRCLE ( 'NONE', #1675, 2.849999999999998312 ) ;
#1706 = ORIENTED_EDGE ( 'NONE', *, *, #419, .T. ) ;
#1707 = FACE_BOUND ( 'NONE', #190, .T. ) ;
#1708 = FACE_OUTER_BOUND ( 'NONE', #1526, .T. ) ;
#1709 = EDGE_CURVE ( 'NONE', #1348, #336, #912, .T. ) ;
#1710 = VECTOR ( 'NONE', #1225, 1000.000000000000000 ) ;
#1711 = AXIS2_PLACEMENT_3D ( 'NONE', #122, #230, #814 ) ;
#1712 = PLANE ( 'NONE',  #1228 ) ;
#1713 = ORIENTED_EDGE ( 'NONE', *, *, #978, .T. ) ;
#1714 = DIRECTION ( 'NONE',  ( 0.000000000000000000, -1.000000000000000000, 0.000000000000000000 ) ) ;
#1715 = AXIS2_PLACEMENT_3D ( 'NONE', #1638, #675, #1469 ) ;
#1716 = EDGE_LOOP ( 'NONE', ( #1475, #8, #688, #739 ) ) ;
#1717 = CARTESIAN_POINT ( 'NONE',  ( -45.00000000000000000, 6.500000000000000888, -43.30000000000000426 ) ) ;
#1718 = CYLINDRICAL_SURFACE ( 'NONE', #952, 4.999999999999997335 ) ;
#1719 = VERTEX_POINT ( 'NONE', #1612 ) ;
#1720 = EDGE_CURVE ( 'NONE', #1082, #177, #368, .T. ) ;
#1721 = EDGE_LOOP ( 'NONE', ( #788, #1739, #448, #577 ) ) ;
#1722 = DIRECTION ( 'NONE',  ( 0.000000000000000000, 0.000000000000000000, 1.000000000000000000 ) ) ;
#1723 = APPROVAL_ROLE ( '' ) ;
#1724 = ORIENTED_EDGE ( 'NONE', *, *, #1252, .T. ) ;
#1725 = PLANE ( 'NONE',  #1095 ) ;
#1726 = DIRECTION ( 'NONE',  ( -0.000000000000000000, -1.000000000000000000, -0.000000000000000000 ) ) ;
#1727 = CARTESIAN_POINT ( 'NONE',  ( 45.00000000000000000, 6.500000000000000888, -48.75000000000001421 ) ) ;
#1728 = CIRCLE ( 'NONE', #592, 8.000000000000014211 ) ;
#1729 = ORIENTED_EDGE ( 'NONE', *, *, #1383, .F. ) ;
#1730 = CYLINDRICAL_SURFACE ( 'NONE', #989, 10.00000000000000178 ) ;
#1731 = ADVANCED_FACE ( 'NONE', ( #1341 ), #99, .T. ) ;
#1732 = EDGE_LOOP ( 'NONE', ( #832, #1652, #1729, #1430 ) ) ;
#1733 = AXIS2_PLACEMENT_3D ( 'NONE', #1626, #73, #626 ) ;
#1734 = DIRECTION ( 'NONE',  ( -1.000000000000000000, 0.000000000000000000, 0.000000000000000000 ) ) ;
#1735 = DIRECTION ( 'NONE',  ( -2.316623242296781908E-16, 0.000000000000000000, -1.000000000000000000 ) ) ;
#1736 = FACE_BOUND ( 'NONE', #1481, .T. ) ;
#1737 = EDGE_LOOP ( 'NONE', ( #121, #691, #65, #1553 ) ) ;
#1738 = CARTESIAN_POINT ( 'NONE',  ( 45.00000000000000711, 6.500000000000000888, 44.99999999999999289 ) ) ;
#1739 = ORIENTED_EDGE ( 'NONE', *, *, #1575, .F. ) ;
#1740 = ADVANCED_FACE ( 'NONE', ( #1484, #798, #1349, #1686, #1409 ), #1512, .F. ) ;
#1741 = CIRCLE ( 'NONE', #31, 4.999999999999997335 ) ;
#1742 = CARTESIAN_POINT ( 'NONE',  ( -45.00000000000000000, 3.200000000000000178, -42.15000000000000568 ) ) ;
#1743 = CARTESIAN_POINT ( 'NONE',  ( -45.00000000000000000, 6.500000000000000888, 48.75000000000000000 ) ) ;
#1744 = DIRECTION ( 'NONE',  ( 0.000000000000000000, 1.000000000000000000, -0.000000000000000000 ) ) ;
#1745 = ORIENTED_EDGE ( 'NONE', *, *, #684, .T. ) ;
#1746 = DIRECTION ( 'NONE',  ( -0.000000000000000000, -1.000000000000000000, -0.000000000000000000 ) ) ;
#1747 = VECTOR ( 'NONE', #439, 1000.000000000000000 ) ;
#1748 = ORIENTED_EDGE ( 'NONE', *, *, #1261, .T. ) ;
#1749 = VECTOR ( 'NONE', #211, 1000.000000000000000 ) ;
#1750 = DIRECTION ( 'NONE',  ( -0.000000000000000000, -1.000000000000000000, -0.000000000000000000 ) ) ;
#1751 = CARTESIAN_POINT ( 'NONE',  ( 44.92893218813456713, 6.500000000000000888, 54.92893218813449607 ) ) ;
#1752 = CARTESIAN_POINT ( 'NONE',  ( 45.00000000000000711, 2.500000000000000000, 48.75000000000000000 ) ) ;
#1753 = EDGE_CURVE ( 'NONE', #565, #1681, #1123, .T. ) ;
#1754 = DIRECTION ( 'NONE',  ( 0.000000000000000000, 0.000000000000000000, -1.000000000000000000 ) ) ;
#1755 = VERTEX_POINT ( 'NONE', #1792 ) ;
#1756 = LINE ( 'NONE', #909, #662 ) ;
#1757 = EDGE_CURVE ( 'NONE', #1082, #1799, #800, .T. ) ;
#1758 = VECTOR ( 'NONE', #734, 1000.000000000000000 ) ;
#1759 = VERTEX_POINT ( 'NONE', #683 ) ;
#1760 = DIRECTION ( 'NONE',  ( -1.000000000000000000, 0.000000000000000000, 1.544415494864520861E-16 ) ) ;
#1761 = CARTESIAN_POINT ( 'NONE',  ( -45.00000000000000000, 6.500000000000000888, 46.69999999999998863 ) ) ;
#1762 = CIRCLE ( 'NONE', #693, 8.000000000000000000 ) ;
#1763 = CARTESIAN_POINT ( 'NONE',  ( -44.92893218813450318, 0.000000000000000000, 49.92893218813450318 ) ) ;
#1764 = VECTOR ( 'NONE', #94, 1000.000000000000000 ) ;
#1765 = FACE_OUTER_BOUND ( 'NONE', #1337, .T. ) ;
#1766 = EDGE_CURVE ( 'NONE', #1442, #1227, #269, .T. ) ;
#1767 = EDGE_CURVE ( 'NONE', #842, #498, #1655, .T. ) ;
#1768 = ORIENTED_EDGE ( 'NONE', *, *, #562, .F. ) ;
#1769 = DIRECTION ( 'NONE',  ( -0.000000000000000000, -1.000000000000000000, -0.000000000000000000 ) ) ;
#1770 = ORIENTED_EDGE ( 'NONE', *, *, #1665, .T. ) ;
#1771 = AXIS2_PLACEMENT_3D ( 'NONE', #43, #600, #460 ) ;
#1772 = CARTESIAN_POINT ( 'NONE',  ( -45.00000000000000000, 6.500000000000000888, -44.99999999999999289 ) ) ;
#1773 = CARTESIAN_POINT ( 'NONE',  ( 45.00000000000000711, 6.500000000000000888, 48.75000000000000000 ) ) ;
#1774 = DIRECTION ( 'NONE',  ( 0.000000000000000000, 0.000000000000000000, 1.000000000000000000 ) ) ;
#1775 = EDGE_CURVE ( 'NONE', #813, #875, #559, .T. ) ;
#1776 = EDGE_LOOP ( 'NONE', ( #318, #941, #255, #205 ) ) ;
#1777 = DIRECTION ( 'NONE',  ( 0.000000000000000000, 0.000000000000000000, -1.000000000000000000 ) ) ;
#1778 = EDGE_CURVE ( 'NONE', #1232, #1222, #1101, .T. ) ;
#1779 = ORIENTED_EDGE ( 'NONE', *, *, #435, .F. ) ;
#1780 = PERSON ( 'UNSPECIFIED', 'UNSPECIFIED', 'UNSPECIFIED', ('UNSPECIFIED'), ('UNSPECIFIED'), ('UNSPECIFIED') ) ;
#1781 = LINE ( 'NONE', #357, #392 ) ;
#1782 = LINE ( 'NONE', #526, #1274 ) ;
#1783 = AXIS2_PLACEMENT_3D ( 'NONE', #1319, #784, #1079 ) ;
#1784 = EDGE_CURVE ( 'NONE', #1177, #570, #414, .T. ) ;
#1785 = DIRECTION ( 'NONE',  ( 0.000000000000000000, -1.000000000000000000, 0.000000000000000000 ) ) ;
#1786 = DIRECTION ( 'NONE',  ( 1.000000000000000000, 0.000000000000000000, 0.000000000000000000 ) ) ;
#1787 = ORIENTED_EDGE ( 'NONE', *, *, #340, .T. ) ;
#1788 = FACE_OUTER_BOUND ( 'NONE', #645, .T. ) ;
#1789 = AXIS2_PLACEMENT_3D ( 'NONE', #701, #981, #161 ) ;
#1790 = ORIENTED_EDGE ( 'NONE', *, *, #171, .T. ) ;
#1791 = CIRCLE ( 'NONE', #1323, 2.849999999999998312 ) ;
#1792 = CARTESIAN_POINT ( 'NONE',  ( 44.92893218813452449, 5.000000000000000000, -54.92893218813453871 ) ) ;
#1793 = DIRECTION ( 'NONE',  ( -0.000000000000000000, -1.000000000000000000, -0.000000000000000000 ) ) ;
#1794 = CARTESIAN_POINT ( 'NONE',  ( -44.92893218813451028, 5.000000000000000000, -49.92893218813453871 ) ) ;
#1795 = CIRCLE ( 'NONE', #222, 9.999999999999987566 ) ;
#1796 = MANIFOLD_SOLID_BREP ( 'Cut-Extrude2', #447 ) ;
#1797 = ORIENTED_EDGE ( 'NONE', *, *, #1004, .T. ) ;
#1798 = FACE_BOUND ( 'NONE', #449, .T. ) ;
#1799 = VERTEX_POINT ( 'NONE', #1120 ) ;
ENDSEC;
END-ISO-10303-21;
