ISO-10303-21;
HEADER;
FILE_DESCRIPTION (( 'STEP AP203' ),
    '1' );
FILE_NAME ('Top.STEP',
    '2026-01-04T21:30:07',
    ( '' ),
    ( '' ),
    'SwSTEP 2.0',
    'SolidWorks 2024',
    '' );
FILE_SCHEMA (( 'CONFIG_CONTROL_DESIGN' ));
ENDSEC;

DATA;
#1 = EDGE_CURVE ( 'NONE', #1859, #64, #707, .T. ) ;
#2 = DIRECTION ( 'NONE',  ( -0.000000000000000000, 0.000000000000000000, -1.000000000000000000 ) ) ;
#3 = LINE ( 'NONE', #576, #728 ) ;
#4 = CIRCLE ( 'NONE', #582, 2.349999999999997868 ) ;
#5 = DIRECTION ( 'NONE',  ( 3.088830989729041722E-16, -1.000000000000000000, 0.000000000000000000 ) ) ;
#6 = CARTESIAN_POINT ( 'NONE',  ( 44.99999999999999289, -45.00000000000020606, 12.18980200000059888 ) ) ;
#7 = EDGE_LOOP ( 'NONE', ( #2169, #21, #694, #916 ) ) ;
#8 = EDGE_LOOP ( 'NONE', ( #1643, #1876, #411, #683 ) ) ;
#9 = CARTESIAN_POINT ( 'NONE',  ( -19.15000000000000213, 48.73499999999999943, 12.18980200000059888 ) ) ;
#10 = CARTESIAN_POINT ( 'NONE',  ( 19.94034900000000476, 50.89999999999999858, 2.839802000000598348 ) ) ;
#11 = EDGE_CURVE ( 'NONE', #511, #1352, #2311, .T. ) ;
#12 = ORIENTED_EDGE ( 'NONE', *, *, #2477, .F. ) ;
#13 = VECTOR ( 'NONE', #792, 1000.000000000000000 ) ;
#14 = CARTESIAN_POINT ( 'NONE',  ( -45.00000000000000000, -44.99999999999980105, 12.18980200000059888 ) ) ;
#15 = PLANE ( 'NONE',  #1440 ) ;
#16 = EDGE_CURVE ( 'NONE', #882, #253, #1048, .T. ) ;
#17 = CARTESIAN_POINT ( 'NONE',  ( -4.650000000000000355, 27.14999999999999858, 12.68980200000059710 ) ) ;
#18 = LINE ( 'NONE', #2470, #1454 ) ;
#19 = VERTEX_POINT ( 'NONE', #1451 ) ;
#20 = EDGE_CURVE ( 'NONE', #1970, #419, #2304, .T. ) ;
#21 = ORIENTED_EDGE ( 'NONE', *, *, #1511, .F. ) ;
#22 = CYLINDRICAL_SURFACE ( 'NONE', #1398, 4.000000000000003553 ) ;
#23 = CARTESIAN_POINT ( 'NONE',  ( -0.3499999999999996447, 48.73499999999999943, 14.18980200000059888 ) ) ;
#24 = DIRECTION ( 'NONE',  ( -0.000000000000000000, -0.000000000000000000, 1.000000000000000000 ) ) ;
#25 = VECTOR ( 'NONE', #2030, 1000.000000000000000 ) ;
#26 = VERTEX_POINT ( 'NONE', #1093 ) ;
#27 = LINE ( 'NONE', #2447, #507 ) ;
#28 = CARTESIAN_POINT ( 'NONE',  ( 31.05099999999876204, -54.92993218813430190, 4.984999999999979003 ) ) ;
#29 = EDGE_CURVE ( 'NONE', #664, #989, #1384, .T. ) ;
#30 = CARTESIAN_POINT ( 'NONE',  ( 16.44034900000000121, 54.92893218813473766, 2.839802000000598348 ) ) ;
#31 = DIRECTION ( 'NONE',  ( 1.000000000000000000, 0.000000000000000000, 0.000000000000000000 ) ) ;
#32 = EDGE_CURVE ( 'NONE', #2256, #1959, #1140, .T. ) ;
#33 = ORIENTED_EDGE ( 'NONE', *, *, #1966, .T. ) ;
#34 = CARTESIAN_POINT ( 'NONE',  ( 45.00000000000000000, 44.99999999999978684, 8.189802000000597104 ) ) ;
#35 = DIRECTION ( 'NONE',  ( -1.000000000000000000, 0.000000000000000000, 0.000000000000000000 ) ) ;
#36 = DIRECTION ( 'NONE',  ( -1.000000000000000000, 0.000000000000000000, 0.000000000000000000 ) ) ;
#37 = ORIENTED_EDGE ( 'NONE', *, *, #1953, .T. ) ;
#38 = AXIS2_PLACEMENT_3D ( 'NONE', #1956, #2349, #1978 ) ;
#39 = LINE ( 'NONE', #1865, #1052 ) ;
#40 = DIRECTION ( 'NONE',  ( 0.000000000000000000, 0.000000000000000000, 1.000000000000000000 ) ) ;
#41 = AXIS2_PLACEMENT_3D ( 'NONE', #14, #1413, #2212 ) ;
#42 = LINE ( 'NONE', #2227, #1604 ) ;
#43 = DIRECTION ( 'NONE',  ( 0.000000000000000000, 0.000000000000000000, -1.000000000000000000 ) ) ;
#44 = FACE_BOUND ( 'NONE', #239, .T. ) ;
#45 = ORIENTED_EDGE ( 'NONE', *, *, #544, .T. ) ;
#46 = VERTEX_POINT ( 'NONE', #2254 ) ;
#47 = ORIENTED_EDGE ( 'NONE', *, *, #1232, .F. ) ;
#48 = DIRECTION ( 'NONE',  ( -1.196361017915039486E-16, -1.000000000000000000, 0.000000000000000000 ) ) ;
#49 = CARTESIAN_POINT ( 'NONE',  ( 32.94034899999999766, 50.89999999999999858, 7.839802000000598348 ) ) ;
#50 = VECTOR ( 'NONE', #709, 1000.000000000000000 ) ;
#51 = VERTEX_POINT ( 'NONE', #1869 ) ;
#52 = VECTOR ( 'NONE', #2206, 1000.000000000000000 ) ;
#53 = CARTESIAN_POINT ( 'NONE',  ( 23.16099999999876502, 50.89999999999999858, 4.984999999999979003 ) ) ;
#54 = DIRECTION ( 'NONE',  ( -1.000000000000000000, 0.000000000000000000, 0.000000000000000000 ) ) ;
#55 = AXIS2_PLACEMENT_3D ( 'NONE', #1716, #2502, #1552 ) ;
#56 = DIRECTION ( 'NONE',  ( 0.000000000000000000, 0.000000000000000000, -1.000000000000000000 ) ) ;
#57 = CARTESIAN_POINT ( 'NONE',  ( -36.72999999999999687, 28.98000000000000398, 13.68980200000059710 ) ) ;
#58 = CARTESIAN_POINT ( 'NONE',  ( -36.22999999999999687, 27.98000000000000043, 13.18980200000059710 ) ) ;
#59 = VERTEX_POINT ( 'NONE', #1287 ) ;
#60 = EDGE_LOOP ( 'NONE', ( #1155, #2359, #1253, #2485 ) ) ;
#61 = VERTEX_POINT ( 'NONE', #1691 ) ;
#62 = ADVANCED_FACE ( 'NONE', ( #1715 ), #1077, .F. ) ;
#63 = PLANE ( 'NONE',  #119 ) ;
#64 = VERTEX_POINT ( 'NONE', #1885 ) ;
#65 = CARTESIAN_POINT ( 'NONE',  ( 23.16099999999876147, 50.89999999999999858, 3.534999999999978382 ) ) ;
#66 = AXIS2_PLACEMENT_3D ( 'NONE', #873, #2476, #478 ) ;
#67 = FACE_BOUND ( 'NONE', #74, .T. ) ;
#68 = VECTOR ( 'NONE', #316, 1000.000000000000000 ) ;
#69 = FACE_OUTER_BOUND ( 'NONE', #1788, .T. ) ;
#70 = DIRECTION ( 'NONE',  ( -0.000000000000000000, -0.000000000000000000, -1.000000000000000000 ) ) ;
#71 = LINE ( 'NONE', #1078, #2325 ) ;
#72 = CARTESIAN_POINT ( 'NONE',  ( 45.00000000000000000, 44.99999999999978684, 8.189802000000597104 ) ) ;
#73 = VERTEX_POINT ( 'NONE', #675 ) ;
#74 = EDGE_LOOP ( 'NONE', ( #790, #610 ) ) ;
#75 = ORIENTED_EDGE ( 'NONE', *, *, #1530, .F. ) ;
#76 = ADVANCED_FACE ( 'NONE', ( #1919 ), #2270, .T. ) ;
#77 = DIRECTION ( 'NONE',  ( 1.000000000000000000, 0.000000000000000000, 0.000000000000000000 ) ) ;
#78 = EDGE_CURVE ( 'NONE', #1097, #363, #1734, .T. ) ;
#79 = FACE_OUTER_BOUND ( 'NONE', #825, .T. ) ;
#80 = LINE ( 'NONE', #644, #2386 ) ;
#81 = CARTESIAN_POINT ( 'NONE',  ( -44.92893218813451028, 44.92893218813472345, -1.510197999999400187 ) ) ;
#82 = FACE_OUTER_BOUND ( 'NONE', #1726, .T. ) ;
#83 = ORIENTED_EDGE ( 'NONE', *, *, #299, .F. ) ;
#84 = ORIENTED_EDGE ( 'NONE', *, *, #125, .F. ) ;
#85 =( BOUNDED_CURVE ( )  B_SPLINE_CURVE ( 3, ( #1671, #1246, #1057, #655 ),
 .UNSPECIFIED., .F., .F. ) 
 B_SPLINE_CURVE_WITH_KNOTS ( ( 4, 4 ),
 ( 4.712388980384689674, 6.283185307179586232 ),
 .UNSPECIFIED. ) 
 CURVE ( )  GEOMETRIC_REPRESENTATION_ITEM ( )  RATIONAL_B_SPLINE_CURVE ( ( 1.000000000000000000, 0.8047378541243649375, 0.8047378541243649375, 1.000000000000000000 ) ) 
 REPRESENTATION_ITEM ( '' )  );
#86 = ORIENTED_EDGE ( 'NONE', *, *, #1156, .T. ) ;
#87 = ORIENTED_EDGE ( 'NONE', *, *, #678, .T. ) ;
#88 = PLANE ( 'NONE',  #1373 ) ;
#89 = LINE ( 'NONE', #896, #2552 ) ;
#90 = LINE ( 'NONE', #2302, #1011 ) ;
#91 = LINE ( 'NONE', #700, #50 ) ;
#92 = VECTOR ( 'NONE', #1887, 1000.000000000000000 ) ;
#93 = FACE_OUTER_BOUND ( 'NONE', #1705, .T. ) ;
#94 = DIRECTION ( 'NONE',  ( 1.000000000000000000, 0.000000000000000000, -0.000000000000000000 ) ) ;
#95 = DIRECTION ( 'NONE',  ( -0.000000000000000000, -0.000000000000000000, 1.000000000000000000 ) ) ;
#96 = ADVANCED_FACE ( 'NONE', ( #1492 ), #1701, .F. ) ;
#97 = CARTESIAN_POINT ( 'NONE',  ( -44.92893218813451028, 49.92893218813473766, 9.189802000000597104 ) ) ;
#98 = ORIENTED_EDGE ( 'NONE', *, *, #1553, .T. ) ;
#99 = EDGE_LOOP ( 'NONE', ( #1237, #1593, #1824, #1991, #904, #2017, #555, #2115 ) ) ;
#100 = ORIENTED_EDGE ( 'NONE', *, *, #2398, .F. ) ;
#101 = DIRECTION ( 'NONE',  ( -0.000000000000000000, -0.000000000000000000, 1.000000000000000000 ) ) ;
#102 = CARTESIAN_POINT ( 'NONE',  ( 44.92893218813456713, -44.92893218813430423, 12.18980200000059888 ) ) ;
#103 = CYLINDRICAL_SURFACE ( 'NONE', #720, 2.349999999999997868 ) ;
#104 = ORIENTED_EDGE ( 'NONE', *, *, #207, .T. ) ;
#105 = AXIS2_PLACEMENT_3D ( 'NONE', #1893, #2390, #1772 ) ;
#106 = CYLINDRICAL_SURFACE ( 'NONE', #276, 2.349999999999997868 ) ;
#107 = LINE ( 'NONE', #1517, #2420 ) ;
#108 = DIRECTION ( 'NONE',  ( -0.000000000000000000, -0.000000000000000000, -1.000000000000000000 ) ) ;
#109 = EDGE_CURVE ( 'NONE', #295, #1175, #107, .T. ) ;
#110 = ADVANCED_FACE ( 'NONE', ( #495 ), #1661, .T. ) ;
#111 = CARTESIAN_POINT ( 'NONE',  ( -24.92000000000000171, 39.33499999999999375, 12.18980200000059888 ) ) ;
#112 = ORIENTED_EDGE ( 'NONE', *, *, #1763, .T. ) ;
#113 = EDGE_CURVE ( 'NONE', #2472, #2093, #899, .T. ) ;
#114 = ORIENTED_EDGE ( 'NONE', *, *, #184, .F. ) ;
#115 = PERSON ( 'UNSPECIFIED', 'UNSPECIFIED', 'UNSPECIFIED', ('UNSPECIFIED'), ('UNSPECIFIED'), ('UNSPECIFIED') ) ;
#116 = DIRECTION ( 'NONE',  ( 0.000000000000000000, 0.000000000000000000, 1.000000000000000000 ) ) ;
#117 = FACE_OUTER_BOUND ( 'NONE', #2201, .T. ) ;
#118 = EDGE_CURVE ( 'NONE', #441, #2555, #701, .T. ) ;
#119 = AXIS2_PLACEMENT_3D ( 'NONE', #1254, #2473, #48 ) ;
#120 = ORIENTED_EDGE ( 'NONE', *, *, #1496, .F. ) ;
#121 = CARTESIAN_POINT ( 'NONE',  ( 23.16099999999876502, -54.92993218813430190, 5.694999999999978080 ) ) ;
#122 = CARTESIAN_POINT ( 'NONE',  ( 45.00000000000000000, 44.99999999999978684, 8.189802000000597104 ) ) ;
#123 = PLANE ( 'NONE',  #55 ) ;
#124 = AXIS2_PLACEMENT_3D ( 'NONE', #1201, #2196, #1393 ) ;
#125 = EDGE_CURVE ( 'NONE', #1526, #1618, #482, .T. ) ;
#126 = CYLINDRICAL_SURFACE ( 'NONE', #724, 2.349999999999997868 ) ;
#127 = ORIENTED_EDGE ( 'NONE', *, *, #840, .F. ) ;
#128 = VERTEX_POINT ( 'NONE', #278 ) ;
#129 = VECTOR ( 'NONE', #1141, 1000.000000000000000 ) ;
#130 = CARTESIAN_POINT ( 'NONE',  ( 48.99999999999998579, -45.00000000000020606, 12.18980200000059888 ) ) ;
#131 = EDGE_CURVE ( 'NONE', #46, #1278, #80, .T. ) ;
#132 = LINE ( 'NONE', #1560, #274 ) ;
#133 = CARTESIAN_POINT ( 'NONE',  ( -28.92000000000000171, 39.33499999999999375, 14.18980200000059888 ) ) ;
#134 = ORIENTED_EDGE ( 'NONE', *, *, #1349, .T. ) ;
#135 = ADVANCED_FACE ( 'NONE', ( #449 ), #1262, .T. ) ;
#136 = CARTESIAN_POINT ( 'NONE',  ( -49.00000000000000000, 44.99999999999980105, 12.18980200000059888 ) ) ;
#137 = LINE ( 'NONE', #2318, #1606 ) ;
#138 = DIRECTION ( 'NONE',  ( -1.000000000000000000, 0.000000000000000000, 0.000000000000000000 ) ) ;
#139 = CARTESIAN_POINT ( 'NONE',  ( -36.22999999999998266, -1.800831849130077030E-14, 13.68980200000059710 ) ) ;
#140 = VECTOR ( 'NONE', #2177, 1000.000000000000000 ) ;
#141 = ORIENTED_EDGE ( 'NONE', *, *, #657, .F. ) ;
#142 = EDGE_LOOP ( 'NONE', ( #2312, #2609, #2194, #1814 ) ) ;
#143 = ADVANCED_FACE ( 'NONE', ( #249 ), #1274, .T. ) ;
#144 = CARTESIAN_POINT ( 'NONE',  ( 36.44034900000000476, 54.92893218813473766, 2.839802000000598348 ) ) ;
#145 = VERTEX_POINT ( 'NONE', #941 ) ;
#146 = FACE_OUTER_BOUND ( 'NONE', #771, .T. ) ;
#147 = CARTESIAN_POINT ( 'NONE',  ( -44.92893218813451028, 54.92893218813473766, 9.189802000000597104 ) ) ;
#148 = VECTOR ( 'NONE', #448, 1000.000000000000000 ) ;
#149 = DIRECTION ( 'NONE',  ( -0.000000000000000000, -0.000000000000000000, 1.000000000000000000 ) ) ;
#150 = ORIENTED_EDGE ( 'NONE', *, *, #2058, .T. ) ;
#151 = FACE_OUTER_BOUND ( 'NONE', #1985, .T. ) ;
#152 = MECHANICAL_CONTEXT ( 'NONE', #794, 'mechanical' ) ;
#153 = VERTEX_POINT ( 'NONE', #1742 ) ;
#154 = DIRECTION ( 'NONE',  ( -0.000000000000000000, 1.000000000000000000, -0.000000000000000000 ) ) ;
#155 = CARTESIAN_POINT ( 'NONE',  ( -44.92893218813450318, -44.92893218813430423, 9.189802000000597104 ) ) ;
#156 = DIRECTION ( 'NONE',  ( 1.000000000000000000, 0.000000000000000000, 0.000000000000000000 ) ) ;
#157 = DIRECTION ( 'NONE',  ( 0.000000000000000000, 1.000000000000000000, 0.000000000000000000 ) ) ;
#158 = ORIENTED_EDGE ( 'NONE', *, *, #1748, .F. ) ;
#159 = CIRCLE ( 'NONE', #1306, 4.000000000000003553 ) ;
#160 = ORIENTED_EDGE ( 'NONE', *, *, #936, .F. ) ;
#161 = AXIS2_PLACEMENT_3D ( 'NONE', #235, #2407, #2249 ) ;
#162 = ORIENTED_EDGE ( 'NONE', *, *, #1417, .T. ) ;
#163 = AXIS2_PLACEMENT_3D ( 'NONE', #155, #602, #1414 ) ;
#164 = LINE ( 'NONE', #2543, #1888 ) ;
#165 = PERSON_AND_ORGANIZATION ( #115, #2327 ) ;
#166 = ORIENTED_EDGE ( 'NONE', *, *, #175, .F. ) ;
#167 = ORIENTED_EDGE ( 'NONE', *, *, #2091, .F. ) ;
#168 = CARTESIAN_POINT ( 'NONE',  ( -45.00000000000000000, -44.99999999999980105, 12.18980200000059888 ) ) ;
#169 = CARTESIAN_POINT ( 'NONE',  ( -49.00000000000000000, 44.99999999999980105, 8.189802000000597104 ) ) ;
#170 = DIRECTION ( 'NONE',  ( 1.000000000000000000, 0.000000000000000000, -0.000000000000000000 ) ) ;
#171 = DIRECTION ( 'NONE',  ( 1.000000000000000000, 0.000000000000000000, 0.000000000000000000 ) ) ;
#172 = ORIENTED_EDGE ( 'NONE', *, *, #2356, .F. ) ;
#173 = ORIENTED_EDGE ( 'NONE', *, *, #2527, .T. ) ;
#174 = AXIS2_PLACEMENT_3D ( 'NONE', #1464, #264, #1288 ) ;
#175 = EDGE_CURVE ( 'NONE', #1917, #1317, #1446, .T. ) ;
#176 = CARTESIAN_POINT ( 'NONE',  ( 23.16099999999876502, 50.89999999999999858, 7.144999999999978257 ) ) ;
#177 = CARTESIAN_POINT ( 'NONE',  ( -45.00000000000000000, 44.99999999999980105, 12.18980200000059888 ) ) ;
#178 = APPROVAL_ROLE ( '' ) ;
#179 = ORIENTED_EDGE ( 'NONE', *, *, #1289, .F. ) ;
#180 = ORIENTED_EDGE ( 'NONE', *, *, #642, .T. ) ;
#181 = FACE_OUTER_BOUND ( 'NONE', #2538, .T. ) ;
#182 = PLANE ( 'NONE',  #1942 ) ;
#183 = DIRECTION ( 'NONE',  ( -0.000000000000000000, -0.000000000000000000, 1.000000000000000000 ) ) ;
#184 = EDGE_CURVE ( 'NONE', #1063, #2289, #1732, .T. ) ;
#185 = ORIENTED_EDGE ( 'NONE', *, *, #1900, .T. ) ;
#186 = AXIS2_PLACEMENT_3D ( 'NONE', #2414, #1849, #36 ) ;
#187 = AXIS2_PLACEMENT_3D ( 'NONE', #1019, #1834, #1741 ) ;
#188 = ORIENTED_EDGE ( 'NONE', *, *, #1070, .F. ) ;
#189 = EDGE_CURVE ( 'NONE', #1639, #1629, #2014, .T. ) ;
#190 = CARTESIAN_POINT ( 'NONE',  ( -38.48999999999999488, -44.82500000000000284, 12.18980200000059888 ) ) ;
#191 = FACE_OUTER_BOUND ( 'NONE', #2529, .T. ) ;
#192 = CARTESIAN_POINT ( 'NONE',  ( -36.72999999999998977, 14.51999999999999957, 13.39690878118714323 ) ) ;
#193 = PERSON_AND_ORGANIZATION_ROLE ( 'creator' ) ;
#194 = EDGE_LOOP ( 'NONE', ( #1562, #284 ) ) ;
#195 = ORIENTED_EDGE ( 'NONE', *, *, #1523, .T. ) ;
#196 = DIRECTION ( 'NONE',  ( 0.000000000000000000, 1.000000000000000000, -0.000000000000000000 ) ) ;
#197 = CARTESIAN_POINT ( 'NONE',  ( 31.05099999999876204, 50.89999999999999858, 4.984999999999979003 ) ) ;
#198 = ADVANCED_FACE ( 'NONE', ( #1214 ), #2402, .T. ) ;
#199 = LINE ( 'NONE', #554, #2111 ) ;
#200 = ORIENTED_EDGE ( 'NONE', *, *, #1673, .F. ) ;
#201 = ADVANCED_FACE ( 'NONE', ( #191 ), #1551, .F. ) ;
#202 = EDGE_CURVE ( 'NONE', #498, #1859, #1535, .T. ) ;
#203 = ORIENTED_EDGE ( 'NONE', *, *, #1245, .T. ) ;
#204 = DIRECTION ( 'NONE',  ( -0.000000000000000000, -0.000000000000000000, -1.000000000000000000 ) ) ;
#205 = FACE_OUTER_BOUND ( 'NONE', #634, .T. ) ;
#206 = ORIENTED_EDGE ( 'NONE', *, *, #2043, .F. ) ;
#207 = EDGE_CURVE ( 'NONE', #2541, #2393, #137, .T. ) ;
#208 = VERTEX_POINT ( 'NONE', #176 ) ;
#209 = LINE ( 'NONE', #1852, #1775 ) ;
#210 = DIRECTION ( 'NONE',  ( -1.000000000000000000, 0.000000000000000000, -0.000000000000000000 ) ) ;
#211 =( GEOMETRIC_REPRESENTATION_CONTEXT ( 3 ) GLOBAL_UNCERTAINTY_ASSIGNED_CONTEXT ( ( #805 ) ) GLOBAL_UNIT_ASSIGNED_CONTEXT ( ( #1154, #760, #2367 ) ) REPRESENTATION_CONTEXT ( 'NONE', 'WORKASPACE' ) );
#212 = DIRECTION ( 'NONE',  ( -1.196361017915039486E-16, 1.000000000000000000, 0.000000000000000000 ) ) ;
#213 = EDGE_CURVE ( 'NONE', #1639, #1733, #1479, .T. ) ;
#214 = PLANE ( 'NONE',  #187 ) ;
#215 = DIRECTION ( 'NONE',  ( -0.000000000000000000, -0.000000000000000000, 1.000000000000000000 ) ) ;
#216 = ORIENTED_EDGE ( 'NONE', *, *, #2252, .F. ) ;
#217 = ORIENTED_EDGE ( 'NONE', *, *, #1977, .F. ) ;
#218 = VECTOR ( 'NONE', #183, 1000.000000000000000 ) ;
#219 = DIRECTION ( 'NONE',  ( -0.000000000000000000, -0.000000000000000000, 1.000000000000000000 ) ) ;
#220 = DIRECTION ( 'NONE',  ( 0.000000000000000000, -0.000000000000000000, -1.000000000000000000 ) ) ;
#221 = ORIENTED_EDGE ( 'NONE', *, *, #387, .F. ) ;
#222 = EDGE_CURVE ( 'NONE', #500, #1485, #241, .T. ) ;
#223 = TOROIDAL_SURFACE ( 'NONE', #304, 5.000000000000001776, 5.000000000000000000 ) ;
#224 = DIRECTION ( 'NONE',  ( 1.000000000000000000, 0.000000000000000000, 0.000000000000000000 ) ) ;
#225 = FACE_BOUND ( 'NONE', #681, .T. ) ;
#226 = LINE ( 'NONE', #1076, #1336 ) ;
#227 = LINE ( 'NONE', #250, #345 ) ;
#228 = ORIENTED_EDGE ( 'NONE', *, *, #2467, .F. ) ;
#229 = VERTEX_POINT ( 'NONE', #986 ) ;
#230 = AXIS2_PLACEMENT_3D ( 'NONE', #1074, #1337, #698 ) ;
#231 = CARTESIAN_POINT ( 'NONE',  ( 31.05099999999876204, 50.19999999999996732, 4.984999999999979003 ) ) ;
#232 = CARTESIAN_POINT ( 'NONE',  ( 44.99999999999999289, -45.00000000000020606, 8.189802000000597104 ) ) ;
#233 = CIRCLE ( 'NONE', #2168, 3.999999999999996447 ) ;
#234 = VERTEX_POINT ( 'NONE', #2605 ) ;
#235 = CARTESIAN_POINT ( 'NONE',  ( 44.92893218813456713, -44.92893218813430423, 14.18980200000059888 ) ) ;
#236 = DIRECTION ( 'NONE',  ( -0.000000000000000000, 0.000000000000000000, -1.000000000000000000 ) ) ;
#237 = CARTESIAN_POINT ( 'NONE',  ( -4.150000000000001243, 27.64999999999999858, 13.18980200000059710 ) ) ;
#238 = FACE_BOUND ( 'NONE', #2167, .T. ) ;
#239 = EDGE_LOOP ( 'NONE', ( #1216, #1591 ) ) ;
#240 = AXIS2_PLACEMENT_3D ( 'NONE', #636, #2260, #1837 ) ;
#241 = CIRCLE ( 'NONE', #918, 9.999999999999980460 ) ;
#242 = LINE ( 'NONE', #823, #2601 ) ;
#243 = CARTESIAN_POINT ( 'NONE',  ( 32.94034899999999766, 50.89999999999999858, 2.839802000000598348 ) ) ;
#244 = ORIENTED_EDGE ( 'NONE', *, *, #1481, .F. ) ;
#245 = AXIS2_PLACEMENT_3D ( 'NONE', #1102, #659, #689 ) ;
#246 = DIRECTION ( 'NONE',  ( 9.319789448299465144E-17, 1.000000000000000000, 0.000000000000000000 ) ) ;
#247 = CARTESIAN_POINT ( 'NONE',  ( -4.650000000000000355, 15.84999999999999964, 12.68980200000059710 ) ) ;
#248 = CARTESIAN_POINT ( 'NONE',  ( -4.442893218813453338, 27.35710678118654471, 13.18980200000059710 ) ) ;
#249 = FACE_OUTER_BOUND ( 'NONE', #8, .T. ) ;
#250 = CARTESIAN_POINT ( 'NONE',  ( 29.60099999999876275, 50.89999999999999858, 7.144999999999978257 ) ) ;
#251 = VECTOR ( 'NONE', #2067, 1000.000000000000000 ) ;
#252 = EDGE_LOOP ( 'NONE', ( #1666, #1050, #838, #200 ) ) ;
#253 = VERTEX_POINT ( 'NONE', #1930 ) ;
#254 = DIRECTION ( 'NONE',  ( -1.000000000000000000, -1.544415494864520368E-16, 0.000000000000000000 ) ) ;
#255 = FACE_BOUND ( 'NONE', #99, .T. ) ;
#256 = CIRCLE ( 'NONE', #592, 2.349999999999997868 ) ;
#257 = EDGE_LOOP ( 'NONE', ( #2278, #1627, #1740, #2585 ) ) ;
#258 = EDGE_CURVE ( 'NONE', #1212, #1121, #2150, .T. ) ;
#259 = VECTOR ( 'NONE', #2403, 1000.000000000000000 ) ;
#260 = LINE ( 'NONE', #501, #1418 ) ;
#261 = CARTESIAN_POINT ( 'NONE',  ( -19.15000000000000213, -44.92893218813430423, 12.18980200000059888 ) ) ;
#262 = DIRECTION ( 'NONE',  ( -1.000000000000000000, 0.000000000000000000, 0.000000000000000000 ) ) ;
#263 = CARTESIAN_POINT ( 'NONE',  ( 50.20000000000000284, -50.20000000000001705, 12.18980200000059888 ) ) ;
#264 = DIRECTION ( 'NONE',  ( 0.000000000000000000, 0.000000000000000000, -1.000000000000000000 ) ) ;
#265 = EDGE_CURVE ( 'NONE', #2392, #234, #1934, .T. ) ;
#266 = ORIENTED_EDGE ( 'NONE', *, *, #756, .T. ) ;
#267 = ORIENTED_EDGE ( 'NONE', *, *, #1718, .F. ) ;
#268 = ORIENTED_EDGE ( 'NONE', *, *, #1049, .T. ) ;
#269 = EDGE_CURVE ( 'NONE', #1568, #1549, #1047, .T. ) ;
#270 = ORIENTED_EDGE ( 'NONE', *, *, #382, .F. ) ;
#271 = EDGE_CURVE ( 'NONE', #2392, #1378, #597, .T. ) ;
#272 = AXIS2_PLACEMENT_3D ( 'NONE', #1882, #1284, #1547 ) ;
#273 = CARTESIAN_POINT ( 'NONE',  ( -30.65710678118653831, 27.35710678118654471, 13.18980200000059710 ) ) ;
#274 = VECTOR ( 'NONE', #935, 1000.000000000000000 ) ;
#275 = DIRECTION ( 'NONE',  ( 1.000000000000000000, 2.316623242296781908E-16, -0.000000000000000000 ) ) ;
#276 = AXIS2_PLACEMENT_3D ( 'NONE', #940, #674, #1727 ) ;
#277 = DIRECTION ( 'NONE',  ( -0.000000000000000000, -0.000000000000000000, 1.000000000000000000 ) ) ;
#278 = CARTESIAN_POINT ( 'NONE',  ( -50.20000000000000284, 50.19999999999998153, -1.510197999999400187 ) ) ;
#279 = VECTOR ( 'NONE', #2501, 1000.000000000000000 ) ;
#280 = FACE_OUTER_BOUND ( 'NONE', #1081, .T. ) ;
#281 = DIRECTION ( 'NONE',  ( 0.000000000000000000, 0.000000000000000000, -1.000000000000000000 ) ) ;
#282 = ORIENTED_EDGE ( 'NONE', *, *, #654, .F. ) ;
#283 = VERTEX_POINT ( 'NONE', #2531 ) ;
#284 = ORIENTED_EDGE ( 'NONE', *, *, #1295, .T. ) ;
#285 = FACE_BOUND ( 'NONE', #1650, .T. ) ;
#286 = EDGE_CURVE ( 'NONE', #1709, #1688, #665, .T. ) ;
#287 = AXIS2_PLACEMENT_3D ( 'NONE', #121, #1092, #2084 ) ;
#288 = CYLINDRICAL_SURFACE ( 'NONE', #2007, 4.000000000000003553 ) ;
#289 = DIRECTION ( 'NONE',  ( -0.000000000000000000, -0.000000000000000000, 1.000000000000000000 ) ) ;
#290 = CARTESIAN_POINT ( 'NONE',  ( -36.72999999999999687, 28.48000000000000043, 13.68980200000059710 ) ) ;
#291 = CIRCLE ( 'NONE', #41, 4.000000000000003553 ) ;
#292 = AXIS2_PLACEMENT_3D ( 'NONE', #365, #1767, #1792 ) ;
#293 = ORIENTED_EDGE ( 'NONE', *, *, #1896, .T. ) ;
#294 = ORIENTED_EDGE ( 'NONE', *, *, #1718, .T. ) ;
#295 = VERTEX_POINT ( 'NONE', #2350 ) ;
#296 = CARTESIAN_POINT ( 'NONE',  ( -36.22999999999998266, -1.800831849130077030E-14, 13.18980200000059710 ) ) ;
#297 = EDGE_CURVE ( 'NONE', #1175, #1917, #1186, .T. ) ;
#298 = FACE_OUTER_BOUND ( 'NONE', #257, .T. ) ;
#299 = EDGE_CURVE ( 'NONE', #1984, #395, #406, .T. ) ;
#300 = CC_DESIGN_DATE_AND_TIME_ASSIGNMENT ( #1801, #2591, ( #1131 ) ) ;
#301 = AXIS2_PLACEMENT_3D ( 'NONE', #2362, #564, #156 ) ;
#302 = CARTESIAN_POINT ( 'NONE',  ( -2.477106781186547924, 14.72710678118654570, 13.18980200000059710 ) ) ;
#303 = CARTESIAN_POINT ( 'NONE',  ( -54.92893218813451028, -44.92893218813430423, 12.18980200000059888 ) ) ;
#304 = AXIS2_PLACEMENT_3D ( 'NONE', #820, #1662, #31 ) ;
#305 = EDGE_CURVE ( 'NONE', #417, #46, #2510, .T. ) ;
#306 = LOCAL_TIME ( 22, 30, 7.000000000000000000, #1165 ) ;
#307 = DIRECTION ( 'NONE',  ( -1.000000000000000000, 0.000000000000000000, 0.000000000000000000 ) ) ;
#308 = DIRECTION ( 'NONE',  ( 1.000000000000000000, 0.000000000000000000, 0.000000000000000000 ) ) ;
#309 = ORIENTED_EDGE ( 'NONE', *, *, #847, .F. ) ;
#310 = ORIENTED_EDGE ( 'NONE', *, *, #1119, .F. ) ;
#311 = ORIENTED_EDGE ( 'NONE', *, *, #1622, .F. ) ;
#312 = PLANE ( 'NONE',  #66 ) ;
#313 = CARTESIAN_POINT ( 'NONE',  ( -2.770000000000001350, 15.02000000000000135, 13.18980200000059710 ) ) ;
#314 = ORIENTED_EDGE ( 'NONE', *, *, #2338, .F. ) ;
#315 = VECTOR ( 'NONE', #837, 1000.000000000000000 ) ;
#316 = DIRECTION ( 'NONE',  ( -1.000000000000000000, 0.000000000000000000, 0.000000000000000000 ) ) ;
#317 = DIRECTION ( 'NONE',  ( 1.000000000000000000, 0.000000000000000000, 0.000000000000000000 ) ) ;
#318 = DIRECTION ( 'NONE',  ( -0.000000000000000000, -0.000000000000000000, 1.000000000000000000 ) ) ;
#319 = DIRECTION ( 'NONE',  ( 1.000000000000000000, 0.000000000000000000, -0.000000000000000000 ) ) ;
#320 = DIRECTION ( 'NONE',  ( 0.000000000000000000, -1.000000000000000000, 0.000000000000000000 ) ) ;
#321 = EDGE_CURVE ( 'NONE', #145, #1521, #2441, .T. ) ;
#322 = ORIENTED_EDGE ( 'NONE', *, *, #1148, .F. ) ;
#323 = DIRECTION ( 'NONE',  ( -0.000000000000000000, -0.000000000000000000, 1.000000000000000000 ) ) ;
#324 = ORIENTED_EDGE ( 'NONE', *, *, #1249, .F. ) ;
#325 = CYLINDRICAL_SURFACE ( 'NONE', #953, 0.5000000000000000000 ) ;
#326 = PLANE ( 'NONE',  #677 ) ;
#327 = AXIS2_PLACEMENT_3D ( 'NONE', #812, #2034, #1630 ) ;
#328 = ORIENTED_EDGE ( 'NONE', *, *, #584, .T. ) ;
#329 = CARTESIAN_POINT ( 'NONE',  ( -45.00000000000000000, -44.99999999999980105, 8.189802000000597104 ) ) ;
#330 = DIRECTION ( 'NONE',  ( -0.000000000000000000, -0.000000000000000000, -1.000000000000000000 ) ) ;
#331 = CARTESIAN_POINT ( 'NONE',  ( 42.64999999999999858, 44.99999999999978684, 12.18980200000059888 ) ) ;
#332 = VECTOR ( 'NONE', #1342, 1000.000000000000000 ) ;
#333 = CARTESIAN_POINT ( 'NONE',  ( -30.44999999999999929, 27.64999999999999858, 12.68980200000059710 ) ) ;
#334 = ADVANCED_FACE ( 'NONE', ( #2426 ), #475, .T. ) ;
#335 = ORIENTED_EDGE ( 'NONE', *, *, #2534, .F. ) ;
#336 = ORIENTED_EDGE ( 'NONE', *, *, #1015, .F. ) ;
#337 = VECTOR ( 'NONE', #2544, 1000.000000000000114 ) ;
#338 = DIRECTION ( 'NONE',  ( -1.000000000000000000, 0.000000000000000000, 0.000000000000000000 ) ) ;
#339 = CALENDAR_DATE ( 2026, 4, 1 ) ;
#340 = ORIENTED_EDGE ( 'NONE', *, *, #2286, .F. ) ;
#341 = DIRECTION ( 'NONE',  ( 1.000000000000000000, -0.000000000000000000, -0.000000000000000000 ) ) ;
#342 = CARTESIAN_POINT ( 'NONE',  ( 16.44034900000000121, 54.92893218813473766, 2.839802000000598348 ) ) ;
#343 = CARTESIAN_POINT ( 'NONE',  ( 44.99999999999999289, -45.00000000000020606, 8.189802000000597104 ) ) ;
#344 = DIRECTION ( 'NONE',  ( 0.000000000000000000, -0.000000000000000000, 1.000000000000000000 ) ) ;
#345 = VECTOR ( 'NONE', #1477, 1000.000000000000000 ) ;
#346 = ORIENTED_EDGE ( 'NONE', *, *, #1953, .F. ) ;
#347 = EDGE_CURVE ( 'NONE', #1802, #389, #793, .T. ) ;
#348 = CC_DESIGN_DATE_AND_TIME_ASSIGNMENT ( #951, #1395, ( #1791 ) ) ;
#349 = LINE ( 'NONE', #1174, #1559 ) ;
#350 = PERSON_AND_ORGANIZATION_ROLE ( 'creator' ) ;
#351 = ORIENTED_EDGE ( 'NONE', *, *, #189, .F. ) ;
#352 =( BOUNDED_CURVE ( )  B_SPLINE_CURVE ( 3, ( #1123, #273, #1926, #1546 ),
 .UNSPECIFIED., .F., .F. ) 
 B_SPLINE_CURVE_WITH_KNOTS ( ( 4, 4 ),
 ( 1.570796326794896558, 3.141592653589793116 ),
 .UNSPECIFIED. ) 
 CURVE ( )  GEOMETRIC_REPRESENTATION_ITEM ( )  RATIONAL_B_SPLINE_CURVE ( ( 1.000000000000000000, 0.8047378541243649375, 0.8047378541243649375, 1.000000000000000000 ) ) 
 REPRESENTATION_ITEM ( '' )  );
#353 = CARTESIAN_POINT ( 'NONE',  ( -44.92893218813450318, -44.92893218813430423, 12.18980200000059888 ) ) ;
#354 = AXIS2_PLACEMENT_3D ( 'NONE', #1250, #1855, #1032 ) ;
#355 = LINE ( 'NONE', #1494, #92 ) ;
#356 = LINE ( 'NONE', #414, #1315 ) ;
#357 = EDGE_LOOP ( 'NONE', ( #2044, #1368, #1968, #1683 ) ) ;
#358 = ORIENTED_EDGE ( 'NONE', *, *, #258, .F. ) ;
#359 = ORIENTED_EDGE ( 'NONE', *, *, #1594, .F. ) ;
#360 = DIRECTION ( 'NONE',  ( -1.000000000000000000, 0.000000000000000000, 0.000000000000000000 ) ) ;
#361 = PERSON_AND_ORGANIZATION ( #115, #2327 ) ;
#362 = EDGE_LOOP ( 'NONE', ( #172, #1746 ) ) ;
#363 = VERTEX_POINT ( 'NONE', #2413 ) ;
#364 = LINE ( 'NONE', #380, #1098 ) ;
#365 = CARTESIAN_POINT ( 'NONE',  ( -36.72999999999998977, 14.01999999999999957, 13.68980200000059710 ) ) ;
#366 = EDGE_CURVE ( 'NONE', #229, #2425, #1960, .T. ) ;
#367 = CARTESIAN_POINT ( 'NONE',  ( 42.64999999999999858, 44.99999999999978684, 8.189802000000597104 ) ) ;
#368 = ADVANCED_FACE ( 'NONE', ( #1826 ), #63, .F. ) ;
#369 = ORIENTED_EDGE ( 'NONE', *, *, #2509, .F. ) ;
#370 = VECTOR ( 'NONE', #154, 1000.000000000000000 ) ;
#371 = CIRCLE ( 'NONE', #1975, 4.000000000000003553 ) ;
#372 = EDGE_LOOP ( 'NONE', ( #1863, #1969, #2474, #2400 ) ) ;
#373 = DIRECTION ( 'NONE',  ( -0.000000000000000000, -0.000000000000000000, 1.000000000000000000 ) ) ;
#374 = AXIS2_PLACEMENT_3D ( 'NONE', #980, #1805, #1206 ) ;
#375 = DIRECTION ( 'NONE',  ( -0.000000000000000000, -0.000000000000000000, -1.000000000000000000 ) ) ;
#376 = EDGE_LOOP ( 'NONE', ( #618, #2580, #244, #75 ) ) ;
#377 = CARTESIAN_POINT ( 'NONE',  ( -50.20000000000000284, 50.19999999999998863, -1.510197999999400187 ) ) ;
#378 = ORIENTED_EDGE ( 'NONE', *, *, #568, .F. ) ;
#379 = ADVANCED_FACE ( 'NONE', ( #1267 ), #443, .T. ) ;
#380 = CARTESIAN_POINT ( 'NONE',  ( -47.34999999999999432, -44.99999999999980105, 8.189802000000597104 ) ) ;
#381 = DIRECTION ( 'NONE',  ( 2.316623242296781908E-16, -1.000000000000000000, 0.000000000000000000 ) ) ;
#382 = EDGE_CURVE ( 'NONE', #2289, #1381, #1668, .T. ) ;
#383 = CC_DESIGN_PERSON_AND_ORGANIZATION_ASSIGNMENT ( #361, #1580, ( #1018 ) ) ;
#384 = CARTESIAN_POINT ( 'NONE',  ( -49.92893218813451028, -44.92893218813430423, 9.189802000000597104 ) ) ;
#385 = VECTOR ( 'NONE', #2306, 1000.000000000000000 ) ;
#386 = ADVANCED_FACE ( 'NONE', ( #651 ), #1425, .F. ) ;
#387 = EDGE_CURVE ( 'NONE', #1352, #1428, #242, .T. ) ;
#388 = ORIENTED_EDGE ( 'NONE', *, *, #286, .T. ) ;
#389 = VERTEX_POINT ( 'NONE', #1051 ) ;
#390 = CIRCLE ( 'NONE', #480, 2.349999999999997868 ) ;
#391 = EDGE_CURVE ( 'NONE', #1618, #441, #871, .T. ) ;
#392 = CARTESIAN_POINT ( 'NONE',  ( -1.770000000000001128, 14.02000000000000135, 14.18980200000059888 ) ) ;
#393 = DIRECTION ( 'NONE',  ( 1.000000000000000000, 0.000000000000000000, 0.000000000000000000 ) ) ;
#394 = APPROVAL_STATUS ( 'not_yet_approved' ) ;
#395 = VERTEX_POINT ( 'NONE', #9 ) ;
#396 = ORIENTED_EDGE ( 'NONE', *, *, #366, .T. ) ;
#397 = CARTESIAN_POINT ( 'NONE',  ( -0.3499999999999978684, 29.93499999999999872, 14.18980200000059888 ) ) ;
#398 = CYLINDRICAL_SURFACE ( 'NONE', #292, 0.5000000000000004441 ) ;
#399 = ADVANCED_FACE ( 'NONE', ( #1861 ), #2277, .F. ) ;
#400 = DIRECTION ( 'NONE',  ( -4.970554372426380424E-16, 1.000000000000000000, 0.000000000000000000 ) ) ;
#401 = EDGE_LOOP ( 'NONE', ( #158, #751 ) ) ;
#402 = VECTOR ( 'NONE', #2556, 1000.000000000000000 ) ;
#403 = AXIS2_PLACEMENT_3D ( 'NONE', #2530, #1929, #2334 ) ;
#404 = EDGE_CURVE ( 'NONE', #234, #2392, #1261, .T. ) ;
#405 = ORIENTED_EDGE ( 'NONE', *, *, #213, .F. ) ;
#406 = LINE ( 'NONE', #2389, #1932 ) ;
#407 = CARTESIAN_POINT ( 'NONE',  ( 47.34999999999998721, -45.00000000000020606, 8.189802000000597104 ) ) ;
#408 = EDGE_CURVE ( 'NONE', #1984, #1014, #420, .T. ) ;
#409 = PRODUCT_DEFINITION_SHAPE ( 'NONE', 'NONE',  #1131 ) ;
#410 = ORIENTED_EDGE ( 'NONE', *, *, #936, .T. ) ;
#411 = ORIENTED_EDGE ( 'NONE', *, *, #1673, .T. ) ;
#412 = CYLINDRICAL_SURFACE ( 'NONE', #2187, 4.999999999999997335 ) ;
#413 = DIRECTION ( 'NONE',  ( 1.000000000000000000, 0.000000000000000000, -0.000000000000000000 ) ) ;
#414 = CARTESIAN_POINT ( 'NONE',  ( -38.48999999999998778, 13.17499999999999538, 14.18980200000059888 ) ) ;
#415 = FACE_OUTER_BOUND ( 'NONE', #2495, .T. ) ;
#416 = DIRECTION ( 'NONE',  ( 0.000000000000000000, 0.000000000000000000, 1.000000000000000000 ) ) ;
#417 = VERTEX_POINT ( 'NONE', #1026 ) ;
#418 = EDGE_CURVE ( 'NONE', #1121, #1014, #1654, .T. ) ;
#419 = VERTEX_POINT ( 'NONE', #1641 ) ;
#420 = LINE ( 'NONE', #1225, #2475 ) ;
#421 = CARTESIAN_POINT ( 'NONE',  ( -36.22999999999998977, 15.01999999999999957, 13.18980200000059710 ) ) ;
#422 = EDGE_LOOP ( 'NONE', ( #2368, #217, #335, #865 ) ) ;
#423 = DIRECTION ( 'NONE',  ( -2.316623242296781908E-16, 1.000000000000000000, 0.000000000000000000 ) ) ;
#424 = FACE_BOUND ( 'NONE', #427, .T. ) ;
#425 = CYLINDRICAL_SURFACE ( 'NONE', #2126, 5.000000000000000000 ) ;
#426 = CARTESIAN_POINT ( 'NONE',  ( 42.64999999999999147, -45.00000000000020606, 8.189802000000597104 ) ) ;
#427 = EDGE_LOOP ( 'NONE', ( #1695, #2471 ) ) ;
#428 = VERTEX_POINT ( 'NONE', #231 ) ;
#429 = AXIS2_PLACEMENT_3D ( 'NONE', #97, #1719, #1149 ) ;
#430 = DIRECTION ( 'NONE',  ( 1.000000000000000000, 0.000000000000000000, 0.000000000000000000 ) ) ;
#431 = DIRECTION ( 'NONE',  ( 0.000000000000000000, 0.000000000000000000, 1.000000000000000000 ) ) ;
#432 = CYLINDRICAL_SURFACE ( 'NONE', #2499, 2.349999999999997868 ) ;
#433 = ORIENTED_EDGE ( 'NONE', *, *, #2091, .T. ) ;
#434 = LINE ( 'NONE', #1851, #1509 ) ;
#435 = DIRECTION ( 'NONE',  ( -0.000000000000000000, -0.000000000000000000, 1.000000000000000000 ) ) ;
#436 = FACE_OUTER_BOUND ( 'NONE', #474, .T. ) ;
#437 = PLANE ( 'NONE',  #1986 ) ;
#438 = DIRECTION ( 'NONE',  ( -1.196361017915039486E-16, -1.000000000000000000, 0.000000000000000000 ) ) ;
#439 = DIRECTION ( 'NONE',  ( -3.088830989729041722E-16, 1.000000000000000000, 0.000000000000000000 ) ) ;
#440 = EDGE_LOOP ( 'NONE', ( #1498, #2141, #1438, #120 ) ) ;
#441 = VERTEX_POINT ( 'NONE', #1431 ) ;
#442 = CIRCLE ( 'NONE', #1122, 5.000000000000004441 ) ;
#443 = CYLINDRICAL_SURFACE ( 'NONE', #1348, 4.999999999999997335 ) ;
#444 = DIRECTION ( 'NONE',  ( -0.000000000000000000, -0.000000000000000000, 1.000000000000000000 ) ) ;
#445 = ORIENTED_EDGE ( 'NONE', *, *, #574, .F. ) ;
#446 = DIRECTION ( 'NONE',  ( -0.000000000000000000, -0.000000000000000000, 1.000000000000000000 ) ) ;
#447 = DIRECTION ( 'NONE',  ( 1.000000000000000000, 0.000000000000000000, -0.000000000000000000 ) ) ;
#448 = DIRECTION ( 'NONE',  ( -0.000000000000000000, -0.000000000000000000, -1.000000000000000000 ) ) ;
#449 = FACE_OUTER_BOUND ( 'NONE', #2524, .T. ) ;
#450 = CARTESIAN_POINT ( 'NONE',  ( 0.000000000000000000, 0.000000000000000000, 7.839802000000598348 ) ) ;
#451 = ORIENTED_EDGE ( 'NONE', *, *, #1496, .T. ) ;
#452 = EDGE_CURVE ( 'NONE', #1358, #295, #42, .T. ) ;
#453 = VERTEX_POINT ( 'NONE', #1449 ) ;
#454 = EDGE_LOOP ( 'NONE', ( #2600, #45, #87, #613 ) ) ;
#455 = AXIS2_PLACEMENT_3D ( 'NONE', #1010, #2243, #458 ) ;
#456 = VERTEX_POINT ( 'NONE', #1231 ) ;
#457 = VECTOR ( 'NONE', #2513, 1000.000000000000000 ) ;
#458 = DIRECTION ( 'NONE',  ( 1.000000000000000000, 0.000000000000000000, 0.000000000000000000 ) ) ;
#459 = DIRECTION ( 'NONE',  ( 0.000000000000000000, 0.000000000000000000, -1.000000000000000000 ) ) ;
#460 = ORIENTED_EDGE ( 'NONE', *, *, #2023, .F. ) ;
#461 = VECTOR ( 'NONE', #323, 1000.000000000000000 ) ;
#462 = CARTESIAN_POINT ( 'NONE',  ( -36.72999999999998977, 14.01999999999999957, 14.18980200000059888 ) ) ;
#463 = DIRECTION ( 'NONE',  ( -0.000000000000000000, -0.000000000000000000, -1.000000000000000000 ) ) ;
#464 = EDGE_CURVE ( 'NONE', #456, #1095, #356, .T. ) ;
#465 = CARTESIAN_POINT ( 'NONE',  ( -4.650000000000000355, 27.14999999999999503, 12.98269521881404920 ) ) ;
#466 = DIRECTION ( 'NONE',  ( 1.000000000000000000, -0.000000000000000000, -0.000000000000000000 ) ) ;
#467 = CC_DESIGN_PERSON_AND_ORGANIZATION_ASSIGNMENT ( #571, #2199, ( #1791 ) ) ;
#468 = CARTESIAN_POINT ( 'NONE',  ( 50.20000000000000284, 50.19999999999998863, -1.510197999999400187 ) ) ;
#469 = VECTOR ( 'NONE', #463, 1000.000000000000000 ) ;
#470 = ADVANCED_FACE ( 'NONE', ( #2238 ), #437, .T. ) ;
#471 = EDGE_CURVE ( 'NONE', #428, #2256, #1781, .T. ) ;
#472 = ADVANCED_FACE ( 'NONE', ( #1770 ), #1248, .F. ) ;
#473 = VERTEX_POINT ( 'NONE', #843 ) ;
#474 = EDGE_LOOP ( 'NONE', ( #2486, #2160, #748, #127 ) ) ;
#475 = CYLINDRICAL_SURFACE ( 'NONE', #577, 10.00000000000001599 ) ;
#476 = ORIENTED_EDGE ( 'NONE', *, *, #949, .F. ) ;
#477 = EDGE_CURVE ( 'NONE', #19, #2230, #1867, .T. ) ;
#478 = DIRECTION ( 'NONE',  ( 0.000000000000000000, -0.000000000000000000, 1.000000000000000000 ) ) ;
#479 = DIRECTION ( 'NONE',  ( 0.000000000000000000, -0.000000000000000000, 1.000000000000000000 ) ) ;
#480 = AXIS2_PLACEMENT_3D ( 'NONE', #1103, #2151, #2305 ) ;
#481 = CARTESIAN_POINT ( 'NONE',  ( -45.00000000000000000, -44.99999999999980105, 8.189802000000597104 ) ) ;
#482 = LINE ( 'NONE', #2453, #2180 ) ;
#483 = DIRECTION ( 'NONE',  ( 0.000000000000000000, 0.000000000000000000, 1.000000000000000000 ) ) ;
#484 = ADVANCED_FACE ( 'NONE', ( #2479 ), #103, .F. ) ;
#485 = ORIENTED_EDGE ( 'NONE', *, *, #2053, .T. ) ;
#486 = EDGE_LOOP ( 'NONE', ( #1776, #445, #2378, #1928 ) ) ;
#487 = ADVANCED_FACE ( 'NONE', ( #860 ), #493, .F. ) ;
#488 = ORIENTED_EDGE ( 'NONE', *, *, #1244, .F. ) ;
#489 = CIRCLE ( 'NONE', #272, 5.000000000000000888 ) ;
#490 = EDGE_CURVE ( 'NONE', #1688, #2090, #91, .T. ) ;
#491 = DIRECTION ( 'NONE',  ( 1.000000000000000000, 0.000000000000000000, 0.000000000000000000 ) ) ;
#492 = DIRECTION ( 'NONE',  ( 0.000000000000000000, 0.000000000000000000, 1.000000000000000000 ) ) ;
#493 = PLANE ( 'NONE',  #2320 ) ;
#494 = DIRECTION ( 'NONE',  ( -0.000000000000000000, -0.000000000000000000, -1.000000000000000000 ) ) ;
#495 = FACE_OUTER_BOUND ( 'NONE', #252, .T. ) ;
#496 = DIRECTION ( 'NONE',  ( 1.000000000000000000, 0.000000000000000000, 0.000000000000000000 ) ) ;
#497 = ORIENTED_EDGE ( 'NONE', *, *, #499, .F. ) ;
#498 = VERTEX_POINT ( 'NONE', #1272 ) ;
#499 = EDGE_CURVE ( 'NONE', #128, #738, #788, .T. ) ;
#500 = VERTEX_POINT ( 'NONE', #1008 ) ;
#501 = CARTESIAN_POINT ( 'NONE',  ( 50.20000000000000284, -50.20000000000001705, 12.18980200000059888 ) ) ;
#502 = ADVANCED_FACE ( 'NONE', ( #2195, #2588 ), #2221, .T. ) ;
#503 = FACE_OUTER_BOUND ( 'NONE', #1203, .T. ) ;
#504 = CARTESIAN_POINT ( 'NONE',  ( -2.270000000000001350, 14.51999999999999957, 13.39690878118714323 ) ) ;
#505 = DIRECTION ( 'NONE',  ( 1.000000000000000000, 0.000000000000000000, 0.000000000000000000 ) ) ;
#506 = DIRECTION ( 'NONE',  ( 0.000000000000000000, 1.000000000000000000, 0.000000000000000000 ) ) ;
#507 = VECTOR ( 'NONE', #1270, 1000.000000000000000 ) ;
#508 = DIRECTION ( 'NONE',  ( -1.000000000000000000, 0.000000000000000000, 0.000000000000000000 ) ) ;
#509 = CARTESIAN_POINT ( 'NONE',  ( 45.00000000000000000, 44.99999999999978684, 8.189802000000597104 ) ) ;
#510 = ORIENTED_EDGE ( 'NONE', *, *, #2161, .T. ) ;
#511 = VERTEX_POINT ( 'NONE', #190 ) ;
#512 = ORIENTED_EDGE ( 'NONE', *, *, #2043, .T. ) ;
#513 = VECTOR ( 'NONE', #319, 1000.000000000000000 ) ;
#514 = CARTESIAN_POINT ( 'NONE',  ( -36.93710678118654300, 14.31289321881345167, 14.18980200000059888 ) ) ;
#515 = DIRECTION ( 'NONE',  ( -2.316623242296781908E-16, 1.000000000000000000, 0.000000000000000000 ) ) ;
#516 = ORIENTED_EDGE ( 'NONE', *, *, #1295, .F. ) ;
#517 = CIRCLE ( 'NONE', #1235, 1.450000000000000400 ) ;
#518 = LINE ( 'NONE', #2317, #68 ) ;
#519 = CARTESIAN_POINT ( 'NONE',  ( -44.92893218813450318, -44.92893218813430423, 12.18980200000059888 ) ) ;
#520 = DIRECTION ( 'NONE',  ( 0.000000000000000000, 0.000000000000000000, 1.000000000000000000 ) ) ;
#521 = AXIS2_PLACEMENT_3D ( 'NONE', #714, #912, #2514 ) ;
#522 = CARTESIAN_POINT ( 'NONE',  ( 47.34999999999999432, 44.99999999999978684, 12.18980200000059888 ) ) ;
#523 = DIRECTION ( 'NONE',  ( 1.000000000000000000, 5.034020533885106216E-17, 0.000000000000000000 ) ) ;
#524 = EDGE_LOOP ( 'NONE', ( #1924, #1291, #2496, #866 ) ) ;
#525 = ORIENTED_EDGE ( 'NONE', *, *, #1333, .T. ) ;
#526 = CARTESIAN_POINT ( 'NONE',  ( -4.650000000000000355, 15.84999999999999964, 12.68980200000059710 ) ) ;
#527 = FACE_OUTER_BOUND ( 'NONE', #372, .T. ) ;
#528 = VECTOR ( 'NONE', #1394, 1000.000000000000000 ) ;
#529 = CARTESIAN_POINT ( 'NONE',  ( 50.20000000000000284, 50.19999999999998863, 12.18980200000059888 ) ) ;
#530 = CARTESIAN_POINT ( 'NONE',  ( 23.16099999999876502, 50.19999999999999574, 4.984999999999979003 ) ) ;
#531 = AXIS2_PLACEMENT_3D ( 'NONE', #888, #494, #2108 ) ;
#532 = CARTESIAN_POINT ( 'NONE',  ( -40.99999999999999289, 44.99999999999980105, 8.189802000000597104 ) ) ;
#533 = DIRECTION ( 'NONE',  ( -0.000000000000000000, 1.000000000000000000, -0.000000000000000000 ) ) ;
#534 = VERTEX_POINT ( 'NONE', #1847 ) ;
#535 = ORIENTED_EDGE ( 'NONE', *, *, #2143, .F. ) ;
#536 = VERTEX_POINT ( 'NONE', #621 ) ;
#537 = DIRECTION ( 'NONE',  ( 1.000000000000000000, 0.000000000000000000, -0.000000000000000000 ) ) ;
#538 = CARTESIAN_POINT ( 'NONE',  ( 0.000000000000000000, 0.000000000000000000, 0.000000000000000000 ) ) ;
#539 = ORIENTED_EDGE ( 'NONE', *, *, #11, .F. ) ;
#540 =( BOUNDED_CURVE ( )  B_SPLINE_CURVE ( 3, ( #763, #588, #1777, #778 ),
 .UNSPECIFIED., .F., .F. ) 
 B_SPLINE_CURVE_WITH_KNOTS ( ( 4, 4 ),
 ( 4.712388980384689674, 6.283185307179586232 ),
 .UNSPECIFIED. ) 
 CURVE ( )  GEOMETRIC_REPRESENTATION_ITEM ( )  RATIONAL_B_SPLINE_CURVE ( ( 1.000000000000000000, 0.8047378541243649375, 0.8047378541243649375, 1.000000000000000000 ) ) 
 REPRESENTATION_ITEM ( '' )  );
#541 = DIRECTION ( 'NONE',  ( -0.000000000000000000, 0.000000000000000000, 1.000000000000000000 ) ) ;
#542 = CARTESIAN_POINT ( 'NONE',  ( -2.062893218813453000, 14.31289321881345522, 14.18980200000059888 ) ) ;
#543 = LINE ( 'NONE', #1909, #2492 ) ;
#544 = EDGE_CURVE ( 'NONE', #2193, #1063, #1224, .T. ) ;
#545 = DIRECTION ( 'NONE',  ( -1.000000000000000000, -0.000000000000000000, -0.000000000000000000 ) ) ;
#546 = ORIENTED_EDGE ( 'NONE', *, *, #207, .F. ) ;
#547 = ADVANCED_FACE ( 'NONE', ( #1441 ), #22, .T. ) ;
#548 = EDGE_LOOP ( 'NONE', ( #2364, #1264, #311, #811 ) ) ;
#549 = LINE ( 'NONE', #2590, #608 ) ;
#550 = ORIENTED_EDGE ( 'NONE', *, *, #848, .T. ) ;
#551 = CARTESIAN_POINT ( 'NONE',  ( 19.94034900000000476, 50.89999999999999858, 7.839802000000598348 ) ) ;
#552 = CARTESIAN_POINT ( 'NONE',  ( 23.16099999999876502, 50.89999999999999858, 5.694999999999978080 ) ) ;
#553 = VECTOR ( 'NONE', #796, 1000.000000000000000 ) ;
#554 = CARTESIAN_POINT ( 'NONE',  ( -30.44999999999999929, 15.84999999999999964, -1.510197999999400631 ) ) ;
#555 = ORIENTED_EDGE ( 'NONE', *, *, #32, .F. ) ;
#556 = ADVANCED_FACE ( 'NONE', ( #2440 ), #2388, .F. ) ;
#557 = CARTESIAN_POINT ( 'NONE',  ( 38.51000000000000512, -44.82500000000000284, 14.18980200000059888 ) ) ;
#558 = APPLICATION_PROTOCOL_DEFINITION ( 'international standard', 'config_control_design', 1994, #673 ) ;
#559 = ORIENTED_EDGE ( 'NONE', *, *, #2081, .F. ) ;
#560 = ORIENTED_EDGE ( 'NONE', *, *, #1329, .T. ) ;
#561 = PLANE ( 'NONE',  #2224 ) ;
#562 = CARTESIAN_POINT ( 'NONE',  ( -30.94999999999999929, 27.14999999999999858, 13.18980200000059710 ) ) ;
#563 = VECTOR ( 'NONE', #1513, 1000.000000000000000 ) ;
#564 = DIRECTION ( 'NONE',  ( -9.319789448299465144E-17, -1.000000000000000000, 0.000000000000000000 ) ) ;
#565 = ORIENTED_EDGE ( 'NONE', *, *, #2217, .T. ) ;
#566 = ORIENTED_EDGE ( 'NONE', *, *, #1401, .T. ) ;
#567 = ORIENTED_EDGE ( 'NONE', *, *, #2205, .F. ) ;
#568 = EDGE_CURVE ( 'NONE', #536, #2519, #913, .T. ) ;
#569 = EDGE_CURVE ( 'NONE', #1378, #2540, #256, .T. ) ;
#570 = LINE ( 'NONE', #2578, #2087 ) ;
#571 = PERSON_AND_ORGANIZATION ( #115, #2327 ) ;
#572 = ORIENTED_EDGE ( 'NONE', *, *, #1345, .F. ) ;
#573 = ORIENTED_EDGE ( 'NONE', *, *, #452, .T. ) ;
#574 = EDGE_CURVE ( 'NONE', #363, #1097, #2068, .T. ) ;
#575 = CARTESIAN_POINT ( 'NONE',  ( 40.99999999999999289, 44.99999999999978684, 8.189802000000597104 ) ) ;
#576 = CARTESIAN_POINT ( 'NONE',  ( -50.20000000000000284, -50.20000000000001705, 12.18980200000059888 ) ) ;
#577 = AXIS2_PLACEMENT_3D ( 'NONE', #1279, #1469, #611 ) ;
#578 = AXIS2_PLACEMENT_3D ( 'NONE', #862, #70, #2490 ) ;
#579 = ADVANCED_FACE ( 'NONE', ( #82 ), #2516, .F. ) ;
#580 = VERTEX_POINT ( 'NONE', #522 ) ;
#581 = DIRECTION ( 'NONE',  ( 1.000000000000000000, 0.000000000000000000, 0.000000000000000000 ) ) ;
#582 = AXIS2_PLACEMENT_3D ( 'NONE', #1751, #2281, #1531 ) ;
#583 = DIRECTION ( 'NONE',  ( 0.000000000000000000, 0.000000000000000000, 1.000000000000000000 ) ) ;
#584 = EDGE_CURVE ( 'NONE', #229, #2393, #1330, .T. ) ;
#585 = EDGE_LOOP ( 'NONE', ( #150, #2144, #1632, #1332 ) ) ;
#586 = DESIGN_CONTEXT ( 'detailed design', #673, 'design' ) ;
#587 = VERTEX_POINT ( 'NONE', #1079 ) ;
#588 = CARTESIAN_POINT ( 'NONE',  ( -36.93710678118654300, 28.68710678118655011, 14.18980200000059888 ) ) ;
#589 = DIRECTION ( 'NONE',  ( 1.000000000000000000, 0.000000000000000000, 0.000000000000000000 ) ) ;
#590 = ADVANCED_FACE ( 'NONE', ( #880 ), #1693, .F. ) ;
#591 = LINE ( 'NONE', #367, #684 ) ;
#592 = AXIS2_PLACEMENT_3D ( 'NONE', #1537, #281, #508 ) ;
#593 = FACE_OUTER_BOUND ( 'NONE', #1036, .T. ) ;
#594 = CIRCLE ( 'NONE', #1067, 2.349999999999997868 ) ;
#595 = ORIENTED_EDGE ( 'NONE', *, *, #1070, .T. ) ;
#596 = AXIS2_PLACEMENT_3D ( 'NONE', #632, #2255, #829 ) ;
#597 = LINE ( 'NONE', #1409, #1382 ) ;
#598 = CARTESIAN_POINT ( 'NONE',  ( 23.16099999999876502, -54.92993218813430190, 7.144999999999978257 ) ) ;
#599 = ORIENTED_EDGE ( 'NONE', *, *, #1687, .F. ) ;
#600 = EDGE_LOOP ( 'NONE', ( #1765, #1071, #988, #2569 ) ) ;
#601 = CARTESIAN_POINT ( 'NONE',  ( 44.99999999999999289, -45.00000000000020606, 12.18980200000059888 ) ) ;
#602 = DIRECTION ( 'NONE',  ( 0.000000000000000000, 0.000000000000000000, 1.000000000000000000 ) ) ;
#603 = ADVANCED_FACE ( 'NONE', ( #1236, #1034 ), #1421, .T. ) ;
#604 = CARTESIAN_POINT ( 'NONE',  ( -50.20000000000000284, -50.20000000000001705, -1.510197999999400187 ) ) ;
#605 = DIRECTION ( 'NONE',  ( 0.000000000000000000, 1.000000000000000000, 0.000000000000000000 ) ) ;
#606 = DIRECTION ( 'NONE',  ( -1.000000000000000000, 0.000000000000000000, 0.000000000000000000 ) ) ;
#607 = AXIS2_PLACEMENT_3D ( 'NONE', #2234, #2462, #839 ) ;
#608 = VECTOR ( 'NONE', #1187, 1000.000000000000000 ) ;
#609 = VECTOR ( 'NONE', #56, 1000.000000000000000 ) ;
#610 = ORIENTED_EDGE ( 'NONE', *, *, #642, .F. ) ;
#611 = DIRECTION ( 'NONE',  ( -1.000000000000000000, 0.000000000000000000, 0.000000000000000000 ) ) ;
#612 = LINE ( 'NONE', #1426, #1704 ) ;
#613 = ORIENTED_EDGE ( 'NONE', *, *, #202, .T. ) ;
#614 = CARTESIAN_POINT ( 'NONE',  ( -28.92000000000000171, 39.33499999999999375, -1.510197999999400631 ) ) ;
#615 = DIRECTION ( 'NONE',  ( -0.000000000000000000, -0.000000000000000000, -1.000000000000000000 ) ) ;
#616 = FACE_OUTER_BOUND ( 'NONE', #2219, .T. ) ;
#617 = FACE_OUTER_BOUND ( 'NONE', #2153, .T. ) ;
#618 = ORIENTED_EDGE ( 'NONE', *, *, #1905, .T. ) ;
#619 = EDGE_LOOP ( 'NONE', ( #2344, #2511 ) ) ;
#620 = CIRCLE ( 'NONE', #2099, 1.449999999999999956 ) ;
#621 = CARTESIAN_POINT ( 'NONE',  ( -30.94999999999999929, 27.64999999999999858, 13.18980200000059710 ) ) ;
#622 = DIRECTION ( 'NONE',  ( -9.227252531791526626E-17, 1.000000000000000000, -0.000000000000000000 ) ) ;
#623 = CIRCLE ( 'NONE', #1649, 2.349999999999997868 ) ;
#624 = CYLINDRICAL_SURFACE ( 'NONE', #2198, 3.999999999999996447 ) ;
#625 = ORIENTED_EDGE ( 'NONE', *, *, #20, .T. ) ;
#626 = PLANE ( 'NONE',  #607 ) ;
#627 = AXIS2_PLACEMENT_3D ( 'NONE', #1548, #1324, #1090 ) ;
#628 = CARTESIAN_POINT ( 'NONE',  ( -2.770000000000002682, 2.581581677178954346E-16, 13.18980200000059710 ) ) ;
#629 = FACE_OUTER_BOUND ( 'NONE', #2048, .T. ) ;
#630 = DIRECTION ( 'NONE',  ( -4.970554372426380424E-16, 1.000000000000000000, -0.000000000000000000 ) ) ;
#631 = DIRECTION ( 'NONE',  ( 0.000000000000000000, 0.000000000000000000, -1.000000000000000000 ) ) ;
#632 = CARTESIAN_POINT ( 'NONE',  ( -44.92893218813450318, -44.92893218813430423, 14.18980200000059888 ) ) ;
#633 = ORIENTED_EDGE ( 'NONE', *, *, #184, .T. ) ;
#634 = EDGE_LOOP ( 'NONE', ( #1707, #1412, #1085, #1204 ) ) ;
#635 = AXIS2_PLACEMENT_3D ( 'NONE', #1597, #1377, #2178 ) ;
#636 = CARTESIAN_POINT ( 'NONE',  ( -44.92893218813450318, -49.92893218813431133, 9.189802000000597104 ) ) ;
#637 = DIRECTION ( 'NONE',  ( -0.000000000000000000, 1.000000000000000000, -0.000000000000000000 ) ) ;
#638 = ORIENTED_EDGE ( 'NONE', *, *, #1228, .T. ) ;
#639 = VECTOR ( 'NONE', #1692, 1000.000000000000000 ) ;
#640 = FACE_OUTER_BOUND ( 'NONE', #1316, .T. ) ;
#641 = CARTESIAN_POINT ( 'NONE',  ( -0.3499999999999996447, 48.73499999999999943, -1.510197999999400631 ) ) ;
#642 = EDGE_CURVE ( 'NONE', #989, #664, #233, .T. ) ;
#643 = FACE_OUTER_BOUND ( 'NONE', #1735, .T. ) ;
#644 = CARTESIAN_POINT ( 'NONE',  ( 44.92893218813457423, -49.92893218813429712, 14.18980200000059888 ) ) ;
#645 = PLANE ( 'NONE',  #1404 ) ;
#646 = ORIENTED_EDGE ( 'NONE', *, *, #175, .T. ) ;
#647 = ORIENTED_EDGE ( 'NONE', *, *, #1009, .T. ) ;
#648 = EDGE_LOOP ( 'NONE', ( #1436, #268, #2155, #2130 ) ) ;
#649 = AXIS2_PLACEMENT_3D ( 'NONE', #1027, #1410, #220 ) ;
#650 = VECTOR ( 'NONE', #1897, 1000.000000000000000 ) ;
#651 = FACE_OUTER_BOUND ( 'NONE', #1640, .T. ) ;
#652 = FACE_BOUND ( 'NONE', #883, .T. ) ;
#653 = ORIENTED_EDGE ( 'NONE', *, *, #2137, .T. ) ;
#654 = EDGE_CURVE ( 'NONE', #1708, #1381, #1389, .T. ) ;
#655 = CARTESIAN_POINT ( 'NONE',  ( -2.270000000000000018, 28.48000000000000043, 13.68980200000059710 ) ) ;
#656 = FACE_BOUND ( 'NONE', #60, .T. ) ;
#657 = EDGE_CURVE ( 'NONE', #1212, #1984, #798, .T. ) ;
#658 = CARTESIAN_POINT ( 'NONE',  ( -4.650000000000000355, 27.14999999999999858, 12.18980200000059888 ) ) ;
#659 = DIRECTION ( 'NONE',  ( 0.000000000000000000, 1.000000000000000000, -0.000000000000000000 ) ) ;
#660 = DIRECTION ( 'NONE',  ( 1.000000000000000000, 0.000000000000000000, 0.000000000000000000 ) ) ;
#661 = DIRECTION ( 'NONE',  ( 0.000000000000000000, 0.000000000000000000, -1.000000000000000000 ) ) ;
#662 = ORIENTED_EDGE ( 'NONE', *, *, #2457, .T. ) ;
#663 = ADVANCED_FACE ( 'NONE', ( #593 ), #1197, .F. ) ;
#664 = VERTEX_POINT ( 'NONE', #130 ) ;
#665 = CIRCLE ( 'NONE', #2138, 1.450000000000000400 ) ;
#666 = ORIENTED_EDGE ( 'NONE', *, *, #1249, .T. ) ;
#667 = AXIS2_PLACEMENT_3D ( 'NONE', #1988, #373, #581 ) ;
#668 = DIRECTION ( 'NONE',  ( 1.000000000000000000, 0.000000000000000000, 0.000000000000000000 ) ) ;
#669 = ORIENTED_EDGE ( 'NONE', *, *, #1276, .T. ) ;
#670 = ADVANCED_FACE ( 'NONE', ( #932 ), #88, .F. ) ;
#671 = CARTESIAN_POINT ( 'NONE',  ( -19.15000000000000213, 29.93499999999999872, 12.18980200000059888 ) ) ;
#672 = DIRECTION ( 'NONE',  ( -1.000000000000000000, -5.034020533885106216E-17, -0.000000000000000000 ) ) ;
#673 = APPLICATION_CONTEXT ( 'configuration controlled 3d designs of mechanical parts and assemblies' ) ;
#674 = DIRECTION ( 'NONE',  ( -0.000000000000000000, -0.000000000000000000, 1.000000000000000000 ) ) ;
#675 = CARTESIAN_POINT ( 'NONE',  ( 29.60099999999876275, 50.89999999999999858, 7.144999999999978257 ) ) ;
#676 = FACE_OUTER_BOUND ( 'NONE', #2412, .T. ) ;
#677 = AXIS2_PLACEMENT_3D ( 'NONE', #1100, #1906, #1940 ) ;
#678 = EDGE_CURVE ( 'NONE', #1063, #498, #734, .T. ) ;
#679 = EDGE_LOOP ( 'NONE', ( #270, #98, #2405, #1013 ) ) ;
#680 = ADVANCED_FACE ( 'NONE', ( #1472 ), #626, .F. ) ;
#681 = EDGE_LOOP ( 'NONE', ( #410, #2258, #2387, #2458 ) ) ;
#682 = ORIENTED_EDGE ( 'NONE', *, *, #1703, .F. ) ;
#683 = ORIENTED_EDGE ( 'NONE', *, *, #2356, .T. ) ;
#684 = VECTOR ( 'NONE', #1997, 1000.000000000000000 ) ;
#685 = DIRECTION ( 'NONE',  ( -1.000000000000000000, -0.000000000000000000, -0.000000000000000000 ) ) ;
#686 = LINE ( 'NONE', #708, #1981 ) ;
#687 = AXIS2_PLACEMENT_3D ( 'NONE', #727, #925, #2136 ) ;
#688 = CARTESIAN_POINT ( 'NONE',  ( -42.64999999999999858, -44.99999999999980105, 8.189802000000597104 ) ) ;
#689 = DIRECTION ( 'NONE',  ( 0.000000000000000000, 0.000000000000000000, -1.000000000000000000 ) ) ;
#690 = DIRECTION ( 'NONE',  ( -0.000000000000000000, -0.000000000000000000, -1.000000000000000000 ) ) ;
#691 = EDGE_CURVE ( 'NONE', #2127, #59, #434, .T. ) ;
#692 = DIRECTION ( 'NONE',  ( -0.000000000000000000, 1.000000000000000000, -0.000000000000000000 ) ) ;
#693 = ORIENTED_EDGE ( 'NONE', *, *, #867, .T. ) ;
#694 = ORIENTED_EDGE ( 'NONE', *, *, #1896, .F. ) ;
#695 = ORIENTED_EDGE ( 'NONE', *, *, #584, .F. ) ;
#696 = AXIS2_PLACEMENT_3D ( 'NONE', #2314, #116, #1296 ) ;
#697 = CIRCLE ( 'NONE', #1858, 1.450000000000000400 ) ;
#698 = DIRECTION ( 'NONE',  ( 1.000000000000000000, 0.000000000000000000, 0.000000000000000000 ) ) ;
#699 = FACE_OUTER_BOUND ( 'NONE', #454, .T. ) ;
#700 = CARTESIAN_POINT ( 'NONE',  ( 21.71099999999876573, 50.19999999999999574, 5.694999999999987850 ) ) ;
#701 = LINE ( 'NONE', #2109, #1815 ) ;
#702 = LINE ( 'NONE', #1518, #1366 ) ;
#703 = DIRECTION ( 'NONE',  ( 0.000000000000000000, 0.000000000000000000, -1.000000000000000000 ) ) ;
#704 = ORIENTED_EDGE ( 'NONE', *, *, #1209, .T. ) ;
#705 = ORIENTED_EDGE ( 'NONE', *, *, #1703, .T. ) ;
#706 = PLANE ( 'NONE',  #2374 ) ;
#707 = CIRCLE ( 'NONE', #1936, 10.00000000000000178 ) ;
#708 = CARTESIAN_POINT ( 'NONE',  ( -40.99999999999999289, -44.99999999999980105, 8.189802000000597104 ) ) ;
#709 = DIRECTION ( 'NONE',  ( 0.000000000000000000, 0.000000000000000000, 1.000000000000000000 ) ) ;
#710 = EDGE_LOOP ( 'NONE', ( #162, #2439, #1301, #378 ) ) ;
#711 = VECTOR ( 'NONE', #341, 1000.000000000000000 ) ;
#712 = CARTESIAN_POINT ( 'NONE',  ( -2.270000000000001350, 14.52000000000000135, 13.68980200000059710 ) ) ;
#713 = CARTESIAN_POINT ( 'NONE',  ( -54.92893218813453160, 44.92893218813472345, -1.510197999999400187 ) ) ;
#714 = CARTESIAN_POINT ( 'NONE',  ( -44.92893218813450318, -54.92893218813430423, 12.18980200000059888 ) ) ;
#715 = VECTOR ( 'NONE', #246, 1000.000000000000000 ) ;
#716 = VECTOR ( 'NONE', #1686, 1000.000000000000000 ) ;
#717 = DIRECTION ( 'NONE',  ( 0.000000000000000000, 0.000000000000000000, -1.000000000000000000 ) ) ;
#718 = ORIENTED_EDGE ( 'NONE', *, *, #78, .F. ) ;
#719 = ORIENTED_EDGE ( 'NONE', *, *, #1228, .F. ) ;
#720 = AXIS2_PLACEMENT_3D ( 'NONE', #908, #1712, #1489 ) ;
#721 = CARTESIAN_POINT ( 'NONE',  ( -36.72999999999998977, 14.51999999999999957, 13.98269521881404920 ) ) ;
#722 = LINE ( 'NONE', #2498, #129 ) ;
#723 = ORIENTED_EDGE ( 'NONE', *, *, #265, .F. ) ;
#724 = AXIS2_PLACEMENT_3D ( 'NONE', #746, #1567, #308 ) ;
#725 = DIRECTION ( 'NONE',  ( -0.000000000000000000, 0.000000000000000000, -1.000000000000000000 ) ) ;
#726 = DIRECTION ( 'NONE',  ( -0.000000000000000000, -0.000000000000000000, 1.000000000000000000 ) ) ;
#727 = CARTESIAN_POINT ( 'NONE',  ( -45.00000000000000000, 44.99999999999980105, 8.189802000000597104 ) ) ;
#728 = VECTOR ( 'NONE', #2395, 1000.000000000000000 ) ;
#729 = ADVANCED_FACE ( 'NONE', ( #2247 ), #1088, .F. ) ;
#730 = CARTESIAN_POINT ( 'NONE',  ( -4.150000000000001243, 15.34999999999999964, 13.18980200000059710 ) ) ;
#731 = ORIENTED_EDGE ( 'NONE', *, *, #1, .F. ) ;
#732 = CARTESIAN_POINT ( 'NONE',  ( -45.00000000000000000, 44.99999999999980105, 12.18980200000059888 ) ) ;
#733 = EDGE_LOOP ( 'NONE', ( #1955, #947, #776, #2581 ) ) ;
#734 = LINE ( 'NONE', #1558, #1415 ) ;
#735 = LINE ( 'NONE', #2345, #780 ) ;
#736 = PERSON_AND_ORGANIZATION ( #115, #2327 ) ;
#737 = EDGE_CURVE ( 'NONE', #1063, #2428, #489, .T. ) ;
#738 = VERTEX_POINT ( 'NONE', #604 ) ;
#739 = VECTOR ( 'NONE', #950, 1000.000000000000000 ) ;
#740 = CARTESIAN_POINT ( 'NONE',  ( -2.062893218813452556, 28.68710678118655011, 14.18980200000059888 ) ) ;
#741 = DIRECTION ( 'NONE',  ( 0.000000000000000000, 0.000000000000000000, 1.000000000000000000 ) ) ;
#742 = CIRCLE ( 'NONE', #1761, 4.000000000000000000 ) ;
#743 = CARTESIAN_POINT ( 'NONE',  ( -19.15000000000000213, 29.93499999999999872, -1.510197999999400631 ) ) ;
#744 = EDGE_CURVE ( 'NONE', #419, #1280, #1045, .T. ) ;
#745 = ADVANCED_FACE ( 'NONE', ( #643 ), #1462, .T. ) ;
#746 = CARTESIAN_POINT ( 'NONE',  ( 45.00000000000000000, 44.99999999999978684, 8.189802000000597104 ) ) ;
#747 = ORIENTED_EDGE ( 'NONE', *, *, #767, .F. ) ;
#748 = ORIENTED_EDGE ( 'NONE', *, *, #471, .F. ) ;
#749 = DIRECTION ( 'NONE',  ( 9.319789448299465144E-17, 1.000000000000000000, 0.000000000000000000 ) ) ;
#750 = APPROVAL_DATE_TIME ( #1954, #1493 ) ;
#751 = ORIENTED_EDGE ( 'NONE', *, *, #269, .F. ) ;
#752 = CARTESIAN_POINT ( 'NONE',  ( -1.769999999999999796, 28.98000000000000398, 14.18980200000059888 ) ) ;
#753 = FACE_OUTER_BOUND ( 'NONE', #357, .T. ) ;
#754 = AXIS2_PLACEMENT_3D ( 'NONE', #1573, #2009, #1157 ) ;
#755 = CARTESIAN_POINT ( 'NONE',  ( 40.99999999999999289, 44.99999999999978684, 12.18980200000059888 ) ) ;
#756 = EDGE_CURVE ( 'NONE', #2519, #2472, #1784, .T. ) ;
#757 = ORIENTED_EDGE ( 'NONE', *, *, #213, .T. ) ;
#758 = EDGE_CURVE ( 'NONE', #2100, #26, #2415, .T. ) ;
#759 = DIRECTION ( 'NONE',  ( 1.000000000000000000, -0.000000000000000000, -0.000000000000000000 ) ) ;
#760 =( NAMED_UNIT ( * ) PLANE_ANGLE_UNIT ( ) SI_UNIT ( $, .RADIAN. ) );
#761 = ORIENTED_EDGE ( 'NONE', *, *, #2081, .T. ) ;
#762 = ORIENTED_EDGE ( 'NONE', *, *, #2264, .T. ) ;
#763 = CARTESIAN_POINT ( 'NONE',  ( -37.22999999999999687, 28.98000000000000398, 14.18980200000059888 ) ) ;
#764 = CARTESIAN_POINT ( 'NONE',  ( 0.000000000000000000, 0.000000000000000000, 13.18980200000059710 ) ) ;
#765 = AXIS2_PLACEMENT_3D ( 'NONE', #343, #1160, #1756 ) ;
#766 = CARTESIAN_POINT ( 'NONE',  ( -37.22999999999999687, 28.48000000000000043, 13.68980200000059710 ) ) ;
#767 = EDGE_CURVE ( 'NONE', #1521, #511, #1690, .T. ) ;
#768 = CARTESIAN_POINT ( 'NONE',  ( 31.05099999999876204, -54.92993218813430190, 4.984999999999979003 ) ) ;
#769 = EDGE_CURVE ( 'NONE', #2273, #1280, #2228, .T. ) ;
#770 = ORIENTED_EDGE ( 'NONE', *, *, #271, .F. ) ;
#771 = EDGE_LOOP ( 'NONE', ( #1065, #1721, #567, #228 ) ) ;
#772 = ORIENTED_EDGE ( 'NONE', *, *, #1427, .T. ) ;
#773 = EDGE_CURVE ( 'NONE', #1471, #2316, #1419, .T. ) ;
#774 = CARTESIAN_POINT ( 'NONE',  ( -30.44999999999999929, 15.34999999999999964, 13.18980200000059710 ) ) ;
#775 = CALENDAR_DATE ( 2026, 4, 1 ) ;
#776 = ORIENTED_EDGE ( 'NONE', *, *, #1563, .T. ) ;
#777 = ORIENTED_EDGE ( 'NONE', *, *, #737, .T. ) ;
#778 = CARTESIAN_POINT ( 'NONE',  ( -36.72999999999999687, 28.48000000000000043, 13.68980200000059710 ) ) ;
#779 = CARTESIAN_POINT ( 'NONE',  ( -30.44999999999999929, 15.84999999999999964, 12.68980200000059710 ) ) ;
#780 = VECTOR ( 'NONE', #537, 1000.000000000000000 ) ;
#781 = FACE_OUTER_BOUND ( 'NONE', #2593, .T. ) ;
#782 = EDGE_LOOP ( 'NONE', ( #662, #976, #1468, #1176 ) ) ;
#783 = VERTEX_POINT ( 'NONE', #658 ) ;
#784 = CARTESIAN_POINT ( 'NONE',  ( -2.270000000000000018, 28.48000000000000043, 13.68980200000059710 ) ) ;
#785 = DIRECTION ( 'NONE',  ( -1.196361017915039486E-16, -1.000000000000000000, 0.000000000000000000 ) ) ;
#786 = APPROVAL_ROLE ( '' ) ;
#787 = ORIENTED_EDGE ( 'NONE', *, *, #2343, .F. ) ;
#788 = LINE ( 'NONE', #377, #1191 ) ;
#789 = ADVANCED_FACE ( 'NONE', ( #616 ), #2269, .T. ) ;
#790 = ORIENTED_EDGE ( 'NONE', *, *, #29, .F. ) ;
#791 = LINE ( 'NONE', #1375, #1434 ) ;
#792 = DIRECTION ( 'NONE',  ( -0.000000000000000000, -0.000000000000000000, -1.000000000000000000 ) ) ;
#793 = CIRCLE ( 'NONE', #455, 4.000000000000000000 ) ;
#794 = APPLICATION_CONTEXT ( 'configuration controlled 3d designs of mechanical parts and assemblies' ) ;
#795 = AXIS2_PLACEMENT_3D ( 'NONE', #911, #1565, #800 ) ;
#796 = DIRECTION ( 'NONE',  ( -0.000000000000000000, -0.000000000000000000, -1.000000000000000000 ) ) ;
#797 = AXIS2_PLACEMENT_3D ( 'NONE', #732, #1556, #2434 ) ;
#798 = LINE ( 'NONE', #1808, #821 ) ;
#799 = ORIENTED_EDGE ( 'NONE', *, *, #464, .T. ) ;
#800 = DIRECTION ( 'NONE',  ( -1.000000000000000000, 0.000000000000000000, 0.000000000000000000 ) ) ;
#801 = VECTOR ( 'NONE', #672, 1000.000000000000000 ) ;
#802 = CARTESIAN_POINT ( 'NONE',  ( -44.92893218813450318, -54.92893218813430423, -1.510197999999400187 ) ) ;
#803 = ORIENTED_EDGE ( 'NONE', *, *, #1706, .F. ) ;
#804 = ADVANCED_FACE ( 'NONE', ( #1273 ), #425, .T. ) ;
#805 = UNCERTAINTY_MEASURE_WITH_UNIT (LENGTH_MEASURE( 1.000000000000000082E-05 ), #1154, 'distance_accuracy_value', 'NONE');
#806 = ORIENTED_EDGE ( 'NONE', *, *, #957, .T. ) ;
#807 = DIRECTION ( 'NONE',  ( 1.000000000000000000, 0.000000000000000000, 0.000000000000000000 ) ) ;
#808 = LINE ( 'NONE', #2204, #2406 ) ;
#809 = DIRECTION ( 'NONE',  ( 1.000000000000000000, 0.000000000000000000, 0.000000000000000000 ) ) ;
#810 = ORIENTED_EDGE ( 'NONE', *, *, #1684, .T. ) ;
#811 = ORIENTED_EDGE ( 'NONE', *, *, #1608, .F. ) ;
#812 = CARTESIAN_POINT ( 'NONE',  ( -45.00000000000000000, 44.99999999999980105, 8.189802000000597104 ) ) ;
#813 = CARTESIAN_POINT ( 'NONE',  ( -36.52289321881344364, 14.72710678118654570, 13.18980200000059710 ) ) ;
#814 = ORIENTED_EDGE ( 'NONE', *, *, #1563, .F. ) ;
#815 = CARTESIAN_POINT ( 'NONE',  ( -1.770000000000001128, 14.02000000000000135, 14.18980200000059888 ) ) ;
#816 = CARTESIAN_POINT ( 'NONE',  ( -4.650000000000000355, 27.14999999999999858, 12.68980200000059710 ) ) ;
#817 = ADVANCED_FACE ( 'NONE', ( #415 ), #2041, .F. ) ;
#818 = APPROVAL ( #394, 'UNSPECIFIED' ) ;
#819 = CARTESIAN_POINT ( 'NONE',  ( -44.92893218813450318, 49.92893218813473766, 9.189802000000597104 ) ) ;
#820 = CARTESIAN_POINT ( 'NONE',  ( 44.92893218813451739, 44.92893218813473766, 9.189802000000597104 ) ) ;
#821 = VECTOR ( 'NONE', #2218, 1000.000000000000000 ) ;
#822 = ORIENTED_EDGE ( 'NONE', *, *, #1152, .T. ) ;
#823 = CARTESIAN_POINT ( 'NONE',  ( -38.48999999999999488, -44.82500000000000284, 14.18980200000059888 ) ) ;
#824 = DIRECTION ( 'NONE',  ( -0.000000000000000000, -0.000000000000000000, 1.000000000000000000 ) ) ;
#825 = EDGE_LOOP ( 'NONE', ( #948, #1483, #324, #1879 ) ) ;
#826 = DIRECTION ( 'NONE',  ( -1.000000000000000000, 0.000000000000000000, 0.000000000000000000 ) ) ;
#827 = CARTESIAN_POINT ( 'NONE',  ( 44.92893218813452449, 54.92893218813473766, 12.18980200000059888 ) ) ;
#828 = CARTESIAN_POINT ( 'NONE',  ( -45.00000000000000000, 44.99999999999980105, 8.189802000000597104 ) ) ;
#829 = DIRECTION ( 'NONE',  ( 1.000000000000000000, 0.000000000000000000, -0.000000000000000000 ) ) ;
#830 = ORIENTED_EDGE ( 'NONE', *, *, #2257, .F. ) ;
#831 = ADVANCED_FACE ( 'NONE', ( #2069 ), #1637, .F. ) ;
#832 = ORIENTED_EDGE ( 'NONE', *, *, #1612, .T. ) ;
#833 = VECTOR ( 'NONE', #1168, 1000.000000000000000 ) ;
#834 = DIRECTION ( 'NONE',  ( -0.000000000000000000, -0.000000000000000000, 1.000000000000000000 ) ) ;
#835 = CARTESIAN_POINT ( 'NONE',  ( -30.44999999999999929, 15.84999999999999964, 12.68980200000059710 ) ) ;
#836 = VECTOR ( 'NONE', #446, 1000.000000000000000 ) ;
#837 = DIRECTION ( 'NONE',  ( -0.000000000000000000, 1.000000000000000000, -0.000000000000000000 ) ) ;
#838 = ORIENTED_EDGE ( 'NONE', *, *, #16, .T. ) ;
#839 = DIRECTION ( 'NONE',  ( -0.000000000000000000, 0.000000000000000000, 1.000000000000000000 ) ) ;
#840 = EDGE_CURVE ( 'NONE', #2127, #428, #2253, .T. ) ;
#841 = CARTESIAN_POINT ( 'NONE',  ( 45.00000000000000000, 44.99999999999978684, 12.18980200000059888 ) ) ;
#842 = FACE_OUTER_BOUND ( 'NONE', #1992, .T. ) ;
#843 = CARTESIAN_POINT ( 'NONE',  ( -24.92000000000000171, 39.33499999999999375, 14.18980200000059888 ) ) ;
#844 = CARTESIAN_POINT ( 'NONE',  ( 19.94034900000000476, 50.89999999999999858, 2.839802000000598348 ) ) ;
#845 = PLANE ( 'NONE',  #596 ) ;
#846 = AXIS2_PLACEMENT_3D ( 'NONE', #1042, #1854, #212 ) ;
#847 = EDGE_CURVE ( 'NONE', #395, #2404, #2421, .T. ) ;
#848 = EDGE_CURVE ( 'NONE', #19, #989, #1432, .T. ) ;
#849 = ORIENTED_EDGE ( 'NONE', *, *, #1794, .T. ) ;
#850 = AXIS2_PLACEMENT_3D ( 'NONE', #1006, #215, #1170 ) ;
#851 = ORIENTED_EDGE ( 'NONE', *, *, #963, .T. ) ;
#852 = DIRECTION ( 'NONE',  ( 0.000000000000000000, -1.000000000000000000, 0.000000000000000000 ) ) ;
#853 = LINE ( 'NONE', #1215, #992 ) ;
#854 = VERTEX_POINT ( 'NONE', #1475 ) ;
#855 = AXIS2_PLACEMENT_3D ( 'NONE', #2371, #2163, #1178 ) ;
#856 = EDGE_CURVE ( 'NONE', #283, #1024, #226, .T. ) ;
#857 = LOCAL_TIME ( 22, 30, 7.000000000000000000, #2568 ) ;
#858 = DIRECTION ( 'NONE',  ( -0.000000000000000000, -0.000000000000000000, 1.000000000000000000 ) ) ;
#859 = LINE ( 'NONE', #2029, #801 ) ;
#860 = FACE_OUTER_BOUND ( 'NONE', #440, .T. ) ;
#861 = CARTESIAN_POINT ( 'NONE',  ( -19.15000000000000213, 48.73499999999999943, -1.510197999999400631 ) ) ;
#862 = CARTESIAN_POINT ( 'NONE',  ( 44.99999999999999289, -45.00000000000020606, 12.18980200000059888 ) ) ;
#863 = ADVANCED_FACE ( 'NONE', ( #69 ), #214, .F. ) ;
#864 = CARTESIAN_POINT ( 'NONE',  ( -36.52289321881345074, 28.27289321881345430, 13.18980200000059710 ) ) ;
#865 = ORIENTED_EDGE ( 'NONE', *, *, #1722, .F. ) ;
#866 = ORIENTED_EDGE ( 'NONE', *, *, #1525, .F. ) ;
#867 = EDGE_CURVE ( 'NONE', #854, #283, #1678, .T. ) ;
#868 = ORIENTED_EDGE ( 'NONE', *, *, #2205, .T. ) ;
#869 = VECTOR ( 'NONE', #1862, 1000.000000000000000 ) ;
#870 = VECTOR ( 'NONE', #2512, 1000.000000000000000 ) ;
#871 = LINE ( 'NONE', #1682, #1478 ) ;
#872 = ORIENTED_EDGE ( 'NONE', *, *, #773, .F. ) ;
#873 = CARTESIAN_POINT ( 'NONE',  ( -30.44999999999999929, 27.14999999999999858, -1.510197999999400631 ) ) ;
#874 = CARTESIAN_POINT ( 'NONE',  ( 45.00000000000000000, 44.99999999999978684, 8.189802000000597104 ) ) ;
#875 = EDGE_CURVE ( 'NONE', #534, #2119, #910, .T. ) ;
#876 = DIRECTION ( 'NONE',  ( -0.7549226762637212262, -0.6558138096005762252, 0.000000000000000000 ) ) ;
#877 = DIRECTION ( 'NONE',  ( 0.000000000000000000, 0.000000000000000000, 1.000000000000000000 ) ) ;
#878 = CARTESIAN_POINT ( 'NONE',  ( 47.34999999999999432, 44.99999999999978684, 8.189802000000597104 ) ) ;
#879 = ADVANCED_FACE ( 'NONE', ( #2500 ), #288, .T. ) ;
#880 = FACE_OUTER_BOUND ( 'NONE', #1508, .T. ) ;
#881 = ORIENTED_EDGE ( 'NONE', *, *, #1388, .F. ) ;
#882 = VERTEX_POINT ( 'NONE', #136 ) ;
#883 = EDGE_LOOP ( 'NONE', ( #872, #185, #1600, #2133 ) ) ;
#884 = DIRECTION ( 'NONE',  ( 3.088830989729041722E-16, -1.000000000000000000, 0.000000000000000000 ) ) ;
#885 = CARTESIAN_POINT ( 'NONE',  ( -4.442893218813453338, 15.64289321881345174, 13.18980200000059710 ) ) ;
#886 = EDGE_CURVE ( 'NONE', #1917, #2554, #965, .T. ) ;
#887 = CARTESIAN_POINT ( 'NONE',  ( 49.92893218813455292, -44.92893218813430423, 9.189802000000597104 ) ) ;
#888 = CARTESIAN_POINT ( 'NONE',  ( 44.92893218813451739, 44.92893218813473766, 9.189802000000597104 ) ) ;
#889 = DIRECTION ( 'NONE',  ( -0.000000000000000000, -0.000000000000000000, -1.000000000000000000 ) ) ;
#890 = CYLINDRICAL_SURFACE ( 'NONE', #1281, 0.5000000000000004441 ) ;
#891 = ORIENTED_EDGE ( 'NONE', *, *, #1129, .T. ) ;
#892 = ORIENTED_EDGE ( 'NONE', *, *, #321, .F. ) ;
#893 = ORIENTED_EDGE ( 'NONE', *, *, #1133, .T. ) ;
#894 = AXIS2_PLACEMENT_3D ( 'NONE', #1208, #5, #809 ) ;
#895 = CARTESIAN_POINT ( 'NONE',  ( 54.92893218813455292, -44.92893218813430423, 12.18980200000059888 ) ) ;
#896 = CARTESIAN_POINT ( 'NONE',  ( 32.94034899999999766, 50.89999999999999858, 2.839802000000598348 ) ) ;
#897 = CARTESIAN_POINT ( 'NONE',  ( -19.15000000000000213, 48.73499999999999943, -1.510197999999400631 ) ) ;
#898 = CARTESIAN_POINT ( 'NONE',  ( -28.92000000000000171, 39.33499999999999375, 14.18980200000059888 ) ) ;
#899 = LINE ( 'NONE', #2070, #279 ) ;
#900 = FACE_OUTER_BOUND ( 'NONE', #2355, .T. ) ;
#901 = CARTESIAN_POINT ( 'NONE',  ( 38.50999999999999801, 13.17499999999999538, 14.18980200000059888 ) ) ;
#902 = ORIENTED_EDGE ( 'NONE', *, *, #490, .T. ) ;
#903 = DIRECTION ( 'NONE',  ( 0.000000000000000000, 0.000000000000000000, 1.000000000000000000 ) ) ;
#904 = ORIENTED_EDGE ( 'NONE', *, *, #1156, .F. ) ;
#905 = CIRCLE ( 'NONE', #230, 2.349999999999997868 ) ;
#906 = DIRECTION ( 'NONE',  ( 0.000000000000000000, -1.000000000000000000, 0.000000000000000000 ) ) ;
#907 = LINE ( 'NONE', #1338, #1779 ) ;
#908 = CARTESIAN_POINT ( 'NONE',  ( -45.00000000000000000, 44.99999999999980105, 8.189802000000597104 ) ) ;
#909 = ORIENTED_EDGE ( 'NONE', *, *, #856, .F. ) ;
#910 = LINE ( 'NONE', #2120, #2088 ) ;
#911 = CARTESIAN_POINT ( 'NONE',  ( -45.00000000000000000, 44.99999999999980105, 8.189802000000597104 ) ) ;
#912 = DIRECTION ( 'NONE',  ( -1.544415494864520368E-16, 1.000000000000000000, 0.000000000000000000 ) ) ;
#913 = LINE ( 'NONE', #1519, #385 ) ;
#914 = CARTESIAN_POINT ( 'NONE',  ( 32.94034899999999766, 50.89999999999999858, 2.839802000000598348 ) ) ;
#915 = ORIENTED_EDGE ( 'NONE', *, *, #1905, .F. ) ;
#916 = ORIENTED_EDGE ( 'NONE', *, *, #1135, .F. ) ;
#917 = VECTOR ( 'NONE', #1457, 1000.000000000000000 ) ;
#918 = AXIS2_PLACEMENT_3D ( 'NONE', #1754, #741, #317 ) ;
#919 = CARTESIAN_POINT ( 'NONE',  ( -37.22999999999998977, 14.01999999999999957, 14.18980200000059888 ) ) ;
#920 = CYLINDRICAL_SURFACE ( 'NONE', #1823, 4.000000000000000000 ) ;
#921 = EDGE_CURVE ( 'NONE', #2393, #2472, #1550, .T. ) ;
#922 = ORIENTED_EDGE ( 'NONE', *, *, #222, .F. ) ;
#923 = DIRECTION ( 'NONE',  ( 1.000000000000000000, 0.000000000000000000, 0.000000000000000000 ) ) ;
#924 = DIRECTION ( 'NONE',  ( -1.000000000000000000, 0.000000000000000000, 0.000000000000000000 ) ) ;
#925 = DIRECTION ( 'NONE',  ( 0.000000000000000000, 0.000000000000000000, -1.000000000000000000 ) ) ;
#926 = DIRECTION ( 'NONE',  ( 1.000000000000000000, 0.000000000000000000, 0.000000000000000000 ) ) ;
#927 = EDGE_LOOP ( 'NONE', ( #1925, #2483, #1305, #770 ) ) ;
#928 = ADVANCED_FACE ( 'NONE', ( #1918 ), #1516, .F. ) ;
#929 = ORIENTED_EDGE ( 'NONE', *, *, #2013, .F. ) ;
#930 = CC_DESIGN_PERSON_AND_ORGANIZATION_ASSIGNMENT ( #1590, #2377, ( #1282 ) ) ;
#931 = ORIENTED_EDGE ( 'NONE', *, *, #1722, .T. ) ;
#932 = FACE_OUTER_BOUND ( 'NONE', #1397, .T. ) ;
#933 = EDGE_CURVE ( 'NONE', #2273, #939, #2134, .T. ) ;
#934 = AXIS2_PLACEMENT_3D ( 'NONE', #72, #661, #307 ) ;
#935 = DIRECTION ( 'NONE',  ( -0.000000000000000000, -0.000000000000000000, 1.000000000000000000 ) ) ;
#936 = EDGE_CURVE ( 'NONE', #1391, #1212, #1327, .T. ) ;
#937 = ADVANCED_FACE ( 'NONE', ( #93 ), #106, .F. ) ;
#938 = DIRECTION ( 'NONE',  ( -1.000000000000000000, 0.000000000000000000, 0.000000000000000000 ) ) ;
#939 = VERTEX_POINT ( 'NONE', #1534 ) ;
#940 = CARTESIAN_POINT ( 'NONE',  ( -45.00000000000000000, -44.99999999999980105, 8.189802000000597104 ) ) ;
#941 = CARTESIAN_POINT ( 'NONE',  ( 38.50999999999999801, 13.17499999999999538, 12.18980200000059888 ) ) ;
#942 = CARTESIAN_POINT ( 'NONE',  ( 29.60099999999876275, 50.19999999999999574, 3.534999999999978826 ) ) ;
#943 = AXIS2_PLACEMENT_3D ( 'NONE', #1328, #318, #496 ) ;
#944 = APPROVAL_PERSON_ORGANIZATION ( #736, #1493, #1561 ) ;
#945 = EDGE_CURVE ( 'NONE', #61, #473, #742, .T. ) ;
#946 = CYLINDRICAL_SURFACE ( 'NONE', #1544, 0.5000000000000004441 ) ;
#947 = ORIENTED_EDGE ( 'NONE', *, *, #1408, .T. ) ;
#948 = ORIENTED_EDGE ( 'NONE', *, *, #1748, .T. ) ;
#949 = EDGE_CURVE ( 'NONE', #1106, #1444, #518, .T. ) ;
#950 = DIRECTION ( 'NONE',  ( -1.196361017915039486E-16, 1.000000000000000000, 0.000000000000000000 ) ) ;
#951 = DATE_AND_TIME ( #2391, #2539 ) ;
#952 = EDGE_LOOP ( 'NONE', ( #772, #1723, #2188, #803 ) ) ;
#953 = AXIS2_PLACEMENT_3D ( 'NONE', #1139, #749, #1939 ) ;
#954 = DIRECTION ( 'NONE',  ( -0.000000000000000000, -0.000000000000000000, 1.000000000000000000 ) ) ;
#955 = DIRECTION ( 'NONE',  ( 0.000000000000000000, 1.000000000000000000, -0.000000000000000000 ) ) ;
#956 = ADVANCED_FACE ( 'NONE', ( #1714 ), #1311, .F. ) ;
#957 = EDGE_CURVE ( 'NONE', #1374, #1970, #1298, .T. ) ;
#958 = PLANE ( 'NONE',  #2154 ) ;
#959 = EDGE_LOOP ( 'NONE', ( #1569, #2080, #47, #1199 ) ) ;
#960 = CARTESIAN_POINT ( 'NONE',  ( 44.92893218813451739, 54.92893218813473766, 9.189802000000597104 ) ) ;
#961 = DIRECTION ( 'NONE',  ( 0.000000000000000000, 0.000000000000000000, 1.000000000000000000 ) ) ;
#962 = ORIENTED_EDGE ( 'NONE', *, *, #1309, .T. ) ;
#963 = EDGE_CURVE ( 'NONE', #51, #977, #1974, .T. ) ;
#964 = LINE ( 'NONE', #991, #13 ) ;
#965 =( BOUNDED_CURVE ( )  B_SPLINE_CURVE ( 3, ( #712, #504, #302, #1907 ),
 .UNSPECIFIED., .F., .F. ) 
 B_SPLINE_CURVE_WITH_KNOTS ( ( 4, 4 ),
 ( 0.000000000000000000, 1.570796326794896558 ),
 .UNSPECIFIED. ) 
 CURVE ( )  GEOMETRIC_REPRESENTATION_ITEM ( )  RATIONAL_B_SPLINE_CURVE ( ( 1.000000000000000000, 0.8047378541243649375, 0.8047378541243649375, 1.000000000000000000 ) ) 
 REPRESENTATION_ITEM ( '' )  );
#966 = ADVANCED_BREP_SHAPE_REPRESENTATION ( 'Top', ( #1665, #1455 ), #211 ) ;
#967 = VECTOR ( 'NONE', #435, 1000.000000000000000 ) ;
#968 = CIRCLE ( 'NONE', #1180, 10.00000000000000178 ) ;
#969 = FACE_OUTER_BOUND ( 'NONE', #2102, .T. ) ;
#970 = ADVANCED_FACE ( 'NONE', ( #79 ), #1144, .F. ) ;
#971 = VECTOR ( 'NONE', #1711, 1000.000000000000000 ) ;
#972 = ORIENTED_EDGE ( 'NONE', *, *, #2608, .T. ) ;
#973 = ORIENTED_EDGE ( 'NONE', *, *, #131, .T. ) ;
#974 = CARTESIAN_POINT ( 'NONE',  ( -44.92893218813450318, -44.92893218813430423, 14.18980200000059888 ) ) ;
#975 = DATE_AND_TIME ( #339, #306 ) ;
#976 = ORIENTED_EDGE ( 'NONE', *, *, #1062, .T. ) ;
#977 = VERTEX_POINT ( 'NONE', #688 ) ;
#978 = AXIS2_PLACEMENT_3D ( 'NONE', #2322, #692, #1130 ) ;
#979 = DIRECTION ( 'NONE',  ( 1.000000000000000000, 0.000000000000000000, -0.000000000000000000 ) ) ;
#980 = CARTESIAN_POINT ( 'NONE',  ( 29.60099999999876275, 50.19999999999999574, 5.694999999999978968 ) ) ;
#981 = AXIS2_PLACEMENT_3D ( 'NONE', #1104, #320, #1132 ) ;
#982 = LINE ( 'NONE', #2216, #218 ) ;
#983 = CIRCLE ( 'NONE', #687, 4.000000000000003553 ) ;
#984 = VERTEX_POINT ( 'NONE', #1504 ) ;
#985 = EDGE_LOOP ( 'NONE', ( #1334, #1935 ) ) ;
#986 = CARTESIAN_POINT ( 'NONE',  ( -30.44999999999999929, 15.84999999999999964, 12.68980200000059710 ) ) ;
#987 = DIRECTION ( 'NONE',  ( 0.000000000000000000, 0.000000000000000000, -1.000000000000000000 ) ) ;
#988 = ORIENTED_EDGE ( 'NONE', *, *, #933, .F. ) ;
#989 = VERTEX_POINT ( 'NONE', #2294 ) ;
#990 = CARTESIAN_POINT ( 'NONE',  ( -54.92893218813453160, 44.92893218813472345, 9.189802000000597104 ) ) ;
#991 = CARTESIAN_POINT ( 'NONE',  ( -50.20000000000000284, 50.19999999999998863, 12.18980200000059888 ) ) ;
#992 = VECTOR ( 'NONE', #824, 1000.000000000000000 ) ;
#993 = AXIS2_PLACEMENT_3D ( 'NONE', #844, #876, #1220 ) ;
#994 = CARTESIAN_POINT ( 'NONE',  ( 38.51000000000000512, -44.82500000000000284, -1.510197999999400631 ) ) ;
#995 = EDGE_LOOP ( 'NONE', ( #2522, #1943, #1371, #336 ) ) ;
#996 = DIRECTION ( 'NONE',  ( 0.000000000000000000, -1.000000000000000000, 0.000000000000000000 ) ) ;
#997 = DIRECTION ( 'NONE',  ( -0.000000000000000000, 1.000000000000000000, 0.000000000000000000 ) ) ;
#998 = CARTESIAN_POINT ( 'NONE',  ( -47.34999999999999432, -44.99999999999980105, 12.18980200000059888 ) ) ;
#999 = SECURITY_CLASSIFICATION_LEVEL ( 'unclassified' ) ;
#1000 = ORIENTED_EDGE ( 'NONE', *, *, #2509, .T. ) ;
#1001 = ORIENTED_EDGE ( 'NONE', *, *, #1553, .F. ) ;
#1002 = LINE ( 'NONE', #1832, #1435 ) ;
#1003 = FACE_BOUND ( 'NONE', #648, .T. ) ;
#1004 = AXIS2_PLACEMENT_3D ( 'NONE', #2231, #35, #431 ) ;
#1005 = AXIS2_PLACEMENT_3D ( 'NONE', #519, #330, #2003 ) ;
#1006 = CARTESIAN_POINT ( 'NONE',  ( 45.00000000000000000, 44.99999999999978684, 8.189802000000597104 ) ) ;
#1007 = ORIENTED_EDGE ( 'NONE', *, *, #297, .F. ) ;
#1008 = CARTESIAN_POINT ( 'NONE',  ( 44.92893218813456713, -54.92893218813428291, -1.510197999999400187 ) ) ;
#1009 = EDGE_CURVE ( 'NONE', #1097, #1948, #2096, .T. ) ;
#1010 = CARTESIAN_POINT ( 'NONE',  ( -28.92000000000000171, 39.33499999999999375, 12.18980200000059888 ) ) ;
#1011 = VECTOR ( 'NONE', #2118, 1000.000000000000000 ) ;
#1012 = CARTESIAN_POINT ( 'NONE',  ( 44.99999999999999289, -45.00000000000020606, 8.189802000000597104 ) ) ;
#1013 = ORIENTED_EDGE ( 'NONE', *, *, #654, .T. ) ;
#1014 = VERTEX_POINT ( 'NONE', #1609 ) ;
#1015 = EDGE_CURVE ( 'NONE', #1028, #984, #791, .T. ) ;
#1016 = CARTESIAN_POINT ( 'NONE',  ( 44.92893218813456713, -49.92893218813429002, 14.18980200000059888 ) ) ;
#1017 = FACE_OUTER_BOUND ( 'NONE', #1359, .T. ) ;
#1018 = PRODUCT ( 'Top', 'Top', '', ( #152 ) ) ;
#1019 = CARTESIAN_POINT ( 'NONE',  ( 36.44034900000000476, 54.92893218813473766, 2.839802000000598348 ) ) ;
#1020 = FACE_BOUND ( 'NONE', #1318, .T. ) ;
#1021 = AXIS2_PLACEMENT_3D ( 'NONE', #1982, #1367, #170 ) ;
#1022 = DIRECTION ( 'NONE',  ( -0.000000000000000000, -0.000000000000000000, -1.000000000000000000 ) ) ;
#1023 = ORIENTED_EDGE ( 'NONE', *, *, #1031, .T. ) ;
#1024 = VERTEX_POINT ( 'NONE', #1205 ) ;
#1025 = AXIS2_PLACEMENT_3D ( 'NONE', #2422, #2285, #660 ) ;
#1026 = CARTESIAN_POINT ( 'NONE',  ( -44.92893218813450318, -54.92893218813430423, 9.189802000000597104 ) ) ;
#1027 = CARTESIAN_POINT ( 'NONE',  ( -30.44999999999999929, 15.84999999999999964, -1.510197999999400631 ) ) ;
#1028 = VERTEX_POINT ( 'NONE', #2570 ) ;
#1029 = LINE ( 'NONE', #628, #715 ) ;
#1030 = CARTESIAN_POINT ( 'NONE',  ( -44.92893218813450318, -44.92893218813430423, 12.18980200000059888 ) ) ;
#1031 = EDGE_CURVE ( 'NONE', #1752, #1938, #159, .T. ) ;
#1032 = DIRECTION ( 'NONE',  ( -0.000000000000000000, 0.000000000000000000, -1.000000000000000000 ) ) ;
#1033 = LINE ( 'NONE', #878, #639 ) ;
#1034 = FACE_BOUND ( 'NONE', #1198, .T. ) ;
#1035 = VECTOR ( 'NONE', #606, 1000.000000000000000 ) ;
#1036 = EDGE_LOOP ( 'NONE', ( #206, #849, #2092, #516 ) ) ;
#1037 = CARTESIAN_POINT ( 'NONE',  ( -30.94999999999999929, 15.34999999999999964, 13.18980200000059710 ) ) ;
#1038 = LINE ( 'NONE', #598, #869 ) ;
#1039 = ORIENTED_EDGE ( 'NONE', *, *, #471, .T. ) ;
#1040 = CARTESIAN_POINT ( 'NONE',  ( -49.00000000000000000, -44.99999999999980105, 8.189802000000597104 ) ) ;
#1041 = CARTESIAN_POINT ( 'NONE',  ( -7.561098841895431349E-16, 15.02000000000000135, 13.18980200000059710 ) ) ;
#1042 = CARTESIAN_POINT ( 'NONE',  ( 38.50999999999999801, 13.17499999999999538, -1.510197999999400631 ) ) ;
#1043 = EDGE_CURVE ( 'NONE', #1948, #1107, #1774, .T. ) ;
#1044 = EDGE_CURVE ( 'NONE', #51, #1681, #364, .T. ) ;
#1045 = LINE ( 'NONE', #1843, #1759 ) ;
#1046 = DIRECTION ( 'NONE',  ( 1.000000000000000000, 0.000000000000000000, 0.000000000000000000 ) ) ;
#1047 = CIRCLE ( 'NONE', #2515, 2.349999999999997868 ) ;
#1048 = CIRCLE ( 'NONE', #797, 4.000000000000003553 ) ;
#1049 = EDGE_CURVE ( 'NONE', #2519, #1797, #2189, .T. ) ;
#1050 = ORIENTED_EDGE ( 'NONE', *, *, #2272, .T. ) ;
#1051 = CARTESIAN_POINT ( 'NONE',  ( -32.92000000000000171, 39.33499999999999375, 12.18980200000059888 ) ) ;
#1052 = VECTOR ( 'NONE', #858, 1000.000000000000000 ) ;
#1053 = DIRECTION ( 'NONE',  ( 0.000000000000000000, 0.000000000000000000, -1.000000000000000000 ) ) ;
#1054 = ORIENTED_EDGE ( 'NONE', *, *, #1408, .F. ) ;
#1055 = EDGE_CURVE ( 'NONE', #2119, #295, #540, .T. ) ;
#1056 = CIRCLE ( 'NONE', #374, 1.449999999999999956 ) ;
#1057 = CARTESIAN_POINT ( 'NONE',  ( -2.270000000000000018, 28.48000000000000043, 13.39690878118714323 ) ) ;
#1058 = DIRECTION ( 'NONE',  ( 1.000000000000000000, 5.034020533885106216E-17, 0.000000000000000000 ) ) ;
#1059 = ORIENTED_EDGE ( 'NONE', *, *, #1129, .F. ) ;
#1060 = CARTESIAN_POINT ( 'NONE',  ( -45.00000000000000000, 44.99999999999980105, 8.189802000000597104 ) ) ;
#1061 = CARTESIAN_POINT ( 'NONE',  ( -44.92893218813450318, -44.92893218813430423, 12.18980200000059888 ) ) ;
#1062 = EDGE_CURVE ( 'NONE', #73, #59, #620, .T. ) ;
#1063 = VERTEX_POINT ( 'NONE', #990 ) ;
#1064 = AXIS2_PLACEMENT_3D ( 'NONE', #2449, #2563, #1577 ) ;
#1065 = ORIENTED_EDGE ( 'NONE', *, *, #847, .T. ) ;
#1066 = EDGE_LOOP ( 'NONE', ( #1999, #1302, #881, #573 ) ) ;
#1067 = AXIS2_PLACEMENT_3D ( 'NONE', #2503, #2112, #2517 ) ;
#1068 = EDGE_LOOP ( 'NONE', ( #1339, #2423, #915, #787 ) ) ;
#1069 = CARTESIAN_POINT ( 'NONE',  ( -30.44999999999999929, 27.14999999999999858, -1.510197999999400631 ) ) ;
#1070 = EDGE_CURVE ( 'NONE', #1914, #587, #2560, .T. ) ;
#1071 = ORIENTED_EDGE ( 'NONE', *, *, #2264, .F. ) ;
#1072 = VECTOR ( 'NONE', #1300, 1000.000000000000000 ) ;
#1073 = APPROVAL_PERSON_ORGANIZATION ( #165, #818, #786 ) ;
#1074 = CARTESIAN_POINT ( 'NONE',  ( -45.00000000000000000, -44.99999999999980105, 12.18980200000059888 ) ) ;
#1075 = FACE_OUTER_BOUND ( 'NONE', #600, .T. ) ;
#1076 = CARTESIAN_POINT ( 'NONE',  ( 54.92893218813455292, -44.92893218813430423, 9.189802000000597104 ) ) ;
#1077 = PLANE ( 'NONE',  #2603 ) ;
#1078 = CARTESIAN_POINT ( 'NONE',  ( -44.92893218813450318, -54.92893218813430423, 12.18980200000059888 ) ) ;
#1079 = CARTESIAN_POINT ( 'NONE',  ( 29.60099999999876275, 50.19999999999999574, 7.144999999999978257 ) ) ;
#1080 = ORIENTED_EDGE ( 'NONE', *, *, #886, .F. ) ;
#1081 = EDGE_LOOP ( 'NONE', ( #1542, #2342, #1757, #1162, #973, #203, #2259, #560 ) ) ;
#1082 = VECTOR ( 'NONE', #759, 1000.000000000000000 ) ;
#1083 = ADVANCED_FACE ( 'NONE', ( #181 ), #2162, .F. ) ;
#1084 = AXIS2_PLACEMENT_3D ( 'NONE', #828, #1646, #2433 ) ;
#1085 = ORIENTED_EDGE ( 'NONE', *, *, #1289, .T. ) ;
#1086 = DIRECTION ( 'NONE',  ( -0.000000000000000000, -0.000000000000000000, -1.000000000000000000 ) ) ;
#1087 = DIRECTION ( 'NONE',  ( -0.000000000000000000, -0.000000000000000000, 1.000000000000000000 ) ) ;
#1088 = CYLINDRICAL_SURFACE ( 'NONE', #1166, 2.349999999999997868 ) ;
#1089 =( BOUNDED_CURVE ( )  B_SPLINE_CURVE ( 3, ( #752, #740, #1964, #1564 ),
 .UNSPECIFIED., .F., .F. ) 
 B_SPLINE_CURVE_WITH_KNOTS ( ( 4, 4 ),
 ( 4.712388980384689674, 6.283185307179586232 ),
 .UNSPECIFIED. ) 
 CURVE ( )  GEOMETRIC_REPRESENTATION_ITEM ( )  RATIONAL_B_SPLINE_CURVE ( ( 1.000000000000000000, 0.8047378541243649375, 0.8047378541243649375, 1.000000000000000000 ) ) 
 REPRESENTATION_ITEM ( '' )  );
#1090 = DIRECTION ( 'NONE',  ( 1.000000000000000000, 0.000000000000000000, -0.000000000000000000 ) ) ;
#1091 = DIRECTION ( 'NONE',  ( 0.000000000000000000, 0.000000000000000000, -1.000000000000000000 ) ) ;
#1092 = DIRECTION ( 'NONE',  ( -0.000000000000000000, 1.000000000000000000, -0.000000000000000000 ) ) ;
#1093 = CARTESIAN_POINT ( 'NONE',  ( -49.00000000000000000, 44.99999999999980105, 8.189802000000597104 ) ) ;
#1094 = CARTESIAN_POINT ( 'NONE',  ( -50.20000000000000284, -50.20000000000001705, -1.510197999999400187 ) ) ;
#1095 = VERTEX_POINT ( 'NONE', #2380 ) ;
#1096 = ORIENTED_EDGE ( 'NONE', *, *, #1874, .F. ) ;
#1097 = VERTEX_POINT ( 'NONE', #575 ) ;
#1098 = VECTOR ( 'NONE', #954, 1000.000000000000000 ) ;
#1099 = CARTESIAN_POINT ( 'NONE',  ( 44.92893218813452449, 49.92893218813473766, 9.189802000000597104 ) ) ;
#1100 = CARTESIAN_POINT ( 'NONE',  ( 50.20000000000000284, 50.19999999999998863, 12.18980200000059888 ) ) ;
#1101 = DIRECTION ( 'NONE',  ( -4.970554372426380424E-16, 1.000000000000000000, -0.000000000000000000 ) ) ;
#1102 = CARTESIAN_POINT ( 'NONE',  ( 29.60099999999876275, 50.89999999999999858, 4.984999999999979003 ) ) ;
#1103 = CARTESIAN_POINT ( 'NONE',  ( 45.00000000000000000, 44.99999999999978684, 12.18980200000059888 ) ) ;
#1104 = CARTESIAN_POINT ( 'NONE',  ( 44.92893218813452449, 54.92893218813473766, 12.18980200000059888 ) ) ;
#1105 = EDGE_LOOP ( 'NONE', ( #1118, #2607, #1059, #1326 ) ) ;
#1106 = VERTEX_POINT ( 'NONE', #1364 ) ;
#1107 = VERTEX_POINT ( 'NONE', #2546 ) ;
#1108 = EDGE_LOOP ( 'NONE', ( #1039, #1533, #310, #267 ) ) ;
#1109 = VECTOR ( 'NONE', #1947, 1000.000000000000000 ) ;
#1110 = AXIS2_PLACEMENT_3D ( 'NONE', #1899, #2532, #1931 ) ;
#1111 = CARTESIAN_POINT ( 'NONE',  ( -30.44999999999999929, -44.92893218813430423, 12.18980200000059888 ) ) ;
#1112 = DIRECTION ( 'NONE',  ( -0.000000000000000000, 1.000000000000000000, -0.000000000000000000 ) ) ;
#1113 = ORIENTED_EDGE ( 'NONE', *, *, #2257, .T. ) ;
#1114 = CARTESIAN_POINT ( 'NONE',  ( -4.650000000000000355, 27.14999999999999858, 12.68980200000059710 ) ) ;
#1115 = DIRECTION ( 'NONE',  ( -1.000000000000000000, -0.000000000000000000, -0.000000000000000000 ) ) ;
#1116 = PLANE ( 'NONE',  #521 ) ;
#1117 = FACE_OUTER_BOUND ( 'NONE', #2116, .T. ) ;
#1118 = ORIENTED_EDGE ( 'NONE', *, *, #1055, .T. ) ;
#1119 = EDGE_CURVE ( 'NONE', #2185, #1959, #2596, .T. ) ;
#1120 = CARTESIAN_POINT ( 'NONE',  ( -38.48999999999999488, -44.82500000000000284, -1.510197999999400631 ) ) ;
#1121 = VERTEX_POINT ( 'NONE', #397 ) ;
#1122 = AXIS2_PLACEMENT_3D ( 'NONE', #974, #583, #1962 ) ;
#1123 = CARTESIAN_POINT ( 'NONE',  ( -30.94999999999999929, 27.64999999999999858, 13.18980200000059710 ) ) ;
#1124 = LINE ( 'NONE', #1514, #971 ) ;
#1125 = ORIENTED_EDGE ( 'NONE', *, *, #1445, .F. ) ;
#1126 = DIRECTION ( 'NONE',  ( 0.000000000000000000, 0.000000000000000000, 1.000000000000000000 ) ) ;
#1127 = CARTESIAN_POINT ( 'NONE',  ( -38.48999999999998778, 13.17499999999999538, -1.510197999999400631 ) ) ;
#1128 = CARTESIAN_POINT ( 'NONE',  ( -37.22999999999999687, 28.98000000000000398, 14.18980200000059888 ) ) ;
#1129 = EDGE_CURVE ( 'NONE', #1453, #1175, #1089, .T. ) ;
#1130 = DIRECTION ( 'NONE',  ( 0.000000000000000000, 0.000000000000000000, 1.000000000000000000 ) ) ;
#1131 = PRODUCT_DEFINITION ( 'UNKNOWN', '', #1282, #586 ) ;
#1132 = DIRECTION ( 'NONE',  ( 0.000000000000000000, -0.000000000000000000, -1.000000000000000000 ) ) ;
#1133 = EDGE_CURVE ( 'NONE', #2119, #1453, #1583, .T. ) ;
#1134 = ORIENTED_EDGE ( 'NONE', *, *, #1417, .F. ) ;
#1135 = EDGE_CURVE ( 'NONE', #417, #2193, #2186, .T. ) ;
#1136 = ORIENTED_EDGE ( 'NONE', *, *, #2235, .T. ) ;
#1137 = AXIS2_PLACEMENT_3D ( 'NONE', #1069, #2046, #2024 ) ;
#1138 = VECTOR ( 'NONE', #726, 1000.000000000000000 ) ;
#1139 = CARTESIAN_POINT ( 'NONE',  ( -2.770000000000002682, 2.581581677178954346E-16, 13.68980200000059710 ) ) ;
#1140 = CIRCLE ( 'NONE', #245, 1.450000000000000400 ) ;
#1141 = DIRECTION ( 'NONE',  ( -1.000000000000000000, -0.000000000000000000, 0.000000000000000000 ) ) ;
#1142 = ADVANCED_FACE ( 'NONE', ( #146 ), #561, .F. ) ;
#1143 = EDGE_LOOP ( 'NONE', ( #718, #647, #1651, #1607 ) ) ;
#1144 = CYLINDRICAL_SURFACE ( 'NONE', #2308, 2.349999999999997868 ) ;
#1145 = CARTESIAN_POINT ( 'NONE',  ( -0.3499999999999978684, 29.93499999999999872, -1.510197999999400631 ) ) ;
#1146 = FACE_OUTER_BOUND ( 'NONE', #2494, .T. ) ;
#1147 = AXIS2_PLACEMENT_3D ( 'NONE', #897, #1308, #479 ) ;
#1148 = EDGE_CURVE ( 'NONE', #2555, #1526, #1353, .T. ) ;
#1149 = DIRECTION ( 'NONE',  ( 0.000000000000000000, 0.000000000000000000, 1.000000000000000000 ) ) ;
#1150 = ORIENTED_EDGE ( 'NONE', *, *, #1829, .F. ) ;
#1151 = ORIENTED_EDGE ( 'NONE', *, *, #2000, .F. ) ;
#1152 = EDGE_CURVE ( 'NONE', #1346, #1938, #1657, .T. ) ;
#1153 = CARTESIAN_POINT ( 'NONE',  ( -44.92893218813451028, 49.92893218813473766, 14.18980200000059888 ) ) ;
#1154 =( LENGTH_UNIT ( ) NAMED_UNIT ( * ) SI_UNIT ( .MILLI., .METRE. ) );
#1155 = ORIENTED_EDGE ( 'NONE', *, *, #2343, .T. ) ;
#1156 = EDGE_CURVE ( 'NONE', #2016, #1459, #697, .T. ) ;
#1157 = DIRECTION ( 'NONE',  ( 1.000000000000000000, 0.000000000000000000, 0.000000000000000000 ) ) ;
#1158 = CYLINDRICAL_SURFACE ( 'NONE', #855, 0.5000000000000004441 ) ;
#1159 = VECTOR ( 'NONE', #1169, 1000.000000000000000 ) ;
#1160 = DIRECTION ( 'NONE',  ( 0.000000000000000000, 0.000000000000000000, -1.000000000000000000 ) ) ;
#1161 = DIRECTION ( 'NONE',  ( -1.000000000000000000, -0.000000000000000000, -0.000000000000000000 ) ) ;
#1162 = ORIENTED_EDGE ( 'NONE', *, *, #1511, .T. ) ;
#1163 = EDGE_CURVE ( 'NONE', #363, #1107, #209, .T. ) ;
#1164 = DIRECTION ( 'NONE',  ( -1.000000000000000000, 0.000000000000000000, -0.000000000000000000 ) ) ;
#1165 = COORDINATED_UNIVERSAL_TIME_OFFSET ( 1, 0, .AHEAD. ) ;
#1166 = AXIS2_PLACEMENT_3D ( 'NONE', #2280, #2292, #2066 ) ;
#1167 = ORIENTED_EDGE ( 'NONE', *, *, #490, .F. ) ;
#1168 = DIRECTION ( 'NONE',  ( -0.000000000000000000, -0.000000000000000000, 1.000000000000000000 ) ) ;
#1169 = DIRECTION ( 'NONE',  ( -0.000000000000000000, 1.000000000000000000, -0.000000000000000000 ) ) ;
#1170 = DIRECTION ( 'NONE',  ( 1.000000000000000000, 0.000000000000000000, 0.000000000000000000 ) ) ;
#1171 = CARTESIAN_POINT ( 'NONE',  ( -50.20000000000000284, -50.20000000000001705, 12.18980200000059888 ) ) ;
#1172 = EDGE_LOOP ( 'NONE', ( #723, #1557 ) ) ;
#1173 = EDGE_LOOP ( 'NONE', ( #2001, #2290 ) ) ;
#1174 = CARTESIAN_POINT ( 'NONE',  ( 54.92893218813455292, -44.92893218813430423, 12.18980200000059888 ) ) ;
#1175 = VERTEX_POINT ( 'NONE', #1429 ) ;
#1176 = ORIENTED_EDGE ( 'NONE', *, *, #2332, .F. ) ;
#1177 = DIRECTION ( 'NONE',  ( 0.6558138096005761142, -0.7549226762637212262, -0.000000000000000000 ) ) ;
#1178 = DIRECTION ( 'NONE',  ( 0.000000000000000000, 0.000000000000000000, -1.000000000000000000 ) ) ;
#1179 = VECTOR ( 'NONE', #979, 1000.000000000000000 ) ;
#1180 = AXIS2_PLACEMENT_3D ( 'NONE', #2265, #1218, #224 ) ;
#1181 = CARTESIAN_POINT ( 'NONE',  ( -44.92893218813451028, 44.92893218813472345, 9.189802000000597104 ) ) ;
#1182 = DIRECTION ( 'NONE',  ( 0.000000000000000000, 0.000000000000000000, -1.000000000000000000 ) ) ;
#1183 = VECTOR ( 'NONE', #1058, 1000.000000000000000 ) ;
#1184 = ORIENTED_EDGE ( 'NONE', *, *, #408, .F. ) ;
#1185 = ORIENTED_EDGE ( 'NONE', *, *, #840, .T. ) ;
#1186 = LINE ( 'NONE', #784, #2385 ) ;
#1187 = DIRECTION ( 'NONE',  ( -0.000000000000000000, -0.000000000000000000, 1.000000000000000000 ) ) ;
#1188 = APPROVAL_DATE_TIME ( #1773, #2523 ) ;
#1189 = ORIENTED_EDGE ( 'NONE', *, *, #2527, .F. ) ;
#1190 = ORIENTED_EDGE ( 'NONE', *, *, #1209, .F. ) ;
#1191 = VECTOR ( 'NONE', #1424, 1000.000000000000000 ) ;
#1192 = DIRECTION ( 'NONE',  ( 1.000000000000000000, 0.000000000000000000, 0.000000000000000000 ) ) ;
#1193 = CARTESIAN_POINT ( 'NONE',  ( -44.92893218813450318, -44.82500000000000284, 12.18980200000059888 ) ) ;
#1194 = CIRCLE ( 'NONE', #1361, 5.000000000000000888 ) ;
#1195 = DIRECTION ( 'NONE',  ( 0.000000000000000000, 0.000000000000000000, 1.000000000000000000 ) ) ;
#1196 = CIRCLE ( 'NONE', #1025, 2.349999999999997868 ) ;
#1197 = CYLINDRICAL_SURFACE ( 'NONE', #1961, 2.349999999999997868 ) ;
#1198 = EDGE_LOOP ( 'NONE', ( #405, #1923 ) ) ;
#1199 = ORIENTED_EDGE ( 'NONE', *, *, #2505, .F. ) ;
#1200 = ADVANCED_FACE ( 'NONE', ( #640 ), #412, .T. ) ;
#1201 = CARTESIAN_POINT ( 'NONE',  ( -44.92893218813451028, 44.92893218813472345, 9.189802000000597104 ) ) ;
#1202 = CARTESIAN_POINT ( 'NONE',  ( -47.34999999999999432, 44.99999999999980105, 8.189802000000597104 ) ) ;
#1203 = EDGE_LOOP ( 'NONE', ( #1277, #931, #309, #83 ) ) ;
#1204 = ORIENTED_EDGE ( 'NONE', *, *, #29, .T. ) ;
#1205 = CARTESIAN_POINT ( 'NONE',  ( 54.92893218813455292, -44.92893218813430423, 9.189802000000597104 ) ) ;
#1206 = DIRECTION ( 'NONE',  ( 0.000000000000000000, 0.000000000000000000, -1.000000000000000000 ) ) ;
#1207 = VECTOR ( 'NONE', #685, 1000.000000000000000 ) ;
#1208 = CARTESIAN_POINT ( 'NONE',  ( 49.92893218813455292, -44.92893218813427580, 9.189802000000597104 ) ) ;
#1209 = EDGE_CURVE ( 'NONE', #1347, #1708, #968, .T. ) ;
#1210 = EDGE_LOOP ( 'NONE', ( #2078, #2444, #1000, #1023 ) ) ;
#1211 = EDGE_CURVE ( 'NONE', #2554, #1028, #1029, .T. ) ;
#1212 = VERTEX_POINT ( 'NONE', #2018 ) ;
#1213 = EDGE_CURVE ( 'NONE', #977, #2369, #1840, .T. ) ;
#1214 = FACE_OUTER_BOUND ( 'NONE', #1294, .T. ) ;
#1215 = CARTESIAN_POINT ( 'NONE',  ( -40.99999999999999289, 44.99999999999980105, 8.189802000000597104 ) ) ;
#1216 = ORIENTED_EDGE ( 'NONE', *, *, #2608, .F. ) ;
#1217 = VERTEX_POINT ( 'NONE', #1460 ) ;
#1218 = DIRECTION ( 'NONE',  ( 0.000000000000000000, 0.000000000000000000, 1.000000000000000000 ) ) ;
#1219 = LINE ( 'NONE', #1041, #1183 ) ;
#1220 = DIRECTION ( 'NONE',  ( 0.6558138096005762252, -0.7549226762637212262, 0.000000000000000000 ) ) ;
#1221 = CARTESIAN_POINT ( 'NONE',  ( -30.44999999999999929, 15.84999999999999964, 12.18980200000059888 ) ) ;
#1222 = CARTESIAN_POINT ( 'NONE',  ( 44.99999999999999289, -45.00000000000020606, 8.189802000000597104 ) ) ;
#1223 = ORIENTED_EDGE ( 'NONE', *, *, #118, .F. ) ;
#1224 = LINE ( 'NONE', #1825, #1659 ) ;
#1225 = CARTESIAN_POINT ( 'NONE',  ( -0.3499999999999996447, 48.73499999999999943, -1.510197999999400631 ) ) ;
#1226 = CARTESIAN_POINT ( 'NONE',  ( 44.92893218813452449, 54.92893218813473766, -1.510197999999400187 ) ) ;
#1227 = EDGE_LOOP ( 'NONE', ( #33, #195, #539, #747 ) ) ;
#1228 = EDGE_CURVE ( 'NONE', #1578, #1526, #27, .T. ) ;
#1229 = DIRECTION ( 'NONE',  ( -1.000000000000000000, 0.000000000000000000, 0.000000000000000000 ) ) ;
#1230 = DIRECTION ( 'NONE',  ( 1.000000000000000000, 0.000000000000000000, 0.000000000000000000 ) ) ;
#1231 = CARTESIAN_POINT ( 'NONE',  ( 38.50999999999999801, 13.17499999999999183, 14.18980200000059888 ) ) ;
#1232 = EDGE_CURVE ( 'NONE', #453, #2093, #39, .T. ) ;
#1233 = DIRECTION ( 'NONE',  ( 0.000000000000000000, 1.000000000000000000, 0.000000000000000000 ) ) ;
#1234 = DIRECTION ( 'NONE',  ( -0.000000000000000000, -0.000000000000000000, 1.000000000000000000 ) ) ;
#1235 = AXIS2_PLACEMENT_3D ( 'NONE', #1731, #533, #703 ) ;
#1236 = FACE_OUTER_BOUND ( 'NONE', #985, .T. ) ;
#1237 = ORIENTED_EDGE ( 'NONE', *, *, #1062, .F. ) ;
#1238 = ORIENTED_EDGE ( 'NONE', *, *, #758, .T. ) ;
#1239 = ORIENTED_EDGE ( 'NONE', *, *, #1622, .T. ) ;
#1240 = CARTESIAN_POINT ( 'NONE',  ( -45.00000000000000000, 44.99999999999980105, 8.189802000000597104 ) ) ;
#1241 = DIRECTION ( 'NONE',  ( -1.000000000000000000, -0.000000000000000000, 0.000000000000000000 ) ) ;
#1242 = CARTESIAN_POINT ( 'NONE',  ( -44.92893218813451028, 44.92893218813472345, 14.18980200000059888 ) ) ;
#1243 = ORIENTED_EDGE ( 'NONE', *, *, #1684, .F. ) ;
#1244 = EDGE_CURVE ( 'NONE', #1028, #1175, #85, .T. ) ;
#1245 = EDGE_CURVE ( 'NONE', #1278, #1817, #2432, .T. ) ;
#1246 = CARTESIAN_POINT ( 'NONE',  ( -2.477106781186547479, 28.27289321881345430, 13.18980200000059710 ) ) ;
#1247 = CARTESIAN_POINT ( 'NONE',  ( -19.15000000000000213, 48.73499999999999943, 14.18980200000059888 ) ) ;
#1248 = PLANE ( 'NONE',  #846 ) ;
#1249 = EDGE_CURVE ( 'NONE', #580, #2103, #623, .T. ) ;
#1250 = CARTESIAN_POINT ( 'NONE',  ( -50.20000000000000284, 50.19999999999998863, 12.18980200000059888 ) ) ;
#1251 = CARTESIAN_POINT ( 'NONE',  ( 54.92893218813455292, -44.92893218813430423, -1.510197999999400187 ) ) ;
#1252 = CIRCLE ( 'NONE', #105, 5.000000000000000888 ) ;
#1253 = ORIENTED_EDGE ( 'NONE', *, *, #321, .T. ) ;
#1254 = CARTESIAN_POINT ( 'NONE',  ( -38.48999999999998778, 13.17499999999999538, -1.510197999999400631 ) ) ;
#1255 = DIRECTION ( 'NONE',  ( 0.000000000000000000, 0.000000000000000000, 1.000000000000000000 ) ) ;
#1256 = ORIENTED_EDGE ( 'NONE', *, *, #1543, .F. ) ;
#1257 = DIRECTION ( 'NONE',  ( 0.000000000000000000, 0.000000000000000000, -1.000000000000000000 ) ) ;
#1258 = CARTESIAN_POINT ( 'NONE',  ( -49.92893218813453160, 44.92893218813472345, 14.18980200000059888 ) ) ;
#1259 = DIRECTION ( 'NONE',  ( 0.000000000000000000, 0.000000000000000000, 1.000000000000000000 ) ) ;
#1260 = LINE ( 'NONE', #468, #2537 ) ;
#1261 = CIRCLE ( 'NONE', #327, 2.349999999999997868 ) ;
#1262 = TOROIDAL_SURFACE ( 'NONE', #2140, 4.999999999999984901, 5.000000000000000000 ) ;
#1263 = EDGE_CURVE ( 'NONE', #1817, #1804, #1644, .T. ) ;
#1264 = ORIENTED_EDGE ( 'NONE', *, *, #2321, .T. ) ;
#1265 = ORIENTED_EDGE ( 'NONE', *, *, #1608, .T. ) ;
#1266 = ORIENTED_EDGE ( 'NONE', *, *, #2438, .F. ) ;
#1267 = FACE_OUTER_BOUND ( 'NONE', #952, .T. ) ;
#1268 = DIRECTION ( 'NONE',  ( -1.000000000000000000, 0.000000000000000000, 0.000000000000000000 ) ) ;
#1269 = ORIENTED_EDGE ( 'NONE', *, *, #963, .F. ) ;
#1270 = DIRECTION ( 'NONE',  ( -0.000000000000000000, -0.000000000000000000, 1.000000000000000000 ) ) ;
#1271 = LINE ( 'NONE', #2019, #251 ) ;
#1272 = CARTESIAN_POINT ( 'NONE',  ( -54.92893218813453160, 44.92893218813472345, -1.510197999999400187 ) ) ;
#1273 = FACE_OUTER_BOUND ( 'NONE', #2288, .T. ) ;
#1274 = CYLINDRICAL_SURFACE ( 'NONE', #667, 4.000000000000003553 ) ;
#1275 = FACE_BOUND ( 'NONE', #2299, .T. ) ;
#1276 = EDGE_CURVE ( 'NONE', #1317, #534, #1473, .T. ) ;
#1277 = ORIENTED_EDGE ( 'NONE', *, *, #408, .T. ) ;
#1278 = VERTEX_POINT ( 'NONE', #1016 ) ;
#1279 = CARTESIAN_POINT ( 'NONE',  ( -44.92893218813451028, 44.92893218813472345, 12.18980200000059888 ) ) ;
#1280 = VERTEX_POINT ( 'NONE', #1620 ) ;
#1281 = AXIS2_PLACEMENT_3D ( 'NONE', #1946, #138, #1702 ) ;
#1282 = PRODUCT_DEFINITION_FORMATION_WITH_SPECIFIED_SOURCE ( 'ANY', '', #1018, .NOT_KNOWN. ) ;
#1283 = DIRECTION ( 'NONE',  ( -1.000000000000000000, 0.000000000000000000, 0.000000000000000000 ) ) ;
#1284 = DIRECTION ( 'NONE',  ( 0.000000000000000000, 1.000000000000000000, -0.000000000000000000 ) ) ;
#1285 = DIRECTION ( 'NONE',  ( 0.000000000000000000, 1.000000000000000000, 0.000000000000000000 ) ) ;
#1286 = DIRECTION ( 'NONE',  ( 1.000000000000000000, 0.000000000000000000, 0.000000000000000000 ) ) ;
#1287 = CARTESIAN_POINT ( 'NONE',  ( 31.05099999999876204, 50.89999999999999858, 5.694999999999978968 ) ) ;
#1288 = DIRECTION ( 'NONE',  ( -1.000000000000000000, 0.000000000000000000, -0.000000000000000000 ) ) ;
#1289 = EDGE_CURVE ( 'NONE', #2230, #664, #1002, .T. ) ;
#1290 = CC_DESIGN_PERSON_AND_ORGANIZATION_ASSIGNMENT ( #2172, #350, ( #1282 ) ) ;
#1291 = ORIENTED_EDGE ( 'NONE', *, *, #404, .T. ) ;
#1292 = VECTOR ( 'NONE', #438, 1000.000000000000000 ) ;
#1293 = ORIENTED_EDGE ( 'NONE', *, *, #1523, .F. ) ;
#1294 = EDGE_LOOP ( 'NONE', ( #1913, #1500, #565, #1783 ) ) ;
#1295 = EDGE_CURVE ( 'NONE', #153, #1629, #2101, .T. ) ;
#1296 = DIRECTION ( 'NONE',  ( 1.000000000000000000, 0.000000000000000000, 0.000000000000000000 ) ) ;
#1297 = LINE ( 'NONE', #2293, #337 ) ;
#1298 = LINE ( 'NONE', #2303, #2429 ) ;
#1299 = CARTESIAN_POINT ( 'NONE',  ( -45.00000000000000000, 44.99999999999980105, 8.189802000000597104 ) ) ;
#1300 = DIRECTION ( 'NONE',  ( 1.000000000000000000, 0.000000000000000000, 0.000000000000000000 ) ) ;
#1301 = ORIENTED_EDGE ( 'NONE', *, *, #756, .F. ) ;
#1302 = ORIENTED_EDGE ( 'NONE', *, *, #875, .F. ) ;
#1303 = DIRECTION ( 'NONE',  ( 0.000000000000000000, -0.000000000000000000, -1.000000000000000000 ) ) ;
#1304 = ORIENTED_EDGE ( 'NONE', *, *, #737, .F. ) ;
#1305 = ORIENTED_EDGE ( 'NONE', *, *, #569, .F. ) ;
#1306 = AXIS2_PLACEMENT_3D ( 'NONE', #168, #2176, #1192 ) ;
#1307 = AXIS2_PLACEMENT_3D ( 'NONE', #601, #2, #807 ) ;
#1308 = DIRECTION ( 'NONE',  ( -0.000000000000000000, 1.000000000000000000, 0.000000000000000000 ) ) ;
#1309 = EDGE_CURVE ( 'NONE', #1938, #1752, #291, .T. ) ;
#1310 = CIRCLE ( 'NONE', #2147, 4.000000000000000000 ) ;
#1311 = CYLINDRICAL_SURFACE ( 'NONE', #287, 1.449999999999999956 ) ;
#1312 = CARTESIAN_POINT ( 'NONE',  ( 29.60099999999876275, -54.92993218813430190, 5.694999999999978968 ) ) ;
#1313 = DIRECTION ( 'NONE',  ( 1.000000000000000000, 0.000000000000000000, 0.000000000000000000 ) ) ;
#1314 = LINE ( 'NONE', #1470, #1910 ) ;
#1315 = VECTOR ( 'NONE', #1161, 1000.000000000000000 ) ;
#1316 = EDGE_LOOP ( 'NONE', ( #293, #314, #1304, #2545 ) ) ;
#1317 = VERTEX_POINT ( 'NONE', #815 ) ;
#1318 = EDGE_LOOP ( 'NONE', ( #1363, #433, #1510, #2436 ) ) ;
#1319 = CIRCLE ( 'NONE', #429, 5.000000000000000888 ) ;
#1320 = DIRECTION ( 'NONE',  ( -1.000000000000000000, -3.088830989729041722E-16, 0.000000000000000000 ) ) ;
#1321 = VECTOR ( 'NONE', #439, 1000.000000000000000 ) ;
#1322 = DIRECTION ( 'NONE',  ( 1.000000000000000000, 0.000000000000000000, -0.000000000000000000 ) ) ;
#1323 = ADVANCED_FACE ( 'NONE', ( #1633 ), #2418, .F. ) ;
#1324 = DIRECTION ( 'NONE',  ( 0.000000000000000000, 0.000000000000000000, 1.000000000000000000 ) ) ;
#1325 = EDGE_CURVE ( 'NONE', #1107, #1948, #371, .T. ) ;
#1326 = ORIENTED_EDGE ( 'NONE', *, *, #1133, .F. ) ;
#1327 = LINE ( 'NONE', #1700, #650 ) ;
#1328 = CARTESIAN_POINT ( 'NONE',  ( -45.00000000000000000, -44.99999999999980105, 8.189802000000597104 ) ) ;
#1329 = EDGE_CURVE ( 'NONE', #1804, #1106, #1592, .T. ) ;
#1330 = LINE ( 'NONE', #2123, #513 ) ;
#1331 = CARTESIAN_POINT ( 'NONE',  ( -7.561098841895431349E-16, 15.02000000000000135, 13.68980200000059710 ) ) ;
#1332 = ORIENTED_EDGE ( 'NONE', *, *, #1213, .F. ) ;
#1333 = EDGE_CURVE ( 'NONE', #2393, #1797, #1515, .T. ) ;
#1334 = ORIENTED_EDGE ( 'NONE', *, *, #1736, .T. ) ;
#1335 = AXIS2_PLACEMENT_3D ( 'NONE', #1838, #637, #1053 ) ;
#1336 = VECTOR ( 'NONE', #1884, 1000.000000000000000 ) ;
#1337 = DIRECTION ( 'NONE',  ( -0.000000000000000000, 0.000000000000000000, -1.000000000000000000 ) ) ;
#1338 = CARTESIAN_POINT ( 'NONE',  ( 21.71099999999876573, -54.92993218813430190, 4.984999999999979003 ) ) ;
#1339 = ORIENTED_EDGE ( 'NONE', *, *, #11, .T. ) ;
#1340 = EDGE_CURVE ( 'NONE', #1681, #2369, #905, .T. ) ;
#1341 = DIRECTION ( 'NONE',  ( -1.000000000000000000, 0.000000000000000000, 0.000000000000000000 ) ) ;
#1342 = DIRECTION ( 'NONE',  ( 2.316623242296781908E-16, -1.000000000000000000, 0.000000000000000000 ) ) ;
#1343 = CARTESIAN_POINT ( 'NONE',  ( 31.05099999999876204, 50.19999999999999574, 5.694999999999978968 ) ) ;
#1344 = FACE_OUTER_BOUND ( 'NONE', #710, .T. ) ;
#1345 = EDGE_CURVE ( 'NONE', #1106, #854, #2038, .T. ) ;
#1346 = VERTEX_POINT ( 'NONE', #1698 ) ;
#1347 = VERTEX_POINT ( 'NONE', #1904 ) ;
#1348 = AXIS2_PLACEMENT_3D ( 'NONE', #2061, #254, #852 ) ;
#1349 = EDGE_CURVE ( 'NONE', #2341, #1618, #89, .T. ) ;
#1350 = LINE ( 'NONE', #1989, #1922 ) ;
#1351 = CALENDAR_DATE ( 2026, 4, 1 ) ;
#1352 = VERTEX_POINT ( 'NONE', #2301 ) ;
#1353 = LINE ( 'NONE', #551, #2565 ) ;
#1354 = DIRECTION ( 'NONE',  ( -0.000000000000000000, 0.000000000000000000, -1.000000000000000000 ) ) ;
#1355 = CARTESIAN_POINT ( 'NONE',  ( -36.72999999999999687, 28.48000000000000043, 13.39690878118714323 ) ) ;
#1356 = CARTESIAN_POINT ( 'NONE',  ( 49.92893218813452449, 44.92893218813474476, 14.18980200000059888 ) ) ;
#1357 = EDGE_CURVE ( 'NONE', #984, #2354, #2082, .T. ) ;
#1358 = VERTEX_POINT ( 'NONE', #2117 ) ;
#1359 = EDGE_LOOP ( 'NONE', ( #1134, #2326, #1758, #1745 ) ) ;
#1360 = CARTESIAN_POINT ( 'NONE',  ( -44.92893218813450318, -44.92893218813430423, 12.18980200000059888 ) ) ;
#1361 = AXIS2_PLACEMENT_3D ( 'NONE', #384, #2562, #1195 ) ;
#1362 = APPROVAL_STATUS ( 'not_yet_approved' ) ;
#1363 = ORIENTED_EDGE ( 'NONE', *, *, #499, .T. ) ;
#1364 = CARTESIAN_POINT ( 'NONE',  ( 44.92893218813452449, 49.92893218813473766, 14.18980200000059888 ) ) ;
#1365 = CARTESIAN_POINT ( 'NONE',  ( -1.770000000000001128, 14.52000000000000135, 14.18980200000059888 ) ) ;
#1366 = VECTOR ( 'NONE', #506, 1000.000000000000000 ) ;
#1367 = DIRECTION ( 'NONE',  ( 0.000000000000000000, 0.000000000000000000, 1.000000000000000000 ) ) ;
#1368 = ORIENTED_EDGE ( 'NONE', *, *, #1357, .T. ) ;
#1369 = EDGE_LOOP ( 'NONE', ( #1466, #2484, #1872, #2456 ) ) ;
#1370 = CARTESIAN_POINT ( 'NONE',  ( 38.50999999999999801, 13.17499999999999538, -1.510197999999400631 ) ) ;
#1371 = ORIENTED_EDGE ( 'NONE', *, *, #2072, .F. ) ;
#1372 = CIRCLE ( 'NONE', #1335, 1.449999999999999956 ) ;
#1373 = AXIS2_PLACEMENT_3D ( 'NONE', #895, #1320, #884 ) ;
#1374 = VERTEX_POINT ( 'NONE', #1710 ) ;
#1375 = CARTESIAN_POINT ( 'NONE',  ( 0.000000000000000000, 27.98000000000000043, 13.18980200000059710 ) ) ;
#1376 = FACE_OUTER_BOUND ( 'NONE', #2012, .T. ) ;
#1377 = DIRECTION ( 'NONE',  ( -0.000000000000000000, -0.000000000000000000, -1.000000000000000000 ) ) ;
#1378 = VERTEX_POINT ( 'NONE', #1737 ) ;
#1379 = VERTEX_POINT ( 'NONE', #2487 ) ;
#1380 = DIRECTION ( 'NONE',  ( -0.000000000000000000, 1.000000000000000000, -0.000000000000000000 ) ) ;
#1381 = VERTEX_POINT ( 'NONE', #2507 ) ;
#1382 = VECTOR ( 'NONE', #1945, 1000.000000000000000 ) ;
#1383 = ORIENTED_EDGE ( 'NONE', *, *, #1349, .F. ) ;
#1384 = CIRCLE ( 'NONE', #578, 3.999999999999996447 ) ;
#1385 = CARTESIAN_POINT ( 'NONE',  ( 40.99999999999999289, 44.99999999999978684, 8.189802000000597104 ) ) ;
#1386 = DIRECTION ( 'NONE',  ( 0.000000000000000000, 0.000000000000000000, -1.000000000000000000 ) ) ;
#1387 = CYLINDRICAL_SURFACE ( 'NONE', #850, 4.000000000000003553 ) ;
#1388 = EDGE_CURVE ( 'NONE', #1358, #534, #2052, .T. ) ;
#1389 = LINE ( 'NONE', #1626, #1035 ) ;
#1390 = AXIS2_PLACEMENT_3D ( 'NONE', #1672, #1853, #40 ) ;
#1391 = VERTEX_POINT ( 'NONE', #671 ) ;
#1392 = CARTESIAN_POINT ( 'NONE',  ( -38.48999999999999488, -44.82500000000000284, -1.510197999999400631 ) ) ;
#1393 = DIRECTION ( 'NONE',  ( 1.000000000000000000, 0.000000000000000000, 0.000000000000000000 ) ) ;
#1394 = DIRECTION ( 'NONE',  ( 1.000000000000000000, -0.000000000000000000, -0.000000000000000000 ) ) ;
#1395 = DATE_TIME_ROLE ( 'classification_date' ) ;
#1396 = EDGE_LOOP ( 'NONE', ( #525, #1467, #266, #2276 ) ) ;
#1397 = EDGE_LOOP ( 'NONE', ( #2347, #1902, #1555, #1411 ) ) ;
#1398 = AXIS2_PLACEMENT_3D ( 'NONE', #34, #834, #430 ) ;
#1399 = DIRECTION ( 'NONE',  ( 0.000000000000000000, 0.000000000000000000, -1.000000000000000000 ) ) ;
#1400 = DIRECTION ( 'NONE',  ( 0.000000000000000000, -1.000000000000000000, 0.000000000000000000 ) ) ;
#1401 = EDGE_CURVE ( 'NONE', #1970, #2273, #260, .T. ) ;
#1402 = CC_DESIGN_PERSON_AND_ORGANIZATION_ASSIGNMENT ( #2146, #193, ( #1131 ) ) ;
#1403 = DIRECTION ( 'NONE',  ( -0.000000000000000000, -0.000000000000000000, 1.000000000000000000 ) ) ;
#1404 = AXIS2_PLACEMENT_3D ( 'NONE', #450, #483, #1433 ) ;
#1405 = EDGE_CURVE ( 'NONE', #1959, #2016, #2106, .T. ) ;
#1406 = CC_DESIGN_SECURITY_CLASSIFICATION ( #1791, ( #1282 ) ) ;
#1407 = EDGE_LOOP ( 'NONE', ( #1713, #550, #180, #179 ) ) ;
#1408 = EDGE_CURVE ( 'NONE', #453, #1892, #1915, .T. ) ;
#1409 = CARTESIAN_POINT ( 'NONE',  ( -42.64999999999999858, 44.99999999999980105, 8.189802000000597104 ) ) ;
#1410 = DIRECTION ( 'NONE',  ( 0.000000000000000000, -1.000000000000000000, 0.000000000000000000 ) ) ;
#1411 = ORIENTED_EDGE ( 'NONE', *, *, #2023, .T. ) ;
#1412 = ORIENTED_EDGE ( 'NONE', *, *, #1736, .F. ) ;
#1413 = DIRECTION ( 'NONE',  ( -0.000000000000000000, -0.000000000000000000, -1.000000000000000000 ) ) ;
#1414 = DIRECTION ( 'NONE',  ( 1.000000000000000000, 0.000000000000000000, 0.000000000000000000 ) ) ;
#1415 = VECTOR ( 'NONE', #1086, 1000.000000000000000 ) ;
#1416 = ADVANCED_FACE ( 'NONE', ( #1724 ), #706, .F. ) ;
#1417 = EDGE_CURVE ( 'NONE', #536, #2093, #352, .T. ) ;
#1418 = VECTOR ( 'NONE', #2279, 1000.000000000000000 ) ;
#1419 = LINE ( 'NONE', #30, #25 ) ;
#1420 = CARTESIAN_POINT ( 'NONE',  ( -49.00000000000000000, -44.99999999999980105, 12.18980200000059888 ) ) ;
#1421 = PLANE ( 'NONE',  #1635 ) ;
#1422 = ORIENTED_EDGE ( 'NONE', *, *, #1340, .F. ) ;
#1423 = ADVANCED_FACE ( 'NONE', ( #2329 ), #312, .F. ) ;
#1424 = DIRECTION ( 'NONE',  ( 0.000000000000000000, -1.000000000000000000, 0.000000000000000000 ) ) ;
#1425 = PLANE ( 'NONE',  #1137 ) ;
#1426 = CARTESIAN_POINT ( 'NONE',  ( -44.92893218813450318, -54.92893218813430423, 9.189802000000597104 ) ) ;
#1427 = EDGE_CURVE ( 'NONE', #1217, #1278, #1252, .T. ) ;
#1428 = VERTEX_POINT ( 'NONE', #557 ) ;
#1429 = CARTESIAN_POINT ( 'NONE',  ( -2.270000000000000018, 28.48000000000000043, 13.68980200000059710 ) ) ;
#1430 = LINE ( 'NONE', #827, #469 ) ;
#1431 = CARTESIAN_POINT ( 'NONE',  ( 36.44034900000000476, 54.92893218813473766, 7.839802000000598348 ) ) ;
#1432 = LINE ( 'NONE', #1450, #2553 ) ;
#1433 = DIRECTION ( 'NONE',  ( 1.000000000000000000, 0.000000000000000000, -0.000000000000000000 ) ) ;
#1434 = VECTOR ( 'NONE', #1790, 1000.000000000000000 ) ;
#1435 = VECTOR ( 'NONE', #1819, 1000.000000000000000 ) ;
#1436 = ORIENTED_EDGE ( 'NONE', *, *, #568, .T. ) ;
#1437 = EDGE_CURVE ( 'NONE', #1024, #1485, #349, .T. ) ;
#1438 = ORIENTED_EDGE ( 'NONE', *, *, #1612, .F. ) ;
#1439 = ORIENTED_EDGE ( 'NONE', *, *, #347, .F. ) ;
#1440 = AXIS2_PLACEMENT_3D ( 'NONE', #641, #2251, #2226 ) ;
#1441 = FACE_OUTER_BOUND ( 'NONE', #1143, .T. ) ;
#1442 = CARTESIAN_POINT ( 'NONE',  ( -44.92893218813450318, 13.17499999999999183, 12.18980200000059888 ) ) ;
#1443 = CARTESIAN_POINT ( 'NONE',  ( -36.72999999999998977, 14.51999999999999957, 13.68980200000059710 ) ) ;
#1444 = VERTEX_POINT ( 'NONE', #1153 ) ;
#1445 = EDGE_CURVE ( 'NONE', #1802, #473, #1800, .T. ) ;
#1446 =( BOUNDED_CURVE ( )  B_SPLINE_CURVE ( 3, ( #1799, #2135, #542, #392 ),
 .UNSPECIFIED., .F., .T. ) 
 B_SPLINE_CURVE_WITH_KNOTS ( ( 4, 4 ),
 ( 3.141592653589793116, 4.712388980384689674 ),
 .UNSPECIFIED. ) 
 CURVE ( )  GEOMETRIC_REPRESENTATION_ITEM ( )  RATIONAL_B_SPLINE_CURVE ( ( 1.000000000000000000, 0.8047378541243649375, 0.8047378541243649375, 1.000000000000000000 ) ) 
 REPRESENTATION_ITEM ( '' )  );
#1447 = DIRECTION ( 'NONE',  ( -0.000000000000000000, -0.000000000000000000, 1.000000000000000000 ) ) ;
#1448 = PLANE ( 'NONE',  #2274 ) ;
#1449 = CARTESIAN_POINT ( 'NONE',  ( -30.44999999999999929, 27.14999999999999858, 12.18980200000059888 ) ) ;
#1450 = CARTESIAN_POINT ( 'NONE',  ( 40.99999999999999289, -45.00000000000020606, 8.189802000000597104 ) ) ;
#1451 = CARTESIAN_POINT ( 'NONE',  ( 40.99999999999999289, -45.00000000000020606, 8.189802000000597104 ) ) ;
#1452 = CARTESIAN_POINT ( 'NONE',  ( 36.44034900000000476, 54.92893218813473766, 2.839802000000598348 ) ) ;
#1453 = VERTEX_POINT ( 'NONE', #1785 ) ;
#1454 = VECTOR ( 'NONE', #1844, 1000.000000000000000 ) ;
#1455 = AXIS2_PLACEMENT_3D ( 'NONE', #538, #961, #2184 ) ;
#1456 = ORIENTED_EDGE ( 'NONE', *, *, #1941, .T. ) ;
#1457 = DIRECTION ( 'NONE',  ( -1.000000000000000000, -0.000000000000000000, 0.000000000000000000 ) ) ;
#1458 = CARTESIAN_POINT ( 'NONE',  ( 23.16099999999876502, -54.92993218813430190, 3.534999999999978826 ) ) ;
#1459 = VERTEX_POINT ( 'NONE', #1589 ) ;
#1460 = CARTESIAN_POINT ( 'NONE',  ( 44.92893218813456713, -54.92893218813428291, 9.189802000000597104 ) ) ;
#1461 = CYLINDRICAL_SURFACE ( 'NONE', #1532, 10.00000000000000178 ) ;
#1462 = PLANE ( 'NONE',  #354 ) ;
#1463 = DIRECTION ( 'NONE',  ( 1.000000000000000000, 1.544415494864520368E-16, -0.000000000000000000 ) ) ;
#1464 = CARTESIAN_POINT ( 'NONE',  ( -45.00000000000000000, -44.99999999999980105, 8.189802000000597104 ) ) ;
#1465 = VECTOR ( 'NONE', #906, 1000.000000000000000 ) ;
#1466 = ORIENTED_EDGE ( 'NONE', *, *, #2072, .T. ) ;
#1467 = ORIENTED_EDGE ( 'NONE', *, *, #1049, .F. ) ;
#1468 = ORIENTED_EDGE ( 'NONE', *, *, #691, .F. ) ;
#1469 = DIRECTION ( 'NONE',  ( -0.000000000000000000, -0.000000000000000000, -1.000000000000000000 ) ) ;
#1470 = CARTESIAN_POINT ( 'NONE',  ( -19.15000000000000213, 48.73499999999999943, 14.18980200000059888 ) ) ;
#1471 = VERTEX_POINT ( 'NONE', #144 ) ;
#1472 = FACE_OUTER_BOUND ( 'NONE', #2233, .T. ) ;
#1473 = LINE ( 'NONE', #462, #2309 ) ;
#1474 = CYLINDRICAL_SURFACE ( 'NONE', #1390, 0.5000000000000004441 ) ;
#1475 = CARTESIAN_POINT ( 'NONE',  ( 44.92893218813452449, 54.92893218813473766, 9.189802000000597104 ) ) ;
#1476 = DIRECTION ( 'NONE',  ( 1.000000000000000000, 0.000000000000000000, 0.000000000000000000 ) ) ;
#1477 = DIRECTION ( 'NONE',  ( 1.000000000000000000, -0.000000000000000000, -0.000000000000000000 ) ) ;
#1478 = VECTOR ( 'NONE', #1484, 1000.000000000000114 ) ;
#1479 = CIRCLE ( 'NONE', #2267, 2.349999999999997868 ) ;
#1480 = AXIS2_PLACEMENT_3D ( 'NONE', #1908, #1505, #2295 ) ;
#1481 = EDGE_CURVE ( 'NONE', #145, #456, #2357, .T. ) ;
#1482 = ORIENTED_EDGE ( 'NONE', *, *, #258, .T. ) ;
#1483 = ORIENTED_EDGE ( 'NONE', *, *, #1886, .T. ) ;
#1484 = DIRECTION ( 'NONE',  ( 0.6558138096005761142, 0.7549226762637212262, -0.000000000000000000 ) ) ;
#1485 = VERTEX_POINT ( 'NONE', #2171 ) ;
#1486 = AXIS2_PLACEMENT_3D ( 'NONE', #2132, #275, #515 ) ;
#1487 = CARTESIAN_POINT ( 'NONE',  ( -4.650000000000000355, 15.84999999999999964, 12.98269521881404920 ) ) ;
#1488 = CARTESIAN_POINT ( 'NONE',  ( -4.650000000000001243, 15.85000000000000320, 12.18980200000059888 ) ) ;
#1489 = DIRECTION ( 'NONE',  ( 1.000000000000000000, 0.000000000000000000, 0.000000000000000000 ) ) ;
#1490 = EDGE_CURVE ( 'NONE', #1797, #2425, #2158, .T. ) ;
#1491 = DIRECTION ( 'NONE',  ( -0.000000000000000000, -0.000000000000000000, 1.000000000000000000 ) ) ;
#1492 = FACE_OUTER_BOUND ( 'NONE', #782, .T. ) ;
#1493 = APPROVAL ( #2557, 'UNSPECIFIED' ) ;
#1494 = CARTESIAN_POINT ( 'NONE',  ( -38.48999999999998778, 13.17499999999999538, -1.510197999999400631 ) ) ;
#1495 = EDGE_CURVE ( 'NONE', #1459, #1586, #549, .T. ) ;
#1496 = EDGE_CURVE ( 'NONE', #2185, #1709, #164, .T. ) ;
#1497 = ORIENTED_EDGE ( 'NONE', *, *, #1148, .T. ) ;
#1498 = ORIENTED_EDGE ( 'NONE', *, *, #1119, .T. ) ;
#1499 = ORIENTED_EDGE ( 'NONE', *, *, #945, .T. ) ;
#1500 = ORIENTED_EDGE ( 'NONE', *, *, #1135, .T. ) ;
#1501 = AXIS2_PLACEMENT_3D ( 'NONE', #81, #2296, #1313 ) ;
#1502 = CARTESIAN_POINT ( 'NONE',  ( 45.00000000000000000, 44.99999999999978684, 12.18980200000059888 ) ) ;
#1503 = CARTESIAN_POINT ( 'NONE',  ( -4.150000000000001243, 27.64999999999999858, 13.18980200000059710 ) ) ;
#1504 = CARTESIAN_POINT ( 'NONE',  ( -36.22999999999999687, 27.98000000000000043, 13.18980200000059710 ) ) ;
#1505 = DIRECTION ( 'NONE',  ( 0.000000000000000000, 0.000000000000000000, -1.000000000000000000 ) ) ;
#1506 = CARTESIAN_POINT ( 'NONE',  ( 38.51000000000000512, -44.82500000000000284, 12.18980200000059888 ) ) ;
#1507 = CARTESIAN_POINT ( 'NONE',  ( -4.650000000000000355, 27.14999999999999858, -1.510197999999400631 ) ) ;
#1508 = EDGE_LOOP ( 'NONE', ( #104, #1976, #1256, #535 ) ) ;
#1509 = VECTOR ( 'NONE', #1656, 1000.000000000000000 ) ;
#1510 = ORIENTED_EDGE ( 'NONE', *, *, #744, .T. ) ;
#1511 = EDGE_CURVE ( 'NONE', #1828, #46, #442, .T. ) ;
#1512 = ORIENTED_EDGE ( 'NONE', *, *, #2549, .T. ) ;
#1513 = DIRECTION ( 'NONE',  ( 4.970554372426380424E-16, -1.000000000000000000, 0.000000000000000000 ) ) ;
#1514 = CARTESIAN_POINT ( 'NONE',  ( -19.15000000000000213, 48.73499999999999943, 14.18980200000059888 ) ) ;
#1515 =( BOUNDED_CURVE ( )  B_SPLINE_CURVE ( 3, ( #526, #1487, #885, #2094 ),
 .UNSPECIFIED., .F., .F. ) 
 B_SPLINE_CURVE_WITH_KNOTS ( ( 4, 4 ),
 ( 3.141592653589793116, 4.712388980384689674 ),
 .UNSPECIFIED. ) 
 CURVE ( )  GEOMETRIC_REPRESENTATION_ITEM ( )  RATIONAL_B_SPLINE_CURVE ( ( 1.000000000000000000, 0.8047378541243649375, 0.8047378541243649375, 1.000000000000000000 ) ) 
 REPRESENTATION_ITEM ( '' )  );
#1516 = CYLINDRICAL_SURFACE ( 'NONE', #403, 1.449999999999999956 ) ;
#1517 = CARTESIAN_POINT ( 'NONE',  ( -36.72999999999999687, 28.48000000000000043, 13.68980200000059710 ) ) ;
#1518 = CARTESIAN_POINT ( 'NONE',  ( -4.650000000000001243, -44.92893218813430423, 12.18980200000059888 ) ) ;
#1519 = CARTESIAN_POINT ( 'NONE',  ( -4.650000000000001243, 27.64999999999999858, 13.18980200000059710 ) ) ;
#1520 = FACE_OUTER_BOUND ( 'NONE', #1369, .T. ) ;
#1521 = VERTEX_POINT ( 'NONE', #2376 ) ;
#1522 = EDGE_CURVE ( 'NONE', #2090, #1586, #570, .T. ) ;
#1523 = EDGE_CURVE ( 'NONE', #1095, #1352, #1350, .T. ) ;
#1524 = DIRECTION ( 'NONE',  ( 1.000000000000000000, 0.000000000000000000, 0.000000000000000000 ) ) ;
#1525 = EDGE_CURVE ( 'NONE', #2540, #1378, #1760, .T. ) ;
#1526 = VERTEX_POINT ( 'NONE', #1603 ) ;
#1527 = AXIS2_PLACEMENT_3D ( 'NONE', #353, #1766, #2203 ) ;
#1528 = AXIS2_PLACEMENT_3D ( 'NONE', #614, #1087, #2497 ) ;
#1529 = CARTESIAN_POINT ( 'NONE',  ( -44.92893218813450318, -44.92893218813430423, 12.18980200000059888 ) ) ;
#1530 = EDGE_CURVE ( 'NONE', #2148, #145, #2131, .T. ) ;
#1531 = DIRECTION ( 'NONE',  ( 1.000000000000000000, 0.000000000000000000, 0.000000000000000000 ) ) ;
#1532 = AXIS2_PLACEMENT_3D ( 'NONE', #1634, #615, #54 ) ;
#1533 = ORIENTED_EDGE ( 'NONE', *, *, #32, .T. ) ;
#1534 = CARTESIAN_POINT ( 'NONE',  ( -50.20000000000000284, 50.19999999999998863, 12.18980200000059888 ) ) ;
#1535 = LINE ( 'NONE', #713, #332 ) ;
#1536 = CARTESIAN_POINT ( 'NONE',  ( 31.05099999999876204, 50.89999999999999858, 4.984999999999979003 ) ) ;
#1537 = CARTESIAN_POINT ( 'NONE',  ( -45.00000000000000000, 44.99999999999980105, 12.18980200000059888 ) ) ;
#1538 = ADVANCED_FACE ( 'NONE', ( #151 ), #325, .F. ) ;
#1539 = FACE_OUTER_BOUND ( 'NONE', #679, .T. ) ;
#1540 = VECTOR ( 'NONE', #2020, 1000.000000000000000 ) ;
#1541 = ORIENTED_EDGE ( 'NONE', *, *, #2477, .T. ) ;
#1542 = ORIENTED_EDGE ( 'NONE', *, *, #949, .T. ) ;
#1543 = EDGE_CURVE ( 'NONE', #783, #2472, #132, .T. ) ;
#1544 = AXIS2_PLACEMENT_3D ( 'NONE', #139, #2307, #2339 ) ;
#1545 = CIRCLE ( 'NONE', #1624, 2.349999999999997868 ) ;
#1546 = CARTESIAN_POINT ( 'NONE',  ( -30.44999999999999929, 27.14999999999999858, 12.68980200000059710 ) ) ;
#1547 = DIRECTION ( 'NONE',  ( 0.000000000000000000, 0.000000000000000000, 1.000000000000000000 ) ) ;
#1548 = CARTESIAN_POINT ( 'NONE',  ( 0.000000000000000000, 0.000000000000000000, 2.839802000000598348 ) ) ;
#1549 = VERTEX_POINT ( 'NONE', #1750 ) ;
#1550 = LINE ( 'NONE', #1114, #870 ) ;
#1551 = PLANE ( 'NONE',  #2602 ) ;
#1552 = DIRECTION ( 'NONE',  ( 1.000000000000000000, 0.000000000000000000, -0.000000000000000000 ) ) ;
#1553 = EDGE_CURVE ( 'NONE', #2289, #854, #2567, .T. ) ;
#1554 = FACE_OUTER_BOUND ( 'NONE', #1407, .T. ) ;
#1555 = ORIENTED_EDGE ( 'NONE', *, *, #1437, .T. ) ;
#1556 = DIRECTION ( 'NONE',  ( -0.000000000000000000, -0.000000000000000000, -1.000000000000000000 ) ) ;
#1557 = ORIENTED_EDGE ( 'NONE', *, *, #404, .F. ) ;
#1558 = CARTESIAN_POINT ( 'NONE',  ( -54.92893218813453160, 44.92893218813472345, 12.18980200000059888 ) ) ;
#1559 = VECTOR ( 'NONE', #375, 1000.000000000000000 ) ;
#1560 = CARTESIAN_POINT ( 'NONE',  ( -4.650000000000000355, 27.14999999999999858, -1.510197999999400631 ) ) ;
#1561 = APPROVAL_ROLE ( '' ) ;
#1562 = ORIENTED_EDGE ( 'NONE', *, *, #2013, .T. ) ;
#1563 = EDGE_CURVE ( 'NONE', #1892, #2541, #735, .T. ) ;
#1564 = CARTESIAN_POINT ( 'NONE',  ( -2.270000000000000018, 28.48000000000000043, 13.68980200000059710 ) ) ;
#1565 = DIRECTION ( 'NONE',  ( 0.000000000000000000, 0.000000000000000000, -1.000000000000000000 ) ) ;
#1566 = DIRECTION ( 'NONE',  ( -0.000000000000000000, -0.000000000000000000, 1.000000000000000000 ) ) ;
#1567 = DIRECTION ( 'NONE',  ( -0.000000000000000000, -0.000000000000000000, 1.000000000000000000 ) ) ;
#1568 = VERTEX_POINT ( 'NONE', #2145 ) ;
#1569 = ORIENTED_EDGE ( 'NONE', *, *, #1543, .T. ) ;
#1570 = PLANE ( 'NONE',  #2586 ) ;
#1571 = COORDINATED_UNIVERSAL_TIME_OFFSET ( 1, 0, .AHEAD. ) ;
#1572 = ORIENTED_EDGE ( 'NONE', *, *, #1886, .F. ) ;
#1573 = CARTESIAN_POINT ( 'NONE',  ( -44.92893218813450318, -44.92893218813430423, 9.189802000000597104 ) ) ;
#1574 = DIRECTION ( 'NONE',  ( -0.000000000000000000, 0.000000000000000000, 1.000000000000000000 ) ) ;
#1575 = ADVANCED_FACE ( 'NONE', ( #1762 ), #1570, .F. ) ;
#1576 = CARTESIAN_POINT ( 'NONE',  ( 29.60099999999876275, 50.89999999999999858, 3.534999999999978382 ) ) ;
#1577 = DIRECTION ( 'NONE',  ( -1.000000000000000000, 0.000000000000000000, 0.000000000000000000 ) ) ;
#1578 = VERTEX_POINT ( 'NONE', #10 ) ;
#1579 = DIRECTION ( 'NONE',  ( 0.000000000000000000, 0.000000000000000000, 1.000000000000000000 ) ) ;
#1580 = PERSON_AND_ORGANIZATION_ROLE ( 'design_owner' ) ;
#1581 = ORIENTED_EDGE ( 'NONE', *, *, #2409, .T. ) ;
#1582 = ORIENTED_EDGE ( 'NONE', *, *, #1874, .T. ) ;
#1583 = LINE ( 'NONE', #2370, #711 ) ;
#1584 = LINE ( 'NONE', #169, #140 ) ;
#1585 = FACE_OUTER_BOUND ( 'NONE', #2416, .T. ) ;
#1586 = VERTEX_POINT ( 'NONE', #1827 ) ;
#1587 = ORIENTED_EDGE ( 'NONE', *, *, #202, .F. ) ;
#1588 = EDGE_CURVE ( 'NONE', #1358, #2354, #2594, .T. ) ;
#1589 = CARTESIAN_POINT ( 'NONE',  ( 21.71099999999876573, 50.89999999999999858, 4.984999999999979003 ) ) ;
#1590 = PERSON_AND_ORGANIZATION ( #115, #2327 ) ;
#1591 = ORIENTED_EDGE ( 'NONE', *, *, #945, .F. ) ;
#1592 = CIRCLE ( 'NONE', #696, 5.000000000000004441 ) ;
#1593 = ORIENTED_EDGE ( 'NONE', *, *, #2057, .F. ) ;
#1594 = EDGE_CURVE ( 'NONE', #1444, #2428, #2417, .T. ) ;
#1595 = CARTESIAN_POINT ( 'NONE',  ( -19.15000000000000213, 48.73499999999999943, -1.510197999999400631 ) ) ;
#1596 = LINE ( 'NONE', #2190, #2191 ) ;
#1597 = CARTESIAN_POINT ( 'NONE',  ( 44.92893218813456713, -44.92893218813430423, 9.189802000000597104 ) ) ;
#1598 = DIRECTION ( 'NONE',  ( 0.000000000000000000, 0.000000000000000000, -1.000000000000000000 ) ) ;
#1599 = EDGE_LOOP ( 'NONE', ( #167, #216, #806, #625 ) ) ;
#1600 = ORIENTED_EDGE ( 'NONE', *, *, #118, .T. ) ;
#1601 = ADVANCED_FACE ( 'NONE', ( #2035 ), #432, .F. ) ;
#1602 = DIRECTION ( 'NONE',  ( -9.319789448299465144E-17, -1.000000000000000000, -0.000000000000000000 ) ) ;
#1603 = CARTESIAN_POINT ( 'NONE',  ( 19.94034900000000476, 50.89999999999999858, 7.839802000000598348 ) ) ;
#1604 = VECTOR ( 'NONE', #630, 1000.000000000000000 ) ;
#1605 = ORIENTED_EDGE ( 'NONE', *, *, #1388, .T. ) ;
#1606 = VECTOR ( 'NONE', #2547, 1000.000000000000000 ) ;
#1607 = ORIENTED_EDGE ( 'NONE', *, *, #1163, .F. ) ;
#1608 = EDGE_CURVE ( 'NONE', #2090, #1914, #1372, .T. ) ;
#1609 = CARTESIAN_POINT ( 'NONE',  ( -0.3500000000000030864, 48.73499999999999943, 14.18980200000059888 ) ) ;
#1610 = DIRECTION ( 'NONE',  ( 1.000000000000000000, 0.000000000000000000, 0.000000000000000000 ) ) ;
#1611 = FACE_OUTER_BOUND ( 'NONE', #2059, .T. ) ;
#1612 = EDGE_CURVE ( 'NONE', #1709, #2016, #2427, .T. ) ;
#1613 = TOROIDAL_SURFACE ( 'NONE', #163, 5.000000000000001776, 5.000000000000000000 ) ;
#1614 =( BOUNDED_CURVE ( )  B_SPLINE_CURVE ( 3, ( #58, #864, #1355, #290 ),
 .UNSPECIFIED., .F., .F. ) 
 B_SPLINE_CURVE_WITH_KNOTS ( ( 4, 4 ),
 ( 1.570796326794896558, 3.141592653589793116 ),
 .UNSPECIFIED. ) 
 CURVE ( )  GEOMETRIC_REPRESENTATION_ITEM ( )  RATIONAL_B_SPLINE_CURVE ( ( 1.000000000000000000, 0.8047378541243649375, 0.8047378541243649375, 1.000000000000000000 ) ) 
 REPRESENTATION_ITEM ( '' )  );
#1615 = DIRECTION ( 'NONE',  ( 0.000000000000000000, 0.000000000000000000, -1.000000000000000000 ) ) ;
#1616 = CARTESIAN_POINT ( 'NONE',  ( -19.15000000000000213, 29.93499999999999872, -1.510197999999400631 ) ) ;
#1617 = ADVANCED_FACE ( 'NONE', ( #2244 ), #2015, .F. ) ;
#1618 = VERTEX_POINT ( 'NONE', #49 ) ;
#1619 = EDGE_LOOP ( 'NONE', ( #757, #512, #929, #351 ) ) ;
#1620 = CARTESIAN_POINT ( 'NONE',  ( 50.20000000000000284, 50.19999999999998863, -1.510197999999400187 ) ) ;
#1621 = CARTESIAN_POINT ( 'NONE',  ( 32.94034899999999766, 50.89999999999999858, 2.839802000000598348 ) ) ;
#1622 = EDGE_CURVE ( 'NONE', #1914, #208, #1038, .T. ) ;
#1623 = CARTESIAN_POINT ( 'NONE',  ( 49.92893218813452449, 44.92893218813474476, 9.189802000000597104 ) ) ;
#1624 = AXIS2_PLACEMENT_3D ( 'NONE', #1647, #2042, #1046 ) ;
#1625 = LOCAL_TIME ( 22, 30, 7.000000000000000000, #1813 ) ;
#1626 = CARTESIAN_POINT ( 'NONE',  ( 44.92893218813452449, 54.92893218813473766, -1.510197999999400187 ) ) ;
#1627 = ORIENTED_EDGE ( 'NONE', *, *, #1829, .T. ) ;
#1628 = ADVANCED_FACE ( 'NONE', ( #2606 ), #2442, .F. ) ;
#1629 = VERTEX_POINT ( 'NONE', #2460 ) ;
#1630 = DIRECTION ( 'NONE',  ( -1.000000000000000000, 0.000000000000000000, 0.000000000000000000 ) ) ;
#1631 = DIRECTION ( 'NONE',  ( 1.000000000000000000, 0.000000000000000000, 0.000000000000000000 ) ) ;
#1632 = ORIENTED_EDGE ( 'NONE', *, *, #2549, .F. ) ;
#1633 = FACE_OUTER_BOUND ( 'NONE', #1694, .T. ) ;
#1634 = CARTESIAN_POINT ( 'NONE',  ( 44.92893218813451739, 44.92893218813473766, 12.18980200000059888 ) ) ;
#1635 = AXIS2_PLACEMENT_3D ( 'NONE', #2399, #1598, #2383 ) ;
#1636 = EDGE_CURVE ( 'NONE', #234, #2540, #2209, .T. ) ;
#1637 = CYLINDRICAL_SURFACE ( 'NONE', #1084, 2.349999999999997868 ) ;
#1638 = PLANE ( 'NONE',  #174 ) ;
#1639 = VERTEX_POINT ( 'NONE', #407 ) ;
#1640 = EDGE_LOOP ( 'NONE', ( #2165, #2005, #1096, #1054 ) ) ;
#1641 = CARTESIAN_POINT ( 'NONE',  ( 50.20000000000000284, -50.20000000000001705, -1.510197999999400187 ) ) ;
#1642 = DIRECTION ( 'NONE',  ( 0.000000000000000000, -0.000000000000000000, -1.000000000000000000 ) ) ;
#1643 = ORIENTED_EDGE ( 'NONE', *, *, #2272, .F. ) ;
#1644 = LINE ( 'NONE', #2049, #2518 ) ;
#1645 = DIRECTION ( 'NONE',  ( -0.000000000000000000, -0.000000000000000000, -1.000000000000000000 ) ) ;
#1646 = DIRECTION ( 'NONE',  ( -0.000000000000000000, -0.000000000000000000, 1.000000000000000000 ) ) ;
#1647 = CARTESIAN_POINT ( 'NONE',  ( -45.00000000000000000, -44.99999999999980105, 8.189802000000597104 ) ) ;
#1648 = VECTOR ( 'NONE', #2394, 1000.000000000000000 ) ;
#1649 = AXIS2_PLACEMENT_3D ( 'NONE', #841, #2065, #826 ) ;
#1650 = EDGE_LOOP ( 'NONE', ( #1185, #294, #451, #388, #902, #1265, #595, #2493 ) ) ;
#1651 = ORIENTED_EDGE ( 'NONE', *, *, #1043, .T. ) ;
#1652 = CIRCLE ( 'NONE', #2566, 4.000000000000003553 ) ;
#1653 = DIRECTION ( 'NONE',  ( -2.316623242296781908E-16, 1.000000000000000000, -0.000000000000000000 ) ) ;
#1654 = LINE ( 'NONE', #23, #1730 ) ;
#1655 = ORIENTED_EDGE ( 'NONE', *, *, #1966, .F. ) ;
#1656 = DIRECTION ( 'NONE',  ( -0.000000000000000000, 1.000000000000000000, -0.000000000000000000 ) ) ;
#1657 = LINE ( 'NONE', #1040, #967 ) ;
#1658 = FACE_BOUND ( 'NONE', #619, .T. ) ;
#1659 = VECTOR ( 'NONE', #1653, 1000.000000000000000 ) ;
#1660 = CARTESIAN_POINT ( 'NONE',  ( 50.20000000000000284, -50.20000000000001705, 12.18980200000059888 ) ) ;
#1661 = CYLINDRICAL_SURFACE ( 'NONE', #1818, 4.000000000000003553 ) ;
#1662 = DIRECTION ( 'NONE',  ( 0.000000000000000000, 0.000000000000000000, 1.000000000000000000 ) ) ;
#1663 = TOROIDAL_SURFACE ( 'NONE', #1831, 5.000000000000015987, 5.000000000000000000 ) ;
#1664 = VECTOR ( 'NONE', #1566, 1000.000000000000000 ) ;
#1665 = MANIFOLD_SOLID_BREP ( 'Boss-Extrude6', #2182 ) ;
#1666 = ORIENTED_EDGE ( 'NONE', *, *, #2161, .F. ) ;
#1667 = ORIENTED_EDGE ( 'NONE', *, *, #1263, .F. ) ;
#1668 = LINE ( 'NONE', #2459, #2263 ) ;
#1669 = LINE ( 'NONE', #243, #528 ) ;
#1670 = ORIENTED_EDGE ( 'NONE', *, *, #1333, .F. ) ;
#1671 = CARTESIAN_POINT ( 'NONE',  ( -2.770000000000000018, 27.98000000000000043, 13.18980200000059710 ) ) ;
#1672 = CARTESIAN_POINT ( 'NONE',  ( -30.94999999999999929, 27.14999999999999858, 12.68980200000059710 ) ) ;
#1673 = EDGE_CURVE ( 'NONE', #2100, #253, #853, .T. ) ;
#1674 = DIRECTION ( 'NONE',  ( -0.000000000000000000, -0.000000000000000000, 1.000000000000000000 ) ) ;
#1675 = CARTESIAN_POINT ( 'NONE',  ( 44.92893218813456713, -44.92893218813430423, 9.189802000000597104 ) ) ;
#1676 = FACE_OUTER_BOUND ( 'NONE', #2461, .T. ) ;
#1677 = AXIS2_PLACEMENT_3D ( 'NONE', #177, #987, #338 ) ;
#1678 = CIRCLE ( 'NONE', #531, 10.00000000000000178 ) ;
#1679 = ORIENTED_EDGE ( 'NONE', *, *, #391, .F. ) ;
#1680 = ORIENTED_EDGE ( 'NONE', *, *, #2595, .F. ) ;
#1681 = VERTEX_POINT ( 'NONE', #998 ) ;
#1682 = CARTESIAN_POINT ( 'NONE',  ( 36.44034900000000476, 54.92893218813473766, 7.839802000000598348 ) ) ;
#1683 = ORIENTED_EDGE ( 'NONE', *, *, #1211, .T. ) ;
#1684 = EDGE_CURVE ( 'NONE', #1346, #1379, #2464, .T. ) ;
#1685 = DIRECTION ( 'NONE',  ( 0.000000000000000000, 0.000000000000000000, 1.000000000000000000 ) ) ;
#1686 = DIRECTION ( 'NONE',  ( 0.000000000000000000, -1.000000000000000000, 0.000000000000000000 ) ) ;
#1687 = EDGE_CURVE ( 'NONE', #1578, #2341, #1669, .T. ) ;
#1688 = VERTEX_POINT ( 'NONE', #2197 ) ;
#1689 = ADVANCED_FACE ( 'NONE', ( #205 ), #624, .T. ) ;
#1690 = LINE ( 'NONE', #2240, #1292 ) ;
#1691 = CARTESIAN_POINT ( 'NONE',  ( -32.92000000000000171, 39.33499999999999375, 14.18980200000059888 ) ) ;
#1692 = DIRECTION ( 'NONE',  ( -0.000000000000000000, -0.000000000000000000, 1.000000000000000000 ) ) ;
#1693 = PLANE ( 'NONE',  #2401 ) ;
#1694 = EDGE_LOOP ( 'NONE', ( #1963, #2008, #1499, #1125 ) ) ;
#1695 = ORIENTED_EDGE ( 'NONE', *, *, #1325, .F. ) ;
#1696 = EDGE_LOOP ( 'NONE', ( #1572, #2575, #1973, #559 ) ) ;
#1697 = VECTOR ( 'NONE', #2583, 1000.000000000000000 ) ;
#1698 = CARTESIAN_POINT ( 'NONE',  ( -49.00000000000000000, -44.99999999999980105, 8.189802000000597104 ) ) ;
#1699 = DIRECTION ( 'NONE',  ( -0.000000000000000000, -0.000000000000000000, 1.000000000000000000 ) ) ;
#1700 = CARTESIAN_POINT ( 'NONE',  ( -44.92893218813450318, 29.93500000000000227, 12.18980200000059888 ) ) ;
#1701 = CYLINDRICAL_SURFACE ( 'NONE', #2214, 1.449999999999999956 ) ;
#1702 = DIRECTION ( 'NONE',  ( 0.000000000000000000, 0.000000000000000000, 1.000000000000000000 ) ) ;
#1703 = EDGE_CURVE ( 'NONE', #64, #500, #1812, .T. ) ;
#1704 = VECTOR ( 'NONE', #2222, 1000.000000000000000 ) ;
#1705 = EDGE_LOOP ( 'NONE', ( #1891, #851, #2179, #1422 ) ) ;
#1706 = EDGE_CURVE ( 'NONE', #1217, #417, #612, .T. ) ;
#1707 = ORIENTED_EDGE ( 'NONE', *, *, #848, .F. ) ;
#1708 = VERTEX_POINT ( 'NONE', #1226 ) ;
#1709 = VERTEX_POINT ( 'NONE', #2025 ) ;
#1710 = CARTESIAN_POINT ( 'NONE',  ( -50.20000000000000284, -50.20000000000001705, 12.18980200000059888 ) ) ;
#1711 = DIRECTION ( 'NONE',  ( 0.000000000000000000, -1.000000000000000000, 0.000000000000000000 ) ) ;
#1712 = DIRECTION ( 'NONE',  ( -0.000000000000000000, -0.000000000000000000, 1.000000000000000000 ) ) ;
#1713 = ORIENTED_EDGE ( 'NONE', *, *, #477, .F. ) ;
#1714 = FACE_OUTER_BOUND ( 'NONE', #548, .T. ) ;
#1715 = FACE_OUTER_BOUND ( 'NONE', #2242, .T. ) ;
#1716 = CARTESIAN_POINT ( 'NONE',  ( 29.60099999999876275, -54.92993218813430190, 7.144999999999978257 ) ) ;
#1717 = ADVANCED_FACE ( 'NONE', ( #1520 ), #946, .F. ) ;
#1718 = EDGE_CURVE ( 'NONE', #428, #2185, #517, .T. ) ;
#1719 = DIRECTION ( 'NONE',  ( -1.000000000000000000, 0.000000000000000000, 0.000000000000000000 ) ) ;
#1720 = AXIS2_PLACEMENT_3D ( 'NONE', #1099, #1283, #1881 ) ;
#1721 = ORIENTED_EDGE ( 'NONE', *, *, #2534, .T. ) ;
#1722 = EDGE_CURVE ( 'NONE', #1014, #2404, #1314, .T. ) ;
#1723 = ORIENTED_EDGE ( 'NONE', *, *, #131, .F. ) ;
#1724 = FACE_OUTER_BOUND ( 'NONE', #194, .T. ) ;
#1725 = PLANE ( 'NONE',  #627 ) ;
#1726 = EDGE_LOOP ( 'NONE', ( #832, #86, #12, #2173 ) ) ;
#1727 = DIRECTION ( 'NONE',  ( 1.000000000000000000, 0.000000000000000000, 0.000000000000000000 ) ) ;
#1728 = CARTESIAN_POINT ( 'NONE',  ( 47.34999999999998721, -45.00000000000020606, 8.189802000000597104 ) ) ;
#1729 = CARTESIAN_POINT ( 'NONE',  ( 48.99999999999998579, -45.00000000000020606, 8.189802000000597104 ) ) ;
#1730 = VECTOR ( 'NONE', #622, 1000.000000000000000 ) ;
#1731 = CARTESIAN_POINT ( 'NONE',  ( 29.60099999999876275, 50.19999999999999574, 4.984999999999979003 ) ) ;
#1732 = CIRCLE ( 'NONE', #124, 10.00000000000001599 ) ;
#1733 = VERTEX_POINT ( 'NONE', #2324 ) ;
#1734 = CIRCLE ( 'NONE', #1480, 4.000000000000003553 ) ;
#1735 = EDGE_LOOP ( 'NONE', ( #497, #340, #762, #2373 ) ) ;
#1736 = EDGE_CURVE ( 'NONE', #2230, #19, #1871, .T. ) ;
#1737 = CARTESIAN_POINT ( 'NONE',  ( -42.64999999999999858, 44.99999999999980105, 12.18980200000059888 ) ) ;
#1738 = CARTESIAN_POINT ( 'NONE',  ( -28.92000000000000171, 39.33499999999999375, -1.510197999999400631 ) ) ;
#1739 = CIRCLE ( 'NONE', #2105, 5.000000000000000888 ) ;
#1740 = ORIENTED_EDGE ( 'NONE', *, *, #2246, .T. ) ;
#1741 = DIRECTION ( 'NONE',  ( 0.6558138096005762252, 0.7549226762637212262, 0.000000000000000000 ) ) ;
#1742 = CARTESIAN_POINT ( 'NONE',  ( 42.64999999999999147, -45.00000000000020606, 12.18980200000059888 ) ) ;
#1743 = CYLINDRICAL_SURFACE ( 'NONE', #943, 4.000000000000003553 ) ;
#1744 = DIRECTION ( 'NONE',  ( 1.000000000000000000, 0.000000000000000000, 0.000000000000000000 ) ) ;
#1745 = ORIENTED_EDGE ( 'NONE', *, *, #2337, .F. ) ;
#1746 = ORIENTED_EDGE ( 'NONE', *, *, #16, .F. ) ;
#1747 = ORIENTED_EDGE ( 'NONE', *, *, #2457, .F. ) ;
#1748 = EDGE_CURVE ( 'NONE', #1549, #1568, #2236, .T. ) ;
#1749 = CIRCLE ( 'NONE', #1951, 4.000000000000000000 ) ;
#1750 = CARTESIAN_POINT ( 'NONE',  ( 47.34999999999999432, 44.99999999999978684, 8.189802000000597104 ) ) ;
#1751 = CARTESIAN_POINT ( 'NONE',  ( -45.00000000000000000, -44.99999999999980105, 12.18980200000059888 ) ) ;
#1752 = VERTEX_POINT ( 'NONE', #2551 ) ;
#1753 = CARTESIAN_POINT ( 'NONE',  ( 29.60099999999876275, 50.19999999999999574, 7.144999999999978257 ) ) ;
#1754 = CARTESIAN_POINT ( 'NONE',  ( 44.92893218813456713, -44.92893218813430423, -1.510197999999400187 ) ) ;
#1755 = LINE ( 'NONE', #743, #1664 ) ;
#1756 = DIRECTION ( 'NONE',  ( -1.000000000000000000, 0.000000000000000000, 0.000000000000000000 ) ) ;
#1757 = ORIENTED_EDGE ( 'NONE', *, *, #2338, .T. ) ;
#1758 = ORIENTED_EDGE ( 'NONE', *, *, #366, .F. ) ;
#1759 = VECTOR ( 'NONE', #1233, 1000.000000000000000 ) ;
#1760 = CIRCLE ( 'NONE', #1677, 2.349999999999997868 ) ;
#1761 = AXIS2_PLACEMENT_3D ( 'NONE', #898, #1126, #1286 ) ;
#1762 = FACE_OUTER_BOUND ( 'NONE', #1173, .T. ) ;
#1763 = EDGE_CURVE ( 'NONE', #1444, #2289, #1319, .T. ) ;
#1764 = PRODUCT_RELATED_PRODUCT_CATEGORY ( 'detail', '', ( #1018 ) ) ;
#1765 = ORIENTED_EDGE ( 'NONE', *, *, #957, .F. ) ;
#1766 = DIRECTION ( 'NONE',  ( 0.000000000000000000, 0.000000000000000000, 1.000000000000000000 ) ) ;
#1767 = DIRECTION ( 'NONE',  ( -1.000000000000000000, -5.034020533885106216E-17, 0.000000000000000000 ) ) ;
#1768 = ADVANCED_FACE ( 'NONE', ( #1344 ), #2261, .T. ) ;
#1769 = DIRECTION ( 'NONE',  ( 0.000000000000000000, -1.000000000000000000, -0.000000000000000000 ) ) ;
#1770 = FACE_OUTER_BOUND ( 'NONE', #376, .T. ) ;
#1771 = ORIENTED_EDGE ( 'NONE', *, *, #678, .F. ) ;
#1772 = DIRECTION ( 'NONE',  ( 0.000000000000000000, 0.000000000000000000, 1.000000000000000000 ) ) ;
#1773 = DATE_AND_TIME ( #1351, #1625 ) ;
#1774 = CIRCLE ( 'NONE', #38, 4.000000000000003553 ) ;
#1775 = VECTOR ( 'NONE', #1447, 1000.000000000000000 ) ;
#1776 = ORIENTED_EDGE ( 'NONE', *, *, #1009, .F. ) ;
#1777 = CARTESIAN_POINT ( 'NONE',  ( -36.72999999999999687, 28.48000000000000043, 13.98269521881404920 ) ) ;
#1778 = FACE_OUTER_BOUND ( 'NONE', #7, .T. ) ;
#1779 = VECTOR ( 'NONE', #1112, 1000.000000000000000 ) ;
#1780 = CARTESIAN_POINT ( 'NONE',  ( -49.92893218813451028, -44.92893218813430423, 14.18980200000059888 ) ) ;
#1781 = LINE ( 'NONE', #768, #1540 ) ;
#1782 = EDGE_CURVE ( 'NONE', #1428, #456, #1911, .T. ) ;
#1783 = ORIENTED_EDGE ( 'NONE', *, *, #1, .T. ) ;
#1784 =( BOUNDED_CURVE ( )  B_SPLINE_CURVE ( 3, ( #237, #248, #465, #17 ),
 .UNSPECIFIED., .F., .F. ) 
 B_SPLINE_CURVE_WITH_KNOTS ( ( 4, 4 ),
 ( 4.712388980384689674, 6.283185307179586232 ),
 .UNSPECIFIED. ) 
 CURVE ( )  GEOMETRIC_REPRESENTATION_ITEM ( )  RATIONAL_B_SPLINE_CURVE ( ( 1.000000000000000000, 0.8047378541243649375, 0.8047378541243649375, 1.000000000000000000 ) ) 
 REPRESENTATION_ITEM ( '' )  );
#1785 = CARTESIAN_POINT ( 'NONE',  ( -1.769999999999999796, 28.98000000000000398, 14.18980200000059888 ) ) ;
#1786 = AXIS2_PLACEMENT_3D ( 'NONE', #1331, #523, #2352 ) ;
#1787 = ORIENTED_EDGE ( 'NONE', *, *, #382, .T. ) ;
#1788 = EDGE_LOOP ( 'NONE', ( #1875, #2113, #1151, #134 ) ) ;
#1789 = VECTOR ( 'NONE', #2241, 1000.000000000000114 ) ;
#1790 = DIRECTION ( 'NONE',  ( -1.000000000000000000, 0.000000000000000000, -0.000000000000000000 ) ) ;
#1791 = SECURITY_CLASSIFICATION ( '', '', #999 ) ;
#1792 = DIRECTION ( 'NONE',  ( 0.000000000000000000, -1.000000000000000000, 0.000000000000000000 ) ) ;
#1793 = LINE ( 'NONE', #994, #52 ) ;
#1794 = EDGE_CURVE ( 'NONE', #1733, #1639, #594, .T. ) ;
#1795 = ADVANCED_FACE ( 'NONE', ( #2152 ), #126, .F. ) ;
#1796 = EDGE_LOOP ( 'NONE', ( #893, #1113, #669, #2063 ) ) ;
#1797 = VERTEX_POINT ( 'NONE', #730 ) ;
#1798 = ADVANCED_FACE ( 'NONE', ( #1117 ), #1921, .F. ) ;
#1799 = CARTESIAN_POINT ( 'NONE',  ( -2.270000000000001350, 14.52000000000000135, 13.68980200000059710 ) ) ;
#1800 = LINE ( 'NONE', #2183, #402 ) ;
#1801 = DATE_AND_TIME ( #775, #857 ) ;
#1802 = VERTEX_POINT ( 'NONE', #111 ) ;
#1803 = AXIS2_PLACEMENT_3D ( 'NONE', #1616, #2004, #1642 ) ;
#1804 = VERTEX_POINT ( 'NONE', #1356 ) ;
#1805 = DIRECTION ( 'NONE',  ( -0.000000000000000000, 1.000000000000000000, -0.000000000000000000 ) ) ;
#1806 = ADVANCED_FACE ( 'NONE', ( #1554 ), #1958, .T. ) ;
#1807 = CARTESIAN_POINT ( 'NONE',  ( -2.270000000000001350, 14.52000000000000135, 13.68980200000059710 ) ) ;
#1808 = CARTESIAN_POINT ( 'NONE',  ( -0.3499999999999892086, -44.92893218813429712, 12.18980200000059888 ) ) ;
#1809 = ORIENTED_EDGE ( 'NONE', *, *, #867, .F. ) ;
#1810 = ADVANCED_FACE ( 'NONE', ( #2536, #255 ), #958, .F. ) ;
#1811 = DIRECTION ( 'NONE',  ( 0.000000000000000000, -0.000000000000000000, 1.000000000000000000 ) ) ;
#1812 = LINE ( 'NONE', #802, #259 ) ;
#1813 = COORDINATED_UNIVERSAL_TIME_OFFSET ( 1, 0, .AHEAD. ) ;
#1814 = ORIENTED_EDGE ( 'NONE', *, *, #773, .T. ) ;
#1815 = VECTOR ( 'NONE', #1115, 1000.000000000000000 ) ;
#1816 = ADVANCED_FACE ( 'NONE', ( #1539, #652 ), #2124, .F. ) ;
#1817 = VERTEX_POINT ( 'NONE', #1933 ) ;
#1818 = AXIS2_PLACEMENT_3D ( 'NONE', #1299, #289, #505 ) ;
#1819 = DIRECTION ( 'NONE',  ( -0.000000000000000000, -0.000000000000000000, 1.000000000000000000 ) ) ;
#1820 = FACE_OUTER_BOUND ( 'NONE', #1396, .T. ) ;
#1821 = ADVANCED_FACE ( 'NONE', ( #969 ), #1967, .T. ) ;
#1822 = CARTESIAN_POINT ( 'NONE',  ( 54.92893218813452449, 44.92893218813474476, 12.18980200000059888 ) ) ;
#1823 = AXIS2_PLACEMENT_3D ( 'NONE', #1738, #1699, #1894 ) ;
#1824 = ORIENTED_EDGE ( 'NONE', *, *, #2321, .F. ) ;
#1825 = CARTESIAN_POINT ( 'NONE',  ( -54.92893218813453160, 44.92893218813472345, 9.189802000000597104 ) ) ;
#1826 = FACE_OUTER_BOUND ( 'NONE', #1227, .T. ) ;
#1827 = CARTESIAN_POINT ( 'NONE',  ( 21.71099999999876573, 50.89999999999999858, 5.694999999999987850 ) ) ;
#1828 = VERTEX_POINT ( 'NONE', #1780 ) ;
#1829 = EDGE_CURVE ( 'NONE', #1024, #1217, #2073, .T. ) ;
#1830 = EDGE_LOOP ( 'NONE', ( #2181, #1903, #485, #705 ) ) ;
#1831 = AXIS2_PLACEMENT_3D ( 'NONE', #1181, #2372, #2011 ) ;
#1832 = CARTESIAN_POINT ( 'NONE',  ( 48.99999999999998579, -45.00000000000020606, 8.189802000000597104 ) ) ;
#1833 = LINE ( 'NONE', #261, #716 ) ;
#1834 = DIRECTION ( 'NONE',  ( 0.7549226762637212262, -0.6558138096005762252, 0.000000000000000000 ) ) ;
#1835 = CIRCLE ( 'NONE', #2157, 1.449999999999999956 ) ;
#1836 = EDGE_LOOP ( 'NONE', ( #1582, #328, #546, #814 ) ) ;
#1837 = DIRECTION ( 'NONE',  ( 0.000000000000000000, 0.000000000000000000, 1.000000000000000000 ) ) ;
#1838 = CARTESIAN_POINT ( 'NONE',  ( 23.16099999999876502, 50.19999999999999574, 5.694999999999978080 ) ) ;
#1839 = ORIENTED_EDGE ( 'NONE', *, *, #1763, .F. ) ;
#1840 = LINE ( 'NONE', #2037, #836 ) ;
#1841 = CARTESIAN_POINT ( 'NONE',  ( -30.94999999999999929, 15.34999999999999964, 13.18980200000059710 ) ) ;
#1842 = AXIS2_PLACEMENT_3D ( 'NONE', #1660, #262, #1259 ) ;
#1843 = CARTESIAN_POINT ( 'NONE',  ( 50.20000000000000284, -50.20000000000001705, -1.510197999999400187 ) ) ;
#1844 = DIRECTION ( 'NONE',  ( 1.000000000000000000, 0.000000000000000000, 0.000000000000000000 ) ) ;
#1845 = ORIENTED_EDGE ( 'NONE', *, *, #125, .T. ) ;
#1846 = ORIENTED_EDGE ( 'NONE', *, *, #464, .F. ) ;
#1847 = CARTESIAN_POINT ( 'NONE',  ( -37.22999999999998977, 14.01999999999999957, 14.18980200000059888 ) ) ;
#1848 = CARTESIAN_POINT ( 'NONE',  ( -30.45000000000000284, 15.84999999999999964, 12.98269521881404920 ) ) ;
#1849 = DIRECTION ( 'NONE',  ( 0.000000000000000000, 0.000000000000000000, -1.000000000000000000 ) ) ;
#1850 = ORIENTED_EDGE ( 'NONE', *, *, #1329, .F. ) ;
#1851 = CARTESIAN_POINT ( 'NONE',  ( 31.05099999999876204, -54.92993218813430190, 5.694999999999978968 ) ) ;
#1852 = CARTESIAN_POINT ( 'NONE',  ( 49.00000000000000000, 44.99999999999978684, 8.189802000000597104 ) ) ;
#1853 = DIRECTION ( 'NONE',  ( 0.000000000000000000, 1.000000000000000000, 0.000000000000000000 ) ) ;
#1854 = DIRECTION ( 'NONE',  ( 1.000000000000000000, 1.196361017915039486E-16, 0.000000000000000000 ) ) ;
#1855 = DIRECTION ( 'NONE',  ( 1.000000000000000000, 0.000000000000000000, -0.000000000000000000 ) ) ;
#1856 = FACE_BOUND ( 'NONE', #422, .T. ) ;
#1857 = AXIS2_PLACEMENT_3D ( 'NONE', #329, #725, #2480 ) ;
#1858 = AXIS2_PLACEMENT_3D ( 'NONE', #53, #2028, #1257 ) ;
#1859 = VERTEX_POINT ( 'NONE', #2021 ) ;
#1860 = AXIS2_PLACEMENT_3D ( 'NONE', #874, #2266, #210 ) ;
#1861 = FACE_OUTER_BOUND ( 'NONE', #995, .T. ) ;
#1862 = DIRECTION ( 'NONE',  ( -0.000000000000000000, 1.000000000000000000, -0.000000000000000000 ) ) ;
#1863 = ORIENTED_EDGE ( 'NONE', *, *, #2064, .F. ) ;
#1864 = ADVANCED_FACE ( 'NONE', ( #2382 ), #2572, .T. ) ;
#1865 = CARTESIAN_POINT ( 'NONE',  ( -30.44999999999999929, 27.14999999999999858, -1.510197999999400631 ) ) ;
#1866 = CARTESIAN_POINT ( 'NONE',  ( -42.64999999999999858, -44.99999999999980105, 12.18980200000059888 ) ) ;
#1867 = CIRCLE ( 'NONE', #1064, 3.999999999999996447 ) ;
#1868 = DIRECTION ( 'NONE',  ( -1.000000000000000000, 0.000000000000000000, 0.000000000000000000 ) ) ;
#1869 = CARTESIAN_POINT ( 'NONE',  ( -47.34999999999999432, -44.99999999999980105, 8.189802000000597104 ) ) ;
#1870 = FACE_OUTER_BOUND ( 'NONE', #2036, .T. ) ;
#1871 = CIRCLE ( 'NONE', #765, 3.999999999999996447 ) ;
#1872 = ORIENTED_EDGE ( 'NONE', *, *, #1588, .T. ) ;
#1873 = VECTOR ( 'NONE', #690, 1000.000000000000000 ) ;
#1874 = EDGE_CURVE ( 'NONE', #1892, #229, #199, .T. ) ;
#1875 = ORIENTED_EDGE ( 'NONE', *, *, #391, .T. ) ;
#1876 = ORIENTED_EDGE ( 'NONE', *, *, #758, .F. ) ;
#1877 = CARTESIAN_POINT ( 'NONE',  ( -30.65710678118653831, 15.64289321881345174, 13.18980200000059710 ) ) ;
#1878 = ADVANCED_FACE ( 'NONE', ( #781 ), #1663, .T. ) ;
#1879 = ORIENTED_EDGE ( 'NONE', *, *, #1983, .F. ) ;
#1880 = ADVANCED_FACE ( 'NONE', ( #2410 ), #1387, .T. ) ;
#1881 = DIRECTION ( 'NONE',  ( 0.000000000000000000, 0.000000000000000000, 1.000000000000000000 ) ) ;
#1882 = CARTESIAN_POINT ( 'NONE',  ( -49.92893218813453160, 44.92893218813472345, 9.189802000000597104 ) ) ;
#1883 = PLANE ( 'NONE',  #1860 ) ;
#1884 = DIRECTION ( 'NONE',  ( 3.088830989729041722E-16, -1.000000000000000000, -0.000000000000000000 ) ) ;
#1885 = CARTESIAN_POINT ( 'NONE',  ( -44.92893218813450318, -54.92893218813430423, -1.510197999999400187 ) ) ;
#1886 = EDGE_CURVE ( 'NONE', #1568, #2103, #591, .T. ) ;
#1887 = DIRECTION ( 'NONE',  ( -0.000000000000000000, -0.000000000000000000, 1.000000000000000000 ) ) ;
#1888 = VECTOR ( 'NONE', #360, 1000.000000000000000 ) ;
#1889 = ORIENTED_EDGE ( 'NONE', *, *, #1345, .T. ) ;
#1890 = ADVANCED_FACE ( 'NONE', ( #1585, #1020 ), #2192, .F. ) ;
#1891 = ORIENTED_EDGE ( 'NONE', *, *, #1044, .F. ) ;
#1892 = VERTEX_POINT ( 'NONE', #1221 ) ;
#1893 = CARTESIAN_POINT ( 'NONE',  ( 44.92893218813456713, -49.92893218813429712, 9.189802000000597104 ) ) ;
#1894 = DIRECTION ( 'NONE',  ( 1.000000000000000000, 0.000000000000000000, 0.000000000000000000 ) ) ;
#1895 = DIRECTION ( 'NONE',  ( -1.000000000000000000, 0.000000000000000000, -0.000000000000000000 ) ) ;
#1896 = EDGE_CURVE ( 'NONE', #2193, #1828, #1194, .T. ) ;
#1897 = DIRECTION ( 'NONE',  ( 1.000000000000000000, 0.000000000000000000, -0.000000000000000000 ) ) ;
#1898 = DIRECTION ( 'NONE',  ( 1.000000000000000000, -0.000000000000000000, -0.000000000000000000 ) ) ;
#1899 = CARTESIAN_POINT ( 'NONE',  ( -45.00000000000000000, -44.99999999999980105, 8.189802000000597104 ) ) ;
#1900 = EDGE_CURVE ( 'NONE', #1471, #441, #982, .T. ) ;
#1901 = ORIENTED_EDGE ( 'NONE', *, *, #1427, .F. ) ;
#1902 = ORIENTED_EDGE ( 'NONE', *, *, #856, .T. ) ;
#1903 = ORIENTED_EDGE ( 'NONE', *, *, #1706, .T. ) ;
#1904 = CARTESIAN_POINT ( 'NONE',  ( 54.92893218813452449, 44.92893218813474476, -1.510197999999400187 ) ) ;
#1905 = EDGE_CURVE ( 'NONE', #2148, #1428, #1793, .T. ) ;
#1906 = DIRECTION ( 'NONE',  ( 0.000000000000000000, -1.000000000000000000, 0.000000000000000000 ) ) ;
#1907 = CARTESIAN_POINT ( 'NONE',  ( -2.770000000000001350, 15.02000000000000135, 13.18980200000059710 ) ) ;
#1908 = CARTESIAN_POINT ( 'NONE',  ( 45.00000000000000000, 44.99999999999978684, 8.189802000000597104 ) ) ;
#1909 = CARTESIAN_POINT ( 'NONE',  ( 16.44034900000000121, 54.92893218813473766, 2.839802000000598348 ) ) ;
#1910 = VECTOR ( 'NONE', #545, 1000.000000000000000 ) ;
#1911 = LINE ( 'NONE', #901, #1109 ) ;
#1912 = EDGE_LOOP ( 'NONE', ( #1771, #633, #1787, #2026 ) ) ;
#1913 = ORIENTED_EDGE ( 'NONE', *, *, #2053, .F. ) ;
#1914 = VERTEX_POINT ( 'NONE', #2164 ) ;
#1915 = LINE ( 'NONE', #1111, #1465 ) ;
#1916 = DIRECTION ( 'NONE',  ( -0.000000000000000000, -0.000000000000000000, 1.000000000000000000 ) ) ;
#1917 = VERTEX_POINT ( 'NONE', #1807 ) ;
#1918 = FACE_OUTER_BOUND ( 'NONE', #1108, .T. ) ;
#1919 = FACE_OUTER_BOUND ( 'NONE', #1105, .T. ) ;
#1920 = FACE_OUTER_BOUND ( 'NONE', #1830, .T. ) ;
#1921 = CYLINDRICAL_SURFACE ( 'NONE', #1786, 0.5000000000000004441 ) ;
#1922 = VECTOR ( 'NONE', #785, 1000.000000000000000 ) ;
#1923 = ORIENTED_EDGE ( 'NONE', *, *, #1794, .F. ) ;
#1924 = ORIENTED_EDGE ( 'NONE', *, *, #1636, .F. ) ;
#1925 = ORIENTED_EDGE ( 'NONE', *, *, #265, .T. ) ;
#1926 = CARTESIAN_POINT ( 'NONE',  ( -30.45000000000000284, 27.14999999999999503, 12.98269521881404920 ) ) ;
#1927 = CARTESIAN_POINT ( 'NONE',  ( 16.44034900000000121, 54.92893218813473766, 7.839802000000598348 ) ) ;
#1928 = ORIENTED_EDGE ( 'NONE', *, *, #1325, .T. ) ;
#1929 = DIRECTION ( 'NONE',  ( -0.000000000000000000, 1.000000000000000000, -0.000000000000000000 ) ) ;
#1930 = CARTESIAN_POINT ( 'NONE',  ( -40.99999999999999289, 44.99999999999980105, 12.18980200000059888 ) ) ;
#1931 = DIRECTION ( 'NONE',  ( -1.000000000000000000, 0.000000000000000000, 0.000000000000000000 ) ) ;
#1932 = VECTOR ( 'NONE', #1241, 1000.000000000000000 ) ;
#1933 = CARTESIAN_POINT ( 'NONE',  ( 49.92893218813455292, -44.92893218813430423, 14.18980200000059888 ) ) ;
#1934 = CIRCLE ( 'NONE', #795, 2.349999999999997868 ) ;
#1935 = ORIENTED_EDGE ( 'NONE', *, *, #477, .T. ) ;
#1936 = AXIS2_PLACEMENT_3D ( 'NONE', #2129, #903, #1524 ) ;
#1937 = ORIENTED_EDGE ( 'NONE', *, *, #1495, .T. ) ;
#1938 = VERTEX_POINT ( 'NONE', #1420 ) ;
#1939 = DIRECTION ( 'NONE',  ( -1.000000000000000000, 9.319789448299465144E-17, 0.000000000000000000 ) ) ;
#1940 = DIRECTION ( 'NONE',  ( 0.000000000000000000, -0.000000000000000000, -1.000000000000000000 ) ) ;
#1941 = EDGE_CURVE ( 'NONE', #283, #1347, #2598, .T. ) ;
#1942 = AXIS2_PLACEMENT_3D ( 'NONE', #764, #1574, #1610 ) ;
#1943 = ORIENTED_EDGE ( 'NONE', *, *, #109, .F. ) ;
#1944 = CARTESIAN_POINT ( 'NONE',  ( 45.00000000000000000, 44.99999999999978684, 8.189802000000597104 ) ) ;
#1945 = DIRECTION ( 'NONE',  ( -0.000000000000000000, -0.000000000000000000, 1.000000000000000000 ) ) ;
#1946 = CARTESIAN_POINT ( 'NONE',  ( -30.44999999999999929, 15.34999999999999964, 12.68980200000059710 ) ) ;
#1947 = DIRECTION ( 'NONE',  ( -1.196361017915039486E-16, 1.000000000000000000, -0.000000000000000000 ) ) ;
#1948 = VERTEX_POINT ( 'NONE', #755 ) ;
#1949 = ADVANCED_FACE ( 'NONE', ( #1611 ), #2397, .T. ) ;
#1950 = ORIENTED_EDGE ( 'NONE', *, *, #1245, .F. ) ;
#1951 = AXIS2_PLACEMENT_3D ( 'NONE', #2319, #520, #589 ) ;
#1952 = CARTESIAN_POINT ( 'NONE',  ( 38.51000000000001222, -44.92893218813429712, 12.18980200000059888 ) ) ;
#1953 = EDGE_CURVE ( 'NONE', #1804, #283, #2027, .T. ) ;
#1954 = DATE_AND_TIME ( #2346, #2239 ) ;
#1955 = ORIENTED_EDGE ( 'NONE', *, *, #2505, .T. ) ;
#1956 = CARTESIAN_POINT ( 'NONE',  ( 45.00000000000000000, 44.99999999999978684, 12.18980200000059888 ) ) ;
#1957 = LINE ( 'NONE', #562, #1159 ) ;
#1958 = CYLINDRICAL_SURFACE ( 'NONE', #2535, 3.999999999999996447 ) ;
#1959 = VERTEX_POINT ( 'NONE', #1576 ) ;
#1960 =( BOUNDED_CURVE ( )  B_SPLINE_CURVE ( 3, ( #835, #1848, #1877, #1037 ),
 .UNSPECIFIED., .F., .F. ) 
 B_SPLINE_CURVE_WITH_KNOTS ( ( 4, 4 ),
 ( 3.141592653589793116, 4.712388980384689674 ),
 .UNSPECIFIED. ) 
 CURVE ( )  GEOMETRIC_REPRESENTATION_ITEM ( )  RATIONAL_B_SPLINE_CURVE ( ( 1.000000000000000000, 0.8047378541243649375, 0.8047378541243649375, 1.000000000000000000 ) ) 
 REPRESENTATION_ITEM ( '' )  );
#1961 = AXIS2_PLACEMENT_3D ( 'NONE', #1222, #1998, #2599 ) ;
#1962 = DIRECTION ( 'NONE',  ( 1.000000000000000000, 0.000000000000000000, 0.000000000000000000 ) ) ;
#1963 = ORIENTED_EDGE ( 'NONE', *, *, #2235, .F. ) ;
#1964 = CARTESIAN_POINT ( 'NONE',  ( -2.270000000000000018, 28.48000000000000043, 13.98269521881404920 ) ) ;
#1965 = DIRECTION ( 'NONE',  ( -0.000000000000000000, -0.000000000000000000, -1.000000000000000000 ) ) ;
#1966 = EDGE_CURVE ( 'NONE', #1521, #1095, #355, .T. ) ;
#1967 = CYLINDRICAL_SURFACE ( 'NONE', #301, 0.5000000000000000000 ) ;
#1968 = ORIENTED_EDGE ( 'NONE', *, *, #2438, .T. ) ;
#1969 = ORIENTED_EDGE ( 'NONE', *, *, #769, .F. ) ;
#1970 = VERTEX_POINT ( 'NONE', #2435 ) ;
#1971 = DIRECTION ( 'NONE',  ( -0.000000000000000000, -0.000000000000000000, 1.000000000000000000 ) ) ;
#1972 = PERSON_AND_ORGANIZATION ( #115, #2327 ) ;
#1973 = ORIENTED_EDGE ( 'NONE', *, *, #1983, .T. ) ;
#1974 = CIRCLE ( 'NONE', #1857, 2.349999999999997868 ) ;
#1975 = AXIS2_PLACEMENT_3D ( 'NONE', #1502, #2291, #491 ) ;
#1976 = ORIENTED_EDGE ( 'NONE', *, *, #921, .T. ) ;
#1977 = EDGE_CURVE ( 'NONE', #2200, #1121, #18, .T. ) ;
#1978 = DIRECTION ( 'NONE',  ( 1.000000000000000000, 0.000000000000000000, 0.000000000000000000 ) ) ;
#1979 = LINE ( 'NONE', #1365, #2074 ) ;
#1980 = ADVANCED_FACE ( 'NONE', ( #280, #1856, #44, #2085, #1275 ), #845, .T. ) ;
#1981 = VECTOR ( 'NONE', #1916, 1000.000000000000000 ) ;
#1982 = CARTESIAN_POINT ( 'NONE',  ( -44.92893218813450318, -44.92893218813430423, -1.510197999999400187 ) ) ;
#1983 = EDGE_CURVE ( 'NONE', #1549, #580, #1033, .T. ) ;
#1984 = VERTEX_POINT ( 'NONE', #2482 ) ;
#1985 = EDGE_LOOP ( 'NONE', ( #1080, #1007, #488, #2379 ) ) ;
#1986 = AXIS2_PLACEMENT_3D ( 'NONE', #1171, #157, #344 ) ;
#1987 = ADVANCED_FACE ( 'NONE', ( #1676, #238 ), #1638, .T. ) ;
#1988 = CARTESIAN_POINT ( 'NONE',  ( -45.00000000000000000, 44.99999999999980105, 8.189802000000597104 ) ) ;
#1989 = CARTESIAN_POINT ( 'NONE',  ( -38.48999999999998778, 13.17499999999999538, 14.18980200000059888 ) ) ;
#1990 = COORDINATED_UNIVERSAL_TIME_OFFSET ( 1, 0, .AHEAD. ) ;
#1991 = ORIENTED_EDGE ( 'NONE', *, *, #1495, .F. ) ;
#1992 = EDGE_LOOP ( 'NONE', ( #2333, #2245 ) ) ;
#1993 = VECTOR ( 'NONE', #1965, 1000.000000000000000 ) ;
#1994 = CARTESIAN_POINT ( 'NONE',  ( 29.60099999999876275, 50.89999999999999858, 5.694999999999978968 ) ) ;
#1995 = DIRECTION ( 'NONE',  ( 1.000000000000000000, 0.000000000000000000, -0.000000000000000000 ) ) ;
#1996 = ADVANCED_FACE ( 'NONE', ( #676 ), #223, .T. ) ;
#1997 = DIRECTION ( 'NONE',  ( -0.000000000000000000, -0.000000000000000000, 1.000000000000000000 ) ) ;
#1998 = DIRECTION ( 'NONE',  ( -0.000000000000000000, -0.000000000000000000, 1.000000000000000000 ) ) ;
#1999 = ORIENTED_EDGE ( 'NONE', *, *, #1055, .F. ) ;
#2000 = EDGE_CURVE ( 'NONE', #2341, #1471, #2455, .T. ) ;
#2001 = ORIENTED_EDGE ( 'NONE', *, *, #569, .T. ) ;
#2002 = DIRECTION ( 'NONE',  ( -1.000000000000000000, 0.000000000000000000, -0.000000000000000000 ) ) ;
#2003 = DIRECTION ( 'NONE',  ( -1.000000000000000000, 0.000000000000000000, 0.000000000000000000 ) ) ;
#2004 = DIRECTION ( 'NONE',  ( 0.000000000000000000, -1.000000000000000000, 0.000000000000000000 ) ) ;
#2005 = ORIENTED_EDGE ( 'NONE', *, *, #2337, .T. ) ;
#2006 = VECTOR ( 'NONE', #1971, 1000.000000000000000 ) ;
#2007 = AXIS2_PLACEMENT_3D ( 'NONE', #481, #277, #2283 ) ;
#2008 = ORIENTED_EDGE ( 'NONE', *, *, #2488, .T. ) ;
#2009 = DIRECTION ( 'NONE',  ( -0.000000000000000000, -0.000000000000000000, -1.000000000000000000 ) ) ;
#2010 = LINE ( 'NONE', #1193, #2313 ) ;
#2011 = DIRECTION ( 'NONE',  ( 1.000000000000000000, 0.000000000000000000, 0.000000000000000000 ) ) ;
#2012 = EDGE_LOOP ( 'NONE', ( #1605, #2207, #166, #1581 ) ) ;
#2013 = EDGE_CURVE ( 'NONE', #1629, #153, #1196, .T. ) ;
#2014 = LINE ( 'NONE', #1728, #1138 ) ;
#2015 = PLANE ( 'NONE',  #1803 ) ;
#2016 = VERTEX_POINT ( 'NONE', #2056 ) ;
#2017 = ORIENTED_EDGE ( 'NONE', *, *, #1405, .F. ) ;
#2018 = CARTESIAN_POINT ( 'NONE',  ( -0.3499999999999978684, 29.93499999999999872, 12.18980200000059888 ) ) ;
#2019 = CARTESIAN_POINT ( 'NONE',  ( 29.60099999999876275, -54.92993218813430190, 7.144999999999978257 ) ) ;
#2020 = DIRECTION ( 'NONE',  ( -0.000000000000000000, 1.000000000000000000, -0.000000000000000000 ) ) ;
#2021 = CARTESIAN_POINT ( 'NONE',  ( -54.92893218813451028, -44.92893218813430423, -1.510197999999400187 ) ) ;
#2022 = ORIENTED_EDGE ( 'NONE', *, *, #1481, .T. ) ;
#2023 = EDGE_CURVE ( 'NONE', #1485, #1347, #2071, .T. ) ;
#2024 = DIRECTION ( 'NONE',  ( -0.000000000000000000, 0.000000000000000000, 1.000000000000000000 ) ) ;
#2025 = CARTESIAN_POINT ( 'NONE',  ( 23.16099999999876502, 50.19999999999999574, 3.534999999999978382 ) ) ;
#2026 = ORIENTED_EDGE ( 'NONE', *, *, #2156, .T. ) ;
#2027 = CIRCLE ( 'NONE', #2365, 5.000000000000000888 ) ;
#2028 = DIRECTION ( 'NONE',  ( 0.000000000000000000, 1.000000000000000000, -0.000000000000000000 ) ) ;
#2029 = CARTESIAN_POINT ( 'NONE',  ( -36.72999999999998977, 14.51999999999999957, 13.68980200000059710 ) ) ;
#2030 = DIRECTION ( 'NONE',  ( -1.000000000000000000, -0.000000000000000000, -0.000000000000000000 ) ) ;
#2031 = DIRECTION ( 'NONE',  ( -0.000000000000000000, -0.000000000000000000, -1.000000000000000000 ) ) ;
#2032 = ORIENTED_EDGE ( 'NONE', *, *, #1445, .T. ) ;
#2033 = ORIENTED_EDGE ( 'NONE', *, *, #2057, .T. ) ;
#2034 = DIRECTION ( 'NONE',  ( 0.000000000000000000, 0.000000000000000000, -1.000000000000000000 ) ) ;
#2035 = FACE_OUTER_BOUND ( 'NONE', #1619, .T. ) ;
#2036 = EDGE_LOOP ( 'NONE', ( #1243, #822, #962, #369 ) ) ;
#2037 = CARTESIAN_POINT ( 'NONE',  ( -42.64999999999999858, -44.99999999999980105, 8.189802000000597104 ) ) ;
#2038 = CIRCLE ( 'NONE', #1720, 5.000000000000000888 ) ;
#2039 = FACE_OUTER_BOUND ( 'NONE', #2211, .T. ) ;
#2040 = ADVANCED_FACE ( 'NONE', ( #617 ), #645, .F. ) ;
#2041 = PLANE ( 'NONE',  #993 ) ;
#2042 = DIRECTION ( 'NONE',  ( -0.000000000000000000, 0.000000000000000000, -1.000000000000000000 ) ) ;
#2043 = EDGE_CURVE ( 'NONE', #1733, #153, #2229, .T. ) ;
#2044 = ORIENTED_EDGE ( 'NONE', *, *, #1015, .T. ) ;
#2045 = DIRECTION ( 'NONE',  ( 0.000000000000000000, 0.000000000000000000, -1.000000000000000000 ) ) ;
#2046 = DIRECTION ( 'NONE',  ( -1.000000000000000000, 0.000000000000000000, -0.000000000000000000 ) ) ;
#2047 = DIRECTION ( 'NONE',  ( -0.000000000000000000, -0.000000000000000000, 1.000000000000000000 ) ) ;
#2048 = EDGE_LOOP ( 'NONE', ( #1482, #2558, #1184, #141 ) ) ;
#2049 = CARTESIAN_POINT ( 'NONE',  ( 49.92893218813452449, 44.92893218813475187, 14.18980200000059888 ) ) ;
#2050 = PLANE ( 'NONE',  #2396 ) ;
#2051 = AXIS2_PLACEMENT_3D ( 'NONE', #57, #94, #2097 ) ;
#2052 =( BOUNDED_CURVE ( )  B_SPLINE_CURVE ( 3, ( #2526, #721, #514, #919 ),
 .UNSPECIFIED., .F., .F. ) 
 B_SPLINE_CURVE_WITH_KNOTS ( ( 4, 4 ),
 ( 3.141592653589793116, 4.712388980384689674 ),
 .UNSPECIFIED. ) 
 CURVE ( )  GEOMETRIC_REPRESENTATION_ITEM ( )  RATIONAL_B_SPLINE_CURVE ( ( 1.000000000000000000, 0.8047378541243649375, 0.8047378541243649375, 1.000000000000000000 ) ) 
 REPRESENTATION_ITEM ( '' )  );
#2053 = EDGE_CURVE ( 'NONE', #417, #64, #71, .T. ) ;
#2054 = DIRECTION ( 'NONE',  ( 1.000000000000000000, 0.000000000000000000, -0.000000000000000000 ) ) ;
#2055 = DIRECTION ( 'NONE',  ( 0.000000000000000000, 0.000000000000000000, 1.000000000000000000 ) ) ;
#2056 = CARTESIAN_POINT ( 'NONE',  ( 23.16099999999876502, 50.89999999999999858, 3.534999999999978826 ) ) ;
#2057 = EDGE_CURVE ( 'NONE', #208, #73, #227, .T. ) ;
#2058 = EDGE_CURVE ( 'NONE', #977, #51, #1545, .T. ) ;
#2059 = EDGE_LOOP ( 'NONE', ( #173, #909, #346, #1667 ) ) ;
#2060 = ORIENTED_EDGE ( 'NONE', *, *, #744, .F. ) ;
#2061 = CARTESIAN_POINT ( 'NONE',  ( -44.92893218813450318, -49.92893218813431133, 9.189802000000597104 ) ) ;
#2062 = CARTESIAN_POINT ( 'NONE',  ( 44.99999999999999289, -45.00000000000020606, 8.189802000000597104 ) ) ;
#2063 = ORIENTED_EDGE ( 'NONE', *, *, #875, .T. ) ;
#2064 = EDGE_CURVE ( 'NONE', #1280, #128, #1260, .T. ) ;
#2065 = DIRECTION ( 'NONE',  ( 0.000000000000000000, 0.000000000000000000, -1.000000000000000000 ) ) ;
#2066 = DIRECTION ( 'NONE',  ( 1.000000000000000000, 0.000000000000000000, 0.000000000000000000 ) ) ;
#2067 = DIRECTION ( 'NONE',  ( -0.000000000000000000, 1.000000000000000000, -0.000000000000000000 ) ) ;
#2068 = CIRCLE ( 'NONE', #934, 4.000000000000003553 ) ;
#2069 = FACE_OUTER_BOUND ( 'NONE', #927, .T. ) ;
#2070 = CARTESIAN_POINT ( 'NONE',  ( -30.44999999999999929, 27.14999999999999858, 12.68980200000059710 ) ) ;
#2071 = LINE ( 'NONE', #1251, #1321 ) ;
#2072 = EDGE_CURVE ( 'NONE', #984, #295, #1614, .T. ) ;
#2073 = CIRCLE ( 'NONE', #635, 9.999999999999980460 ) ;
#2074 = VECTOR ( 'NONE', #2571, 1000.000000000000000 ) ;
#2075 = CC_DESIGN_APPROVAL ( #1493, ( #1791 ) ) ;
#2076 = ORIENTED_EDGE ( 'NONE', *, *, #1490, .F. ) ;
#2077 = ORIENTED_EDGE ( 'NONE', *, *, #2488, .F. ) ;
#2078 = ORIENTED_EDGE ( 'NONE', *, *, #1152, .F. ) ;
#2079 = ADVANCED_FACE ( 'NONE', ( #1870 ), #1743, .T. ) ;
#2080 = ORIENTED_EDGE ( 'NONE', *, *, #113, .T. ) ;
#2081 = EDGE_CURVE ( 'NONE', #2103, #580, #390, .T. ) ;
#2082 = LINE ( 'NONE', #296, #563 ) ;
#2083 = CYLINDRICAL_SURFACE ( 'NONE', #2525, 9.999999999999980460 ) ;
#2084 = DIRECTION ( 'NONE',  ( 0.000000000000000000, 0.000000000000000000, 1.000000000000000000 ) ) ;
#2085 = FACE_BOUND ( 'NONE', #1796, .T. ) ;
#2086 = AXIS2_PLACEMENT_3D ( 'NONE', #1060, #43, #1868 ) ;
#2087 = VECTOR ( 'NONE', #1380, 1000.000000000000000 ) ;
#2088 = VECTOR ( 'NONE', #1101, 1000.000000000000000 ) ;
#2089 = ORIENTED_EDGE ( 'NONE', *, *, #2156, .F. ) ;
#2090 = VERTEX_POINT ( 'NONE', #2122 ) ;
#2091 = EDGE_CURVE ( 'NONE', #738, #419, #2336, .T. ) ;
#2092 = ORIENTED_EDGE ( 'NONE', *, *, #189, .T. ) ;
#2093 = VERTEX_POINT ( 'NONE', #2098 ) ;
#2094 = CARTESIAN_POINT ( 'NONE',  ( -4.150000000000001243, 15.34999999999999964, 13.18980200000059710 ) ) ;
#2095 = DIRECTION ( 'NONE',  ( 0.000000000000000000, 0.000000000000000000, 1.000000000000000000 ) ) ;
#2096 = LINE ( 'NONE', #1385, #833 ) ;
#2097 = DIRECTION ( 'NONE',  ( 0.000000000000000000, 0.000000000000000000, -1.000000000000000000 ) ) ;
#2098 = CARTESIAN_POINT ( 'NONE',  ( -30.44999999999999929, 27.14999999999999858, 12.68980200000059710 ) ) ;
#2099 = AXIS2_PLACEMENT_3D ( 'NONE', #1994, #196, #1399 ) ;
#2100 = VERTEX_POINT ( 'NONE', #532 ) ;
#2101 = CIRCLE ( 'NONE', #1307, 2.349999999999997868 ) ;
#2102 = EDGE_LOOP ( 'NONE', ( #646, #830, #891, #2210 ) ) ;
#2103 = VERTEX_POINT ( 'NONE', #331 ) ;
#2104 = ORIENTED_EDGE ( 'NONE', *, *, #2409, .F. ) ;
#2105 = AXIS2_PLACEMENT_3D ( 'NONE', #887, #1285, #2095 ) ;
#2106 = LINE ( 'NONE', #65, #1207 ) ;
#2107 = FACE_OUTER_BOUND ( 'NONE', #142, .T. ) ;
#2108 = DIRECTION ( 'NONE',  ( 1.000000000000000000, -2.081668171172168119E-15, 0.000000000000000000 ) ) ;
#2109 = CARTESIAN_POINT ( 'NONE',  ( 16.44034900000000121, 54.92893218813473766, 7.839802000000598348 ) ) ;
#2110 = CARTESIAN_POINT ( 'NONE',  ( -19.15000000000000213, 29.93499999999999872, 14.18980200000059888 ) ) ;
#2111 = VECTOR ( 'NONE', #1403, 1000.000000000000000 ) ;
#2112 = DIRECTION ( 'NONE',  ( -0.000000000000000000, 0.000000000000000000, -1.000000000000000000 ) ) ;
#2113 = ORIENTED_EDGE ( 'NONE', *, *, #1900, .F. ) ;
#2114 = APPROVAL_PERSON_ORGANIZATION ( #1972, #2523, #178 ) ;
#2115 = ORIENTED_EDGE ( 'NONE', *, *, #2175, .F. ) ;
#2116 = EDGE_LOOP ( 'NONE', ( #2223, #1266, #2174, #2104 ) ) ;
#2117 = CARTESIAN_POINT ( 'NONE',  ( -36.72999999999998977, 14.51999999999999957, 13.68980200000059710 ) ) ;
#2118 = DIRECTION ( 'NONE',  ( -0.000000000000000000, -0.000000000000000000, 1.000000000000000000 ) ) ;
#2119 = VERTEX_POINT ( 'NONE', #1128 ) ;
#2120 = CARTESIAN_POINT ( 'NONE',  ( -37.22999999999999687, 28.48000000000000043, 14.18980200000059888 ) ) ;
#2121 = DIRECTION ( 'NONE',  ( 1.000000000000000000, 0.000000000000000000, 0.000000000000000000 ) ) ;
#2122 = CARTESIAN_POINT ( 'NONE',  ( 21.71099999999876573, 50.19999999999999574, 5.694999999999987850 ) ) ;
#2123 = CARTESIAN_POINT ( 'NONE',  ( -4.650000000000001243, 15.84999999999999964, 12.68980200000059710 ) ) ;
#2124 = PLANE ( 'NONE',  #981 ) ;
#2125 = VECTOR ( 'NONE', #444, 1000.000000000000000 ) ;
#2126 = AXIS2_PLACEMENT_3D ( 'NONE', #819, #2054, #631 ) ;
#2127 = VERTEX_POINT ( 'NONE', #1343 ) ;
#2128 = EDGE_CURVE ( 'NONE', #1379, #1346, #2450, .T. ) ;
#2129 = CARTESIAN_POINT ( 'NONE',  ( -44.92893218813450318, -44.92893218813430423, -1.510197999999400187 ) ) ;
#2130 = ORIENTED_EDGE ( 'NONE', *, *, #2275, .T. ) ;
#2131 = LINE ( 'NONE', #1952, #739 ) ;
#2132 = CARTESIAN_POINT ( 'NONE',  ( -54.92893218813453160, 44.92893218813472345, 12.18980200000059888 ) ) ;
#2133 = ORIENTED_EDGE ( 'NONE', *, *, #2137, .F. ) ;
#2134 = LINE ( 'NONE', #529, #2340 ) ;
#2135 = CARTESIAN_POINT ( 'NONE',  ( -2.270000000000000906, 14.51999999999999957, 13.98269521881404920 ) ) ;
#2136 = DIRECTION ( 'NONE',  ( -1.000000000000000000, 0.000000000000000000, 0.000000000000000000 ) ) ;
#2137 = EDGE_CURVE ( 'NONE', #2316, #2555, #543, .T. ) ;
#2138 = AXIS2_PLACEMENT_3D ( 'NONE', #530, #2208, #1615 ) ;
#2139 = DIRECTION ( 'NONE',  ( 0.000000000000000000, 0.000000000000000000, -1.000000000000000000 ) ) ;
#2140 = AXIS2_PLACEMENT_3D ( 'NONE', #1675, #2469, #1476 ) ;
#2141 = ORIENTED_EDGE ( 'NONE', *, *, #1405, .T. ) ;
#2142 = ADVANCED_FACE ( 'NONE', ( #900 ), #123, .F. ) ;
#2143 = EDGE_CURVE ( 'NONE', #2541, #783, #702, .T. ) ;
#2144 = ORIENTED_EDGE ( 'NONE', *, *, #1044, .T. ) ;
#2145 = CARTESIAN_POINT ( 'NONE',  ( 42.64999999999999858, 44.99999999999978684, 8.189802000000597104 ) ) ;
#2146 = PERSON_AND_ORGANIZATION ( #115, #2327 ) ;
#2147 = AXIS2_PLACEMENT_3D ( 'NONE', #133, #492, #77 ) ;
#2148 = VERTEX_POINT ( 'NONE', #1506 ) ;
#2149 = CARTESIAN_POINT ( 'NONE',  ( 29.60099999999876275, -54.92993218813430190, 3.534999999999978382 ) ) ;
#2150 = LINE ( 'NONE', #1145, #457 ) ;
#2151 = DIRECTION ( 'NONE',  ( 0.000000000000000000, 0.000000000000000000, -1.000000000000000000 ) ) ;
#2152 = FACE_OUTER_BOUND ( 'NONE', #1696, .T. ) ;
#2153 = EDGE_LOOP ( 'NONE', ( #322, #1223, #1679, #84 ) ) ;
#2154 = AXIS2_PLACEMENT_3D ( 'NONE', #914, #1769, #717 ) ;
#2155 = ORIENTED_EDGE ( 'NONE', *, *, #1490, .T. ) ;
#2156 = EDGE_CURVE ( 'NONE', #1381, #498, #2287, .T. ) ;
#2157 = AXIS2_PLACEMENT_3D ( 'NONE', #552, #955, #1386 ) ;
#2158 = LINE ( 'NONE', #774, #2250 ) ;
#2159 = APPROVAL_DATE_TIME ( #975, #818 ) ;
#2160 = ORIENTED_EDGE ( 'NONE', *, *, #2175, .T. ) ;
#2161 = EDGE_CURVE ( 'NONE', #26, #2100, #983, .T. ) ;
#2162 = PLANE ( 'NONE',  #1527 ) ;
#2163 = DIRECTION ( 'NONE',  ( 0.000000000000000000, -1.000000000000000000, 0.000000000000000000 ) ) ;
#2164 = CARTESIAN_POINT ( 'NONE',  ( 23.16099999999876502, 50.19999999999999574, 7.144999999999977369 ) ) ;
#2165 = ORIENTED_EDGE ( 'NONE', *, *, #1232, .T. ) ;
#2166 = AXIS2_PLACEMENT_3D ( 'NONE', #1242, #1255, #2232 ) ;
#2167 = EDGE_LOOP ( 'NONE', ( #2375, #1269 ) ) ;
#2168 = AXIS2_PLACEMENT_3D ( 'NONE', #6, #1022, #171 ) ;
#2169 = ORIENTED_EDGE ( 'NONE', *, *, #305, .T. ) ;
#2170 = ADVANCED_FACE ( 'NONE', ( #1146 ), #890, .T. ) ;
#2171 = CARTESIAN_POINT ( 'NONE',  ( 54.92893218813455292, -44.92893218813430423, -1.510197999999400187 ) ) ;
#2172 = PERSON_AND_ORGANIZATION ( #115, #2327 ) ;
#2173 = ORIENTED_EDGE ( 'NONE', *, *, #286, .F. ) ;
#2174 = ORIENTED_EDGE ( 'NONE', *, *, #1588, .F. ) ;
#2175 = EDGE_CURVE ( 'NONE', #59, #2256, #2491, .T. ) ;
#2176 = DIRECTION ( 'NONE',  ( -0.000000000000000000, -0.000000000000000000, -1.000000000000000000 ) ) ;
#2177 = DIRECTION ( 'NONE',  ( -0.000000000000000000, -0.000000000000000000, 1.000000000000000000 ) ) ;
#2178 = DIRECTION ( 'NONE',  ( 1.000000000000000000, 0.000000000000000000, 0.000000000000000000 ) ) ;
#2179 = ORIENTED_EDGE ( 'NONE', *, *, #1213, .T. ) ;
#2180 = VECTOR ( 'NONE', #1898, 1000.000000000000000 ) ;
#2181 = ORIENTED_EDGE ( 'NONE', *, *, #2246, .F. ) ;
#2182 = CLOSED_SHELL ( 'NONE', ( #1601, #1806, #729, #2079, #831, #110, #970, #547, #1323, #1810, #1816, #1890, #198, #2220, #2542, #670, #2363, #334, #2550, #745, #470, #789, #2604, #817, #863, #2520, #2040, #2424, #1980, #472, #556, #368, #201, #2353, #386, #1423, #590, #1628, #1538, #399, #1798, #1717, #2445, #2170, #1768, #2248, #1864, #2331, #76, #1821, #2559, #2411, #1617, #1142, #2521, #135, #1949, #379, #1996, #2348, #804, #1200, #1878, #2437, #928, #487, #579, #680, #956, #2142, #96, #2454, #1880, #1795, #1083, #502, #143, #484, #1575, #1987, #879, #937, #62, #603, #1689, #663, #1416 ) ) ;
#2183 = CARTESIAN_POINT ( 'NONE',  ( -24.92000000000000171, 39.33499999999999375, -1.510197999999400631 ) ) ;
#2184 = DIRECTION ( 'NONE',  ( 1.000000000000000000, 0.000000000000000000, 0.000000000000000000 ) ) ;
#2185 = VERTEX_POINT ( 'NONE', #942 ) ;
#2186 = CIRCLE ( 'NONE', #754, 10.00000000000000178 ) ;
#2187 = AXIS2_PLACEMENT_3D ( 'NONE', #2225, #423, #1229 ) ;
#2188 = ORIENTED_EDGE ( 'NONE', *, *, #305, .F. ) ;
#2189 = LINE ( 'NONE', #2582, #1648 ) ;
#2190 = CARTESIAN_POINT ( 'NONE',  ( -49.92893218813451028, -44.92893218813430423, 14.18980200000059888 ) ) ;
#2191 = VECTOR ( 'NONE', #381, 1000.000000000000000 ) ;
#2192 = PLANE ( 'NONE',  #1021 ) ;
#2193 = VERTEX_POINT ( 'NONE', #2548 ) ;
#2194 = ORIENTED_EDGE ( 'NONE', *, *, #2000, .T. ) ;
#2195 = FACE_OUTER_BOUND ( 'NONE', #2300, .T. ) ;
#2196 = DIRECTION ( 'NONE',  ( -0.000000000000000000, -0.000000000000000000, -1.000000000000000000 ) ) ;
#2197 = CARTESIAN_POINT ( 'NONE',  ( 21.71099999999876573, 50.19999999999999574, 4.984999999999979003 ) ) ;
#2198 = AXIS2_PLACEMENT_3D ( 'NONE', #1012, #24, #393 ) ;
#2199 = PERSON_AND_ORGANIZATION_ROLE ( 'classification_officer' ) ;
#2200 = VERTEX_POINT ( 'NONE', #2110 ) ;
#2201 = EDGE_LOOP ( 'NONE', ( #2077, #1439, #2032, #972 ) ) ;
#2202 = VECTOR ( 'NONE', #1234, 1000.000000000000000 ) ;
#2203 = DIRECTION ( 'NONE',  ( 1.000000000000000000, 0.000000000000000000, -0.000000000000000000 ) ) ;
#2204 = CARTESIAN_POINT ( 'NONE',  ( -50.20000000000000284, 50.19999999999998863, 12.18980200000059888 ) ) ;
#2205 = EDGE_CURVE ( 'NONE', #1391, #2200, #1755, .T. ) ;
#2206 = DIRECTION ( 'NONE',  ( -0.000000000000000000, -0.000000000000000000, 1.000000000000000000 ) ) ;
#2207 = ORIENTED_EDGE ( 'NONE', *, *, #1276, .F. ) ;
#2208 = DIRECTION ( 'NONE',  ( -0.000000000000000000, 1.000000000000000000, -0.000000000000000000 ) ) ;
#2209 = LINE ( 'NONE', #1202, #2125 ) ;
#2210 = ORIENTED_EDGE ( 'NONE', *, *, #297, .T. ) ;
#2211 = EDGE_LOOP ( 'NONE', ( #100, #693, #1456, #704 ) ) ;
#2212 = DIRECTION ( 'NONE',  ( 1.000000000000000000, 0.000000000000000000, 0.000000000000000000 ) ) ;
#2213 = FACE_BOUND ( 'NONE', #362, .T. ) ;
#2214 = AXIS2_PLACEMENT_3D ( 'NONE', #1312, #2284, #2055 ) ;
#2215 = CARTESIAN_POINT ( 'NONE',  ( 50.20000000000000284, 50.19999999999998863, 12.18980200000059888 ) ) ;
#2216 = CARTESIAN_POINT ( 'NONE',  ( 36.44034900000000476, 54.92893218813473766, 2.839802000000598348 ) ) ;
#2217 = EDGE_CURVE ( 'NONE', #2193, #1859, #2351, .T. ) ;
#2218 = DIRECTION ( 'NONE',  ( -9.227252531791526626E-17, 1.000000000000000000, 0.000000000000000000 ) ) ;
#2219 = EDGE_LOOP ( 'NONE', ( #2060, #2504, #566, #2592 ) ) ;
#2220 = ADVANCED_FACE ( 'NONE', ( #1920 ), #1116, .F. ) ;
#2221 = PLANE ( 'NONE',  #2533 ) ;
#2222 = DIRECTION ( 'NONE',  ( -1.000000000000000000, -1.544415494864520368E-16, -0.000000000000000000 ) ) ;
#2223 = ORIENTED_EDGE ( 'NONE', *, *, #886, .T. ) ;
#2224 = AXIS2_PLACEMENT_3D ( 'NONE', #1595, #2360, #541 ) ;
#2225 = CARTESIAN_POINT ( 'NONE',  ( -49.92893218813451028, -44.92893218813430423, 9.189802000000597104 ) ) ;
#2226 = DIRECTION ( 'NONE',  ( -9.227252531791526626E-17, 1.000000000000000000, 0.000000000000000000 ) ) ;
#2227 = CARTESIAN_POINT ( 'NONE',  ( -36.72999999999999687, 28.48000000000000043, 13.68980200000059710 ) ) ;
#2228 = LINE ( 'NONE', #2215, #148 ) ;
#2229 = LINE ( 'NONE', #426, #2202 ) ;
#2230 = VERTEX_POINT ( 'NONE', #1729 ) ;
#2231 = CARTESIAN_POINT ( 'NONE',  ( 0.000000000000000000, 27.98000000000000043, 13.68980200000059710 ) ) ;
#2232 = DIRECTION ( 'NONE',  ( 1.000000000000000000, 0.000000000000000000, 0.000000000000000000 ) ) ;
#2233 = EDGE_LOOP ( 'NONE', ( #1541, #1937, #2573, #1167 ) ) ;
#2234 = CARTESIAN_POINT ( 'NONE',  ( 21.71099999999876573, -54.92993218813430190, 5.694999999999987850 ) ) ;
#2235 = EDGE_CURVE ( 'NONE', #389, #1802, #1749, .T. ) ;
#2236 = CIRCLE ( 'NONE', #2323, 2.349999999999997868 ) ;
#2237 = FACE_BOUND ( 'NONE', #733, .T. ) ;
#2238 = FACE_OUTER_BOUND ( 'NONE', #1599, .T. ) ;
#2239 = LOCAL_TIME ( 22, 30, 7.000000000000000000, #1571 ) ;
#2240 = CARTESIAN_POINT ( 'NONE',  ( -38.48999999999999488, -44.92893218813430423, 12.18980200000059888 ) ) ;
#2241 = DIRECTION ( 'NONE',  ( 0.6558138096005761142, 0.7549226762637212262, -0.000000000000000000 ) ) ;
#2242 = EDGE_LOOP ( 'NONE', ( #1512, #2506 ) ) ;
#2243 = DIRECTION ( 'NONE',  ( 0.000000000000000000, 0.000000000000000000, 1.000000000000000000 ) ) ;
#2244 = FACE_OUTER_BOUND ( 'NONE', #2298, .T. ) ;
#2245 = ORIENTED_EDGE ( 'NONE', *, *, #78, .T. ) ;
#2246 = EDGE_CURVE ( 'NONE', #1217, #500, #2408, .T. ) ;
#2247 = FACE_OUTER_BOUND ( 'NONE', #585, .T. ) ;
#2248 = ADVANCED_FACE ( 'NONE', ( #1820 ), #1158, .T. ) ;
#2249 = DIRECTION ( 'NONE',  ( 1.000000000000000000, 0.000000000000000000, 0.000000000000000000 ) ) ;
#2250 = VECTOR ( 'NONE', #1164, 1000.000000000000000 ) ;
#2251 = DIRECTION ( 'NONE',  ( 1.000000000000000000, 9.227252531791526626E-17, 0.000000000000000000 ) ) ;
#2252 = EDGE_CURVE ( 'NONE', #1374, #738, #3, .T. ) ;
#2253 = LINE ( 'NONE', #2452, #609 ) ;
#2254 = CARTESIAN_POINT ( 'NONE',  ( -44.92893218813450318, -49.92893218813431133, 14.18980200000059888 ) ) ;
#2255 = DIRECTION ( 'NONE',  ( 0.000000000000000000, 0.000000000000000000, 1.000000000000000000 ) ) ;
#2256 = VERTEX_POINT ( 'NONE', #197 ) ;
#2257 = EDGE_CURVE ( 'NONE', #1453, #1317, #1979, .T. ) ;
#2258 = ORIENTED_EDGE ( 'NONE', *, *, #657, .T. ) ;
#2259 = ORIENTED_EDGE ( 'NONE', *, *, #1263, .T. ) ;
#2260 = DIRECTION ( 'NONE',  ( -1.000000000000000000, 0.000000000000000000, 0.000000000000000000 ) ) ;
#2261 = CYLINDRICAL_SURFACE ( 'NONE', #2574, 0.5000000000000004441 ) ;
#2262 = EDGE_LOOP ( 'NONE', ( #2587, #1136 ) ) ;
#2263 = VECTOR ( 'NONE', #204, 1000.000000000000000 ) ;
#2264 = EDGE_CURVE ( 'NONE', #939, #1374, #808, .T. ) ;
#2265 = CARTESIAN_POINT ( 'NONE',  ( 44.92893218813451739, 44.92893218813473766, -1.510197999999400187 ) ) ;
#2266 = DIRECTION ( 'NONE',  ( 0.000000000000000000, 0.000000000000000000, -1.000000000000000000 ) ) ;
#2267 = AXIS2_PLACEMENT_3D ( 'NONE', #2589, #1354, #2121 ) ;
#2268 = VECTOR ( 'NONE', #889, 1000.000000000000000 ) ;
#2269 = PLANE ( 'NONE',  #1842 ) ;
#2270 = CYLINDRICAL_SURFACE ( 'NONE', #2051, 0.5000000000000004441 ) ;
#2271 = DIRECTION ( 'NONE',  ( -1.000000000000000000, 0.000000000000000000, 0.000000000000000000 ) ) ;
#2272 = EDGE_CURVE ( 'NONE', #26, #882, #1584, .T. ) ;
#2273 = VERTEX_POINT ( 'NONE', #2597 ) ;
#2274 = AXIS2_PLACEMENT_3D ( 'NONE', #28, #413, #236 ) ;
#2275 = EDGE_CURVE ( 'NONE', #2425, #536, #1957, .T. ) ;
#2276 = ORIENTED_EDGE ( 'NONE', *, *, #921, .F. ) ;
#2277 = CYLINDRICAL_SURFACE ( 'NONE', #1004, 0.5000000000000004441 ) ;
#2278 = ORIENTED_EDGE ( 'NONE', *, *, #1437, .F. ) ;
#2279 = DIRECTION ( 'NONE',  ( 0.000000000000000000, 1.000000000000000000, 0.000000000000000000 ) ) ;
#2280 = CARTESIAN_POINT ( 'NONE',  ( -45.00000000000000000, -44.99999999999980105, 8.189802000000597104 ) ) ;
#2281 = DIRECTION ( 'NONE',  ( -0.000000000000000000, 0.000000000000000000, -1.000000000000000000 ) ) ;
#2282 = CARTESIAN_POINT ( 'NONE',  ( 23.16099999999876147, -54.92993218813430190, 3.534999999999978382 ) ) ;
#2283 = DIRECTION ( 'NONE',  ( 1.000000000000000000, 0.000000000000000000, 0.000000000000000000 ) ) ;
#2284 = DIRECTION ( 'NONE',  ( -0.000000000000000000, 1.000000000000000000, -0.000000000000000000 ) ) ;
#2285 = DIRECTION ( 'NONE',  ( -0.000000000000000000, 0.000000000000000000, -1.000000000000000000 ) ) ;
#2286 = EDGE_CURVE ( 'NONE', #939, #128, #964, .T. ) ;
#2287 = CIRCLE ( 'NONE', #1501, 10.00000000000001599 ) ;
#2288 = EDGE_LOOP ( 'NONE', ( #1889, #1001, #1839, #476 ) ) ;
#2289 = VERTEX_POINT ( 'NONE', #147 ) ;
#2290 = ORIENTED_EDGE ( 'NONE', *, *, #1525, .T. ) ;
#2291 = DIRECTION ( 'NONE',  ( -0.000000000000000000, -0.000000000000000000, -1.000000000000000000 ) ) ;
#2292 = DIRECTION ( 'NONE',  ( -0.000000000000000000, -0.000000000000000000, 1.000000000000000000 ) ) ;
#2293 = CARTESIAN_POINT ( 'NONE',  ( 19.94034900000000476, 50.89999999999999858, 2.839802000000598348 ) ) ;
#2294 = CARTESIAN_POINT ( 'NONE',  ( 40.99999999999999289, -45.00000000000020606, 12.18980200000059888 ) ) ;
#2295 = DIRECTION ( 'NONE',  ( -1.000000000000000000, 0.000000000000000000, 0.000000000000000000 ) ) ;
#2296 = DIRECTION ( 'NONE',  ( 0.000000000000000000, 0.000000000000000000, 1.000000000000000000 ) ) ;
#2297 = DIRECTION ( 'NONE',  ( 1.000000000000000000, 0.000000000000000000, 0.000000000000000000 ) ) ;
#2298 = EDGE_LOOP ( 'NONE', ( #868, #2564, #358, #160 ) ) ;
#2299 = EDGE_LOOP ( 'NONE', ( #2310, #221, #1293, #1846 ) ) ;
#2300 = EDGE_LOOP ( 'NONE', ( #1238, #510 ) ) ;
#2301 = CARTESIAN_POINT ( 'NONE',  ( -38.48999999999999488, -44.82500000000000284, 14.18980200000059888 ) ) ;
#2302 = CARTESIAN_POINT ( 'NONE',  ( -32.92000000000000171, 39.33499999999999375, -1.510197999999400631 ) ) ;
#2303 = CARTESIAN_POINT ( 'NONE',  ( -50.20000000000000284, -50.20000000000001705, 12.18980200000059888 ) ) ;
#2304 = LINE ( 'NONE', #263, #2268 ) ;
#2305 = DIRECTION ( 'NONE',  ( -1.000000000000000000, 0.000000000000000000, 0.000000000000000000 ) ) ;
#2306 = DIRECTION ( 'NONE',  ( 1.000000000000000000, -0.000000000000000000, -0.000000000000000000 ) ) ;
#2307 = DIRECTION ( 'NONE',  ( 4.970554372426380424E-16, -1.000000000000000000, 0.000000000000000000 ) ) ;
#2308 = AXIS2_PLACEMENT_3D ( 'NONE', #1944, #1491, #2489 ) ;
#2309 = VECTOR ( 'NONE', #2430, 1000.000000000000000 ) ;
#2310 = ORIENTED_EDGE ( 'NONE', *, *, #1782, .F. ) ;
#2311 = LINE ( 'NONE', #1120, #461 ) ;
#2312 = ORIENTED_EDGE ( 'NONE', *, *, #2595, .T. ) ;
#2313 = VECTOR ( 'NONE', #1995, 1000.000000000000000 ) ;
#2314 = CARTESIAN_POINT ( 'NONE',  ( 44.92893218813451739, 44.92893218813473766, 14.18980200000059888 ) ) ;
#2315 = PLANE ( 'NONE',  #1486 ) ;
#2316 = VERTEX_POINT ( 'NONE', #342 ) ;
#2317 = CARTESIAN_POINT ( 'NONE',  ( -44.92893218813451028, 49.92893218813473766, 14.18980200000059888 ) ) ;
#2318 = CARTESIAN_POINT ( 'NONE',  ( -4.650000000000000355, 15.84999999999999964, -1.510197999999400631 ) ) ;
#2319 = CARTESIAN_POINT ( 'NONE',  ( -28.92000000000000171, 39.33499999999999375, 12.18980200000059888 ) ) ;
#2320 = AXIS2_PLACEMENT_3D ( 'NONE', #2282, #1091, #1895 ) ;
#2321 = EDGE_CURVE ( 'NONE', #1586, #208, #1835, .T. ) ;
#2322 = CARTESIAN_POINT ( 'NONE',  ( 23.16099999999876502, -54.92993218813430190, 4.984999999999979003 ) ) ;
#2323 = AXIS2_PLACEMENT_3D ( 'NONE', #509, #2139, #1268 ) ;
#2324 = CARTESIAN_POINT ( 'NONE',  ( 42.64999999999999147, -45.00000000000020606, 8.189802000000597104 ) ) ;
#2325 = VECTOR ( 'NONE', #2031, 1000.000000000000000 ) ;
#2326 = ORIENTED_EDGE ( 'NONE', *, *, #2275, .F. ) ;
#2327 = ORGANIZATION ( 'UNSPECIFIED', 'UNSPECIFIED', '' ) ;
#2328 = EDGE_LOOP ( 'NONE', ( #1845, #1383, #599, #638 ) ) ;
#2329 = FACE_OUTER_BOUND ( 'NONE', #959, .T. ) ;
#2330 = PLANE ( 'NONE',  #1147 ) ;
#2331 = ADVANCED_FACE ( 'NONE', ( #1376 ), #398, .T. ) ;
#2332 = EDGE_CURVE ( 'NONE', #587, #2127, #1056, .T. ) ;
#2333 = ORIENTED_EDGE ( 'NONE', *, *, #574, .T. ) ;
#2334 = DIRECTION ( 'NONE',  ( 0.000000000000000000, 0.000000000000000000, 1.000000000000000000 ) ) ;
#2335 = DIRECTION ( 'NONE',  ( 0.000000000000000000, 0.000000000000000000, -1.000000000000000000 ) ) ;
#2336 = LINE ( 'NONE', #1094, #1072 ) ;
#2337 = EDGE_CURVE ( 'NONE', #2093, #229, #2561, .T. ) ;
#2338 = EDGE_CURVE ( 'NONE', #2428, #1828, #1596, .T. ) ;
#2339 = DIRECTION ( 'NONE',  ( 1.000000000000000000, 4.970554372426383382E-16, 0.000000000000000000 ) ) ;
#2340 = VECTOR ( 'NONE', #1341, 1000.000000000000000 ) ;
#2341 = VERTEX_POINT ( 'NONE', #1621 ) ;
#2342 = ORIENTED_EDGE ( 'NONE', *, *, #1594, .T. ) ;
#2343 = EDGE_CURVE ( 'NONE', #511, #2148, #2010, .T. ) ;
#2344 = ORIENTED_EDGE ( 'NONE', *, *, #1031, .F. ) ;
#2345 = CARTESIAN_POINT ( 'NONE',  ( -44.92893218813450318, 15.85000000000000320, 12.18980200000059888 ) ) ;
#2346 = CALENDAR_DATE ( 2026, 4, 1 ) ;
#2347 = ORIENTED_EDGE ( 'NONE', *, *, #1941, .F. ) ;
#2348 = ADVANCED_FACE ( 'NONE', ( #1778 ), #1613, .T. ) ;
#2349 = DIRECTION ( 'NONE',  ( -0.000000000000000000, -0.000000000000000000, -1.000000000000000000 ) ) ;
#2350 = CARTESIAN_POINT ( 'NONE',  ( -36.72999999999999687, 28.48000000000000043, 13.68980200000059710 ) ) ;
#2351 = LINE ( 'NONE', #303, #1873 ) ;
#2352 = DIRECTION ( 'NONE',  ( -5.034020533885111146E-17, 1.000000000000000000, 0.000000000000000000 ) ) ;
#2353 = ADVANCED_FACE ( 'NONE', ( #1003, #753 ), #182, .T. ) ;
#2354 = VERTEX_POINT ( 'NONE', #2361 ) ;
#2355 = EDGE_LOOP ( 'NONE', ( #1239, #2033, #1747, #188 ) ) ;
#2356 = EDGE_CURVE ( 'NONE', #253, #882, #1652, .T. ) ;
#2357 = LINE ( 'NONE', #1370, #2006 ) ;
#2358 = SHAPE_DEFINITION_REPRESENTATION ( #409, #966 ) ;
#2359 = ORIENTED_EDGE ( 'NONE', *, *, #1530, .T. ) ;
#2360 = DIRECTION ( 'NONE',  ( -1.000000000000000000, 0.000000000000000000, -0.000000000000000000 ) ) ;
#2361 = CARTESIAN_POINT ( 'NONE',  ( -36.22999999999998977, 15.01999999999999957, 13.18980200000059710 ) ) ;
#2362 = CARTESIAN_POINT ( 'NONE',  ( -1.769999999999999796, 28.48000000000000043, 13.68980200000059710 ) ) ;
#2363 = ADVANCED_FACE ( 'NONE', ( #2039 ), #1461, .T. ) ;
#2364 = ORIENTED_EDGE ( 'NONE', *, *, #1522, .T. ) ;
#2365 = AXIS2_PLACEMENT_3D ( 'NONE', #1623, #605, #416 ) ;
#2366 = DIRECTION ( 'NONE',  ( 1.000000000000000000, 0.000000000000000000, -0.000000000000000000 ) ) ;
#2367 =( NAMED_UNIT ( * ) SI_UNIT ( $, .STERADIAN. ) SOLID_ANGLE_UNIT ( ) );
#2368 = ORIENTED_EDGE ( 'NONE', *, *, #418, .F. ) ;
#2369 = VERTEX_POINT ( 'NONE', #1866 ) ;
#2370 = CARTESIAN_POINT ( 'NONE',  ( -2.270000000000001350, 28.98000000000000398, 14.18980200000059888 ) ) ;
#2371 = CARTESIAN_POINT ( 'NONE',  ( -4.150000000000001243, 27.14999999999999858, 12.68980200000059710 ) ) ;
#2372 = DIRECTION ( 'NONE',  ( 0.000000000000000000, 0.000000000000000000, 1.000000000000000000 ) ) ;
#2373 = ORIENTED_EDGE ( 'NONE', *, *, #2252, .T. ) ;
#2374 = AXIS2_PLACEMENT_3D ( 'NONE', #1529, #1685, #1322 ) ;
#2375 = ORIENTED_EDGE ( 'NONE', *, *, #2058, .F. ) ;
#2376 = CARTESIAN_POINT ( 'NONE',  ( -38.48999999999998778, 13.17499999999999183, 12.18980200000059888 ) ) ;
#2377 = PERSON_AND_ORGANIZATION_ROLE ( 'design_supplier' ) ;
#2378 = ORIENTED_EDGE ( 'NONE', *, *, #1163, .T. ) ;
#2379 = ORIENTED_EDGE ( 'NONE', *, *, #1211, .F. ) ;
#2380 = CARTESIAN_POINT ( 'NONE',  ( -38.48999999999998778, 13.17499999999999538, 14.18980200000059888 ) ) ;
#2381 = CARTESIAN_POINT ( 'NONE',  ( 44.92893218813456713, -54.92893218813428291, 12.18980200000059888 ) ) ;
#2382 = FACE_OUTER_BOUND ( 'NONE', #1066, .T. ) ;
#2383 = DIRECTION ( 'NONE',  ( -1.000000000000000000, 0.000000000000000000, -0.000000000000000000 ) ) ;
#2384 = ORIENTED_EDGE ( 'NONE', *, *, #2128, .T. ) ;
#2385 = VECTOR ( 'NONE', #1602, 1000.000000000000000 ) ;
#2386 = VECTOR ( 'NONE', #1463, 1000.000000000000000 ) ;
#2387 = ORIENTED_EDGE ( 'NONE', *, *, #299, .T. ) ;
#2388 = PLANE ( 'NONE',  #2443 ) ;
#2389 = CARTESIAN_POINT ( 'NONE',  ( -44.92893218813450318, 48.73499999999999943, 12.18980200000059888 ) ) ;
#2390 = DIRECTION ( 'NONE',  ( -1.000000000000000000, 0.000000000000000000, 0.000000000000000000 ) ) ;
#2391 = CALENDAR_DATE ( 2026, 4, 1 ) ;
#2392 = VERTEX_POINT ( 'NONE', #2431 ) ;
#2393 = VERTEX_POINT ( 'NONE', #247 ) ;
#2394 = DIRECTION ( 'NONE',  ( -0.000000000000000000, -1.000000000000000000, 0.000000000000000000 ) ) ;
#2395 = DIRECTION ( 'NONE',  ( -0.000000000000000000, -0.000000000000000000, -1.000000000000000000 ) ) ;
#2396 = AXIS2_PLACEMENT_3D ( 'NONE', #1030, #2419, #447 ) ;
#2397 = CYLINDRICAL_SURFACE ( 'NONE', #894, 4.999999999999997335 ) ;
#2398 = EDGE_CURVE ( 'NONE', #854, #1708, #1430, .T. ) ;
#2399 = CARTESIAN_POINT ( 'NONE',  ( 44.99999999999999289, -45.00000000000020606, 8.189802000000597104 ) ) ;
#2400 = ORIENTED_EDGE ( 'NONE', *, *, #2286, .T. ) ;
#2401 = AXIS2_PLACEMENT_3D ( 'NONE', #1507, #2297, #1182 ) ;
#2402 = CYLINDRICAL_SURFACE ( 'NONE', #1005, 10.00000000000000178 ) ;
#2403 = DIRECTION ( 'NONE',  ( 1.000000000000000000, 1.544415494864520368E-16, 0.000000000000000000 ) ) ;
#2404 = VERTEX_POINT ( 'NONE', #1247 ) ;
#2405 = ORIENTED_EDGE ( 'NONE', *, *, #2398, .T. ) ;
#2406 = VECTOR ( 'NONE', #1400, 1000.000000000000000 ) ;
#2407 = DIRECTION ( 'NONE',  ( 0.000000000000000000, 0.000000000000000000, 1.000000000000000000 ) ) ;
#2408 = LINE ( 'NONE', #2381, #1993 ) ;
#2409 = EDGE_CURVE ( 'NONE', #1917, #1358, #859, .T. ) ;
#2410 = FACE_OUTER_BOUND ( 'NONE', #486, .T. ) ;
#2411 = ADVANCED_FACE ( 'NONE', ( #629 ), #15, .F. ) ;
#2412 = EDGE_LOOP ( 'NONE', ( #37, #1809, #572, #1850 ) ) ;
#2413 = CARTESIAN_POINT ( 'NONE',  ( 49.00000000000000000, 44.99999999999978684, 8.189802000000597104 ) ) ;
#2414 = CARTESIAN_POINT ( 'NONE',  ( -45.00000000000000000, -44.99999999999980105, 8.189802000000597104 ) ) ;
#2415 = CIRCLE ( 'NONE', #2086, 4.000000000000003553 ) ;
#2416 = EDGE_LOOP ( 'NONE', ( #731, #1587, #2089, #282, #1190, #460, #922, #682 ) ) ;
#2417 = CIRCLE ( 'NONE', #2166, 5.000000000000018652 ) ;
#2418 = CYLINDRICAL_SURFACE ( 'NONE', #1528, 4.000000000000000000 ) ;
#2419 = DIRECTION ( 'NONE',  ( 0.000000000000000000, 0.000000000000000000, 1.000000000000000000 ) ) ;
#2420 = VECTOR ( 'NONE', #466, 1000.000000000000000 ) ;
#2421 = LINE ( 'NONE', #861, #2466 ) ;
#2422 = CARTESIAN_POINT ( 'NONE',  ( 44.99999999999999289, -45.00000000000020606, 12.18980200000059888 ) ) ;
#2423 = ORIENTED_EDGE ( 'NONE', *, *, #387, .T. ) ;
#2424 = ADVANCED_FACE ( 'NONE', ( #67, #1658, #2213, #424, #225, #2448, #2237, #656, #1075 ), #2050, .F. ) ;
#2425 = VERTEX_POINT ( 'NONE', #1841 ) ;
#2426 = FACE_OUTER_BOUND ( 'NONE', #1912, .T. ) ;
#2427 = LINE ( 'NONE', #1458, #315 ) ;
#2428 = VERTEX_POINT ( 'NONE', #1258 ) ;
#2429 = VECTOR ( 'NONE', #923, 1000.000000000000000 ) ;
#2430 = DIRECTION ( 'NONE',  ( -1.000000000000000000, -5.034020533885106216E-17, 0.000000000000000000 ) ) ;
#2431 = CARTESIAN_POINT ( 'NONE',  ( -42.64999999999999858, 44.99999999999980105, 8.189802000000597104 ) ) ;
#2432 = CIRCLE ( 'NONE', #161, 4.999999999999984013 ) ;
#2433 = DIRECTION ( 'NONE',  ( 1.000000000000000000, 0.000000000000000000, 0.000000000000000000 ) ) ;
#2434 = DIRECTION ( 'NONE',  ( 1.000000000000000000, 0.000000000000000000, 0.000000000000000000 ) ) ;
#2435 = CARTESIAN_POINT ( 'NONE',  ( 50.20000000000000284, -50.20000000000001705, 12.18980200000059888 ) ) ;
#2436 = ORIENTED_EDGE ( 'NONE', *, *, #2064, .T. ) ;
#2437 = ADVANCED_FACE ( 'NONE', ( #436 ), #1448, .F. ) ;
#2438 = EDGE_CURVE ( 'NONE', #2354, #2554, #1219, .T. ) ;
#2439 = ORIENTED_EDGE ( 'NONE', *, *, #113, .F. ) ;
#2440 = FACE_OUTER_BOUND ( 'NONE', #1068, .T. ) ;
#2441 = LINE ( 'NONE', #1442, #917 ) ;
#2442 = PLANE ( 'NONE',  #649 ) ;
#2443 = AXIS2_PLACEMENT_3D ( 'NONE', #1392, #996, #1303 ) ;
#2444 = ORIENTED_EDGE ( 'NONE', *, *, #2128, .F. ) ;
#2445 = ADVANCED_FACE ( 'NONE', ( #1017 ), #1474, .T. ) ;
#2446 = AXIS2_PLACEMENT_3D ( 'NONE', #766, #400, #2584 ) ;
#2447 = CARTESIAN_POINT ( 'NONE',  ( 19.94034900000000476, 50.89999999999999858, 2.839802000000598348 ) ) ;
#2448 = FACE_BOUND ( 'NONE', #2262, .T. ) ;
#2449 = CARTESIAN_POINT ( 'NONE',  ( 44.99999999999999289, -45.00000000000020606, 8.189802000000597104 ) ) ;
#2450 = CIRCLE ( 'NONE', #1110, 4.000000000000003553 ) ;
#2451 = CC_DESIGN_APPROVAL ( #2523, ( #1131 ) ) ;
#2452 = CARTESIAN_POINT ( 'NONE',  ( 31.05099999999876204, 50.19999999999999574, 4.984999999999979003 ) ) ;
#2453 = CARTESIAN_POINT ( 'NONE',  ( 32.94034899999999766, 50.89999999999999858, 7.839802000000598348 ) ) ;
#2454 = ADVANCED_FACE ( 'NONE', ( #842, #2465 ), #1883, .T. ) ;
#2455 = LINE ( 'NONE', #1452, #1789 ) ;
#2456 = ORIENTED_EDGE ( 'NONE', *, *, #1357, .F. ) ;
#2457 = EDGE_CURVE ( 'NONE', #587, #73, #1271, .T. ) ;
#2458 = ORIENTED_EDGE ( 'NONE', *, *, #2467, .T. ) ;
#2459 = CARTESIAN_POINT ( 'NONE',  ( -44.92893218813451028, 54.92893218813473766, 12.18980200000059888 ) ) ;
#2460 = CARTESIAN_POINT ( 'NONE',  ( 47.34999999999998721, -45.00000000000020606, 12.18980200000059888 ) ) ;
#2461 = EDGE_LOOP ( 'NONE', ( #2384, #810 ) ) ;
#2462 = DIRECTION ( 'NONE',  ( -1.000000000000000000, 0.000000000000000000, -0.000000000000000000 ) ) ;
#2463 = DIRECTION ( 'NONE',  ( -3.088830989729041722E-16, 1.000000000000000000, 0.000000000000000000 ) ) ;
#2464 = CIRCLE ( 'NONE', #186, 4.000000000000003553 ) ;
#2465 = FACE_BOUND ( 'NONE', #401, .T. ) ;
#2466 = VECTOR ( 'NONE', #1674, 1000.000000000000000 ) ;
#2467 = EDGE_CURVE ( 'NONE', #395, #1391, #1833, .T. ) ;
#2468 = DIRECTION ( 'NONE',  ( -0.000000000000000000, -0.000000000000000000, 1.000000000000000000 ) ) ;
#2469 = DIRECTION ( 'NONE',  ( 0.000000000000000000, 0.000000000000000000, 1.000000000000000000 ) ) ;
#2470 = CARTESIAN_POINT ( 'NONE',  ( -19.15000000000000213, 29.93499999999999872, 14.18980200000059888 ) ) ;
#2471 = ORIENTED_EDGE ( 'NONE', *, *, #1043, .F. ) ;
#2472 = VERTEX_POINT ( 'NONE', #816 ) ;
#2473 = DIRECTION ( 'NONE',  ( -1.000000000000000000, 1.196361017915039486E-16, 0.000000000000000000 ) ) ;
#2474 = ORIENTED_EDGE ( 'NONE', *, *, #933, .T. ) ;
#2475 = VECTOR ( 'NONE', #219, 1000.000000000000000 ) ;
#2476 = DIRECTION ( 'NONE',  ( -0.000000000000000000, 1.000000000000000000, 0.000000000000000000 ) ) ;
#2477 = EDGE_CURVE ( 'NONE', #1688, #1459, #907, .T. ) ;
#2478 = CARTESIAN_POINT ( 'NONE',  ( -45.00000000000000000, 44.99999999999980105, 12.18980200000059888 ) ) ;
#2479 = FACE_OUTER_BOUND ( 'NONE', #524, .T. ) ;
#2480 = DIRECTION ( 'NONE',  ( 1.000000000000000000, 0.000000000000000000, 0.000000000000000000 ) ) ;
#2481 = DIRECTION ( 'NONE',  ( 1.000000000000000000, 0.000000000000000000, -0.000000000000000000 ) ) ;
#2482 = CARTESIAN_POINT ( 'NONE',  ( -0.3499999999999996447, 48.73499999999999943, 12.18980200000059888 ) ) ;
#2483 = ORIENTED_EDGE ( 'NONE', *, *, #1636, .T. ) ;
#2484 = ORIENTED_EDGE ( 'NONE', *, *, #452, .F. ) ;
#2485 = ORIENTED_EDGE ( 'NONE', *, *, #767, .T. ) ;
#2486 = ORIENTED_EDGE ( 'NONE', *, *, #691, .T. ) ;
#2487 = CARTESIAN_POINT ( 'NONE',  ( -40.99999999999999289, -44.99999999999980105, 8.189802000000597104 ) ) ;
#2488 = EDGE_CURVE ( 'NONE', #389, #61, #90, .T. ) ;
#2489 = DIRECTION ( 'NONE',  ( 1.000000000000000000, 0.000000000000000000, 0.000000000000000000 ) ) ;
#2490 = DIRECTION ( 'NONE',  ( 1.000000000000000000, 0.000000000000000000, 0.000000000000000000 ) ) ;
#2491 = LINE ( 'NONE', #1536, #2576 ) ;
#2492 = VECTOR ( 'NONE', #95, 1000.000000000000000 ) ;
#2493 = ORIENTED_EDGE ( 'NONE', *, *, #2332, .T. ) ;
#2494 = EDGE_LOOP ( 'NONE', ( #396, #2076, #1670, #695 ) ) ;
#2495 = EDGE_LOOP ( 'NONE', ( #1497, #719, #1680, #653 ) ) ;
#2496 = ORIENTED_EDGE ( 'NONE', *, *, #271, .T. ) ;
#2497 = DIRECTION ( 'NONE',  ( 1.000000000000000000, 0.000000000000000000, 0.000000000000000000 ) ) ;
#2498 = CARTESIAN_POINT ( 'NONE',  ( -44.92893218813450318, 27.14999999999999503, 12.18980200000059888 ) ) ;
#2499 = AXIS2_PLACEMENT_3D ( 'NONE', #232, #2047, #1631 ) ;
#2500 = FACE_OUTER_BOUND ( 'NONE', #1210, .T. ) ;
#2501 = DIRECTION ( 'NONE',  ( -1.000000000000000000, 0.000000000000000000, 0.000000000000000000 ) ) ;
#2502 = DIRECTION ( 'NONE',  ( 0.000000000000000000, 0.000000000000000000, 1.000000000000000000 ) ) ;
#2503 = CARTESIAN_POINT ( 'NONE',  ( 44.99999999999999289, -45.00000000000020606, 8.189802000000597104 ) ) ;
#2504 = ORIENTED_EDGE ( 'NONE', *, *, #20, .F. ) ;
#2505 = EDGE_CURVE ( 'NONE', #783, #453, #722, .T. ) ;
#2506 = ORIENTED_EDGE ( 'NONE', *, *, #1340, .T. ) ;
#2507 = CARTESIAN_POINT ( 'NONE',  ( -44.92893218813451028, 54.92893218813473766, -1.510197999999400187 ) ) ;
#2508 = CARTESIAN_POINT ( 'NONE',  ( -47.34999999999999432, 44.99999999999980105, 12.18980200000059888 ) ) ;
#2509 = EDGE_CURVE ( 'NONE', #1379, #1752, #686, .T. ) ;
#2510 = CIRCLE ( 'NONE', #240, 5.000000000000000888 ) ;
#2511 = ORIENTED_EDGE ( 'NONE', *, *, #1309, .F. ) ;
#2512 = DIRECTION ( 'NONE',  ( 0.000000000000000000, 1.000000000000000000, -0.000000000000000000 ) ) ;
#2513 = DIRECTION ( 'NONE',  ( -0.000000000000000000, -0.000000000000000000, 1.000000000000000000 ) ) ;
#2514 = DIRECTION ( 'NONE',  ( -1.000000000000000000, -1.544415494864520368E-16, 0.000000000000000000 ) ) ;
#2515 = AXIS2_PLACEMENT_3D ( 'NONE', #122, #2335, #924 ) ;
#2516 = CYLINDRICAL_SURFACE ( 'NONE', #978, 1.449999999999999956 ) ;
#2517 = DIRECTION ( 'NONE',  ( 1.000000000000000000, 0.000000000000000000, 0.000000000000000000 ) ) ;
#2518 = VECTOR ( 'NONE', #2463, 1000.000000000000000 ) ;
#2519 = VERTEX_POINT ( 'NONE', #1503 ) ;
#2520 = ADVANCED_FACE ( 'NONE', ( #2107 ), #1725, .T. ) ;
#2521 = ADVANCED_FACE ( 'NONE', ( #503 ), #2330, .F. ) ;
#2522 = ORIENTED_EDGE ( 'NONE', *, *, #1244, .T. ) ;
#2523 = APPROVAL ( #1362, 'UNSPECIFIED' ) ;
#2524 = EDGE_LOOP ( 'NONE', ( #1901, #1150, #1189, #1950 ) ) ;
#2525 = AXIS2_PLACEMENT_3D ( 'NONE', #102, #2528, #938 ) ;
#2526 = CARTESIAN_POINT ( 'NONE',  ( -36.72999999999998977, 14.51999999999999957, 13.68980200000059710 ) ) ;
#2527 = EDGE_CURVE ( 'NONE', #1817, #1024, #1739, .T. ) ;
#2528 = DIRECTION ( 'NONE',  ( -0.000000000000000000, -0.000000000000000000, -1.000000000000000000 ) ) ;
#2529 = EDGE_LOOP ( 'NONE', ( #2022, #799, #1655, #892 ) ) ;
#2530 = CARTESIAN_POINT ( 'NONE',  ( 29.60099999999876275, -54.92993218813430190, 4.984999999999979003 ) ) ;
#2531 = CARTESIAN_POINT ( 'NONE',  ( 54.92893218813452449, 44.92893218813474476, 9.189802000000597104 ) ) ;
#2532 = DIRECTION ( 'NONE',  ( 0.000000000000000000, 0.000000000000000000, -1.000000000000000000 ) ) ;
#2533 = AXIS2_PLACEMENT_3D ( 'NONE', #1240, #2045, #2002 ) ;
#2534 = EDGE_CURVE ( 'NONE', #2404, #2200, #1124, .T. ) ;
#2535 = AXIS2_PLACEMENT_3D ( 'NONE', #2062, #149, #926 ) ;
#2536 = FACE_OUTER_BOUND ( 'NONE', #2328, .T. ) ;
#2537 = VECTOR ( 'NONE', #2271, 1000.000000000000000 ) ;
#2538 = EDGE_LOOP ( 'NONE', ( #666, #761 ) ) ;
#2539 = LOCAL_TIME ( 22, 30, 7.000000000000000000, #1990 ) ;
#2540 = VERTEX_POINT ( 'NONE', #2508 ) ;
#2541 = VERTEX_POINT ( 'NONE', #1488 ) ;
#2542 = ADVANCED_FACE ( 'NONE', ( #298 ), #2083, .T. ) ;
#2543 = CARTESIAN_POINT ( 'NONE',  ( 23.16099999999876147, 50.19999999999999574, 3.534999999999978382 ) ) ;
#2544 = DIRECTION ( 'NONE',  ( 0.6558138096005761142, -0.7549226762637212262, -0.000000000000000000 ) ) ;
#2545 = ORIENTED_EDGE ( 'NONE', *, *, #544, .F. ) ;
#2546 = CARTESIAN_POINT ( 'NONE',  ( 49.00000000000000000, 44.99999999999978684, 12.18980200000059888 ) ) ;
#2547 = DIRECTION ( 'NONE',  ( -0.000000000000000000, -0.000000000000000000, 1.000000000000000000 ) ) ;
#2548 = CARTESIAN_POINT ( 'NONE',  ( -54.92893218813451028, -44.92893218813430423, 9.189802000000597104 ) ) ;
#2549 = EDGE_CURVE ( 'NONE', #2369, #1681, #4, .T. ) ;
#2550 = ADVANCED_FACE ( 'NONE', ( #699 ), #2315, .F. ) ;
#2551 = CARTESIAN_POINT ( 'NONE',  ( -40.99999999999999289, -44.99999999999980105, 12.18980200000059888 ) ) ;
#2552 = VECTOR ( 'NONE', #101, 1000.000000000000000 ) ;
#2553 = VECTOR ( 'NONE', #2468, 1000.000000000000000 ) ;
#2554 = VERTEX_POINT ( 'NONE', #313 ) ;
#2555 = VERTEX_POINT ( 'NONE', #1927 ) ;
#2556 = DIRECTION ( 'NONE',  ( -0.000000000000000000, -0.000000000000000000, 1.000000000000000000 ) ) ;
#2557 = APPROVAL_STATUS ( 'not_yet_approved' ) ;
#2558 = ORIENTED_EDGE ( 'NONE', *, *, #418, .T. ) ;
#2559 = ADVANCED_FACE ( 'NONE', ( #117 ), #920, .F. ) ;
#2560 = LINE ( 'NONE', #1753, #1179 ) ;
#2561 = LINE ( 'NONE', #779, #1697 ) ;
#2562 = DIRECTION ( 'NONE',  ( 0.000000000000000000, 1.000000000000000000, -0.000000000000000000 ) ) ;
#2563 = DIRECTION ( 'NONE',  ( 0.000000000000000000, 0.000000000000000000, -1.000000000000000000 ) ) ;
#2564 = ORIENTED_EDGE ( 'NONE', *, *, #1977, .T. ) ;
#2565 = VECTOR ( 'NONE', #1177, 1000.000000000000114 ) ;
#2566 = AXIS2_PLACEMENT_3D ( 'NONE', #2478, #1645, #1230 ) ;
#2567 = LINE ( 'NONE', #960, #1082 ) ;
#2568 = COORDINATED_UNIVERSAL_TIME_OFFSET ( 1, 0, .AHEAD. ) ;
#2569 = ORIENTED_EDGE ( 'NONE', *, *, #1401, .F. ) ;
#2570 = CARTESIAN_POINT ( 'NONE',  ( -2.770000000000000018, 27.98000000000000043, 13.18980200000059710 ) ) ;
#2571 = DIRECTION ( 'NONE',  ( -9.319789448299465144E-17, -1.000000000000000000, 0.000000000000000000 ) ) ;
#2572 = CYLINDRICAL_SURFACE ( 'NONE', #2446, 0.5000000000000004441 ) ;
#2573 = ORIENTED_EDGE ( 'NONE', *, *, #1522, .F. ) ;
#2574 = AXIS2_PLACEMENT_3D ( 'NONE', #333, #1744, #459 ) ;
#2575 = ORIENTED_EDGE ( 'NONE', *, *, #269, .T. ) ;
#2576 = VECTOR ( 'NONE', #108, 1000.000000000000000 ) ;
#2577 = CC_DESIGN_APPROVAL ( #818, ( #1282 ) ) ;
#2578 = CARTESIAN_POINT ( 'NONE',  ( 21.71099999999876573, -54.92993218813430190, 5.694999999999987850 ) ) ;
#2579 = APPLICATION_PROTOCOL_DEFINITION ( 'international standard', 'config_control_design', 1994, #794 ) ;
#2580 = ORIENTED_EDGE ( 'NONE', *, *, #1782, .T. ) ;
#2581 = ORIENTED_EDGE ( 'NONE', *, *, #2143, .T. ) ;
#2582 = CARTESIAN_POINT ( 'NONE',  ( -4.150000000000001243, 15.84999999999999964, 13.18980200000059710 ) ) ;
#2583 = DIRECTION ( 'NONE',  ( 0.000000000000000000, -1.000000000000000000, 0.000000000000000000 ) ) ;
#2584 = DIRECTION ( 'NONE',  ( -1.000000000000000000, 0.000000000000000000, 0.000000000000000000 ) ) ;
#2585 = ORIENTED_EDGE ( 'NONE', *, *, #222, .T. ) ;
#2586 = AXIS2_PLACEMENT_3D ( 'NONE', #1360, #1579, #2366 ) ;
#2587 = ORIENTED_EDGE ( 'NONE', *, *, #347, .T. ) ;
#2588 = FACE_BOUND ( 'NONE', #1172, .T. ) ;
#2589 = CARTESIAN_POINT ( 'NONE',  ( 44.99999999999999289, -45.00000000000020606, 8.189802000000597104 ) ) ;
#2590 = CARTESIAN_POINT ( 'NONE',  ( 21.71099999999876573, 50.89999999999999858, 5.694999999999987850 ) ) ;
#2591 = DATE_TIME_ROLE ( 'creation_date' ) ;
#2592 = ORIENTED_EDGE ( 'NONE', *, *, #769, .T. ) ;
#2593 = EDGE_LOOP ( 'NONE', ( #112, #114, #777, #359 ) ) ;
#2594 =( BOUNDED_CURVE ( )  B_SPLINE_CURVE ( 3, ( #1443, #192, #813, #421 ),
 .UNSPECIFIED., .F., .F. ) 
 B_SPLINE_CURVE_WITH_KNOTS ( ( 4, 4 ),
 ( 0.000000000000000000, 1.570796326794896558 ),
 .UNSPECIFIED. ) 
 CURVE ( )  GEOMETRIC_REPRESENTATION_ITEM ( )  RATIONAL_B_SPLINE_CURVE ( ( 1.000000000000000000, 0.8047378541243649375, 0.8047378541243649375, 1.000000000000000000 ) ) 
 REPRESENTATION_ITEM ( '' )  );
#2595 = EDGE_CURVE ( 'NONE', #2316, #1578, #1297, .T. ) ;
#2596 = LINE ( 'NONE', #2149, #370 ) ;
#2597 = CARTESIAN_POINT ( 'NONE',  ( 50.20000000000000284, 50.19999999999998153, 12.18980200000059888 ) ) ;
#2598 = LINE ( 'NONE', #1822, #553 ) ;
#2599 = DIRECTION ( 'NONE',  ( 1.000000000000000000, 0.000000000000000000, 0.000000000000000000 ) ) ;
#2600 = ORIENTED_EDGE ( 'NONE', *, *, #2217, .F. ) ;
#2601 = VECTOR ( 'NONE', #668, 1000.000000000000000 ) ;
#2602 = AXIS2_PLACEMENT_3D ( 'NONE', #1127, #997, #1811 ) ;
#2603 = AXIS2_PLACEMENT_3D ( 'NONE', #1061, #877, #2481 ) ;
#2604 = ADVANCED_FACE ( 'NONE', ( #285, #527 ), #326, .T. ) ;
#2605 = CARTESIAN_POINT ( 'NONE',  ( -47.34999999999999432, 44.99999999999980105, 8.189802000000597104 ) ) ;
#2606 = FACE_OUTER_BOUND ( 'NONE', #1836, .T. ) ;
#2607 = ORIENTED_EDGE ( 'NONE', *, *, #109, .T. ) ;
#2608 = EDGE_CURVE ( 'NONE', #473, #61, #1310, .T. ) ;
#2609 = ORIENTED_EDGE ( 'NONE', *, *, #1687, .T. ) ;
ENDSEC;
END-ISO-10303-21;
